-- --------------------------------------------------------
-- 主机:                           115.28.174.144
-- 服务器版本:                        5.5.42-log - MySQL Community Server (GPL)
-- 服务器操作系统:                      Linux
-- HeidiSQL 版本:                  9.3.0.4984
-- --------------------------------------------------------

/*!40101 SET @OLD_CHARACTER_SET_CLIENT=@@CHARACTER_SET_CLIENT */;
/*!40101 SET NAMES utf8mb4 */;
/*!40014 SET @OLD_FOREIGN_KEY_CHECKS=@@FOREIGN_KEY_CHECKS, FOREIGN_KEY_CHECKS=0 */;
/*!40101 SET @OLD_SQL_MODE=@@SQL_MODE, SQL_MODE='NO_AUTO_VALUE_ON_ZERO' */;

-- 导出 jfinalshop 的数据库结构
CREATE DATABASE IF NOT EXISTS `jfinalshop` /*!40100 DEFAULT CHARACTER SET utf8 */;
USE `jfinalshop`;


-- 导出  表 jfinalshop.ad 结构
CREATE TABLE IF NOT EXISTS `ad` (
  `id` bigint(20) NOT NULL AUTO_INCREMENT COMMENT '主键_id',
  `title` varchar(255) NOT NULL DEFAULT '' COMMENT '标题',
  `type` int(11) NOT NULL COMMENT '类型',
  `content` longtext COMMENT '内容',
  `ad_position_id` bigint(20) NOT NULL COMMENT '广告位',
  `path` varchar(255) DEFAULT NULL COMMENT '路径',
  `url` varchar(255) DEFAULT NULL COMMENT '链接地址',
  `begin_date` datetime DEFAULT NULL COMMENT '起始日期',
  `end_date` datetime DEFAULT NULL COMMENT '结束日期',
  `orders` int(11) DEFAULT NULL COMMENT '排序',
  `create_by` varchar(20) DEFAULT NULL COMMENT '创建人',
  `creation_date` datetime DEFAULT NULL COMMENT '创建日期',
  `last_updated_by` varchar(20) DEFAULT NULL COMMENT '最后修改人',
  `last_updated_date` datetime DEFAULT NULL COMMENT '最后修改日期',
  `delete_flag` bit(1) NOT NULL DEFAULT b'0' COMMENT '删除标记',
  PRIMARY KEY (`id`),
  KEY `FK6D301C2E947C2F5` (`ad_position_id`)
) ENGINE=InnoDB AUTO_INCREMENT=9 DEFAULT CHARSET=utf8 COMMENT='广告';

-- 正在导出表  jfinalshop.ad 的数据：~0 rows (大约)
/*!40000 ALTER TABLE `ad` DISABLE KEYS */;
/*!40000 ALTER TABLE `ad` ENABLE KEYS */;


-- 导出  表 jfinalshop.admin 结构
CREATE TABLE IF NOT EXISTS `admin` (
  `id` bigint(20) NOT NULL AUTO_INCREMENT COMMENT '主键_id',
  `name` varchar(255) NOT NULL COMMENT '姓名',
  `username` varchar(100) NOT NULL COMMENT '用户名',
  `password` varchar(255) NOT NULL COMMENT '密码',
  `hasher` varchar(200) NOT NULL COMMENT '加密类型',
  `salt` varchar(200) NOT NULL COMMENT '加密盐',
  `department` varchar(255) DEFAULT NULL COMMENT '部门',
  `email` varchar(255) NOT NULL COMMENT 'E-mail',
  `is_enabled` bit(1) NOT NULL COMMENT '是否启用',
  `is_locked` bit(1) NOT NULL COMMENT '是否锁定',
  `locked_date` datetime DEFAULT NULL COMMENT '锁定日期',
  `login_date` datetime DEFAULT NULL COMMENT '最后登录日期',
  `login_ip` varchar(255) DEFAULT NULL COMMENT '最后登录IP ',
  `login_failure_count` int(11) NOT NULL COMMENT '连续登录失败次数',
  `create_by` varchar(20) DEFAULT NULL COMMENT '创建人',
  `creation_date` datetime DEFAULT NULL COMMENT '创建日期',
  `last_updated_by` varchar(20) DEFAULT NULL COMMENT '最后修改人',
  `last_updated_date` datetime DEFAULT NULL COMMENT '最后修改日期',
  `delete_flag` bit(1) NOT NULL DEFAULT b'0' COMMENT '删除标记',
  PRIMARY KEY (`id`),
  UNIQUE KEY `username` (`username`)
) ENGINE=InnoDB AUTO_INCREMENT=765446407850164231 DEFAULT CHARSET=utf8 COMMENT='管理员';

-- 正在导出表  jfinalshop.admin 的数据：~6 rows (大约)
/*!40000 ALTER TABLE `admin` DISABLE KEYS */;
INSERT INTO `admin` (`id`, `name`, `username`, `password`, `hasher`, `salt`, `department`, `email`, `is_enabled`, `is_locked`, `locked_date`, `login_date`, `login_ip`, `login_failure_count`, `create_by`, `creation_date`, `last_updated_by`, `last_updated_date`, `delete_flag`) VALUES
	(1, '管理员', 'admin', '$shiro1$SHA-256$500000$7hYBcVHN/07DhJ0uiLoCsQ==$cb9tBLPhonHsXK2PN2mLXZg310ycvpc8Jhz2ctllMB4=\r\n', 'default_hasher', '', '技术部', 'admin@shopxx.net', b'1', b'0', NULL, '2016-07-07 09:28:31', NULL, 0, NULL, '2016-08-01 15:47:31', '管理员', '2016-10-11 10:27:40', b'0'),
	(765446407850164225, '1111', '121111', '$shiro1$SHA-256$500000$364KQ1HNOIlg5w7V/E/EDQ==$0DuT2ETmahZaZG6AxtQU6QgipZ3Kr5MT+SSHKu7VZmw=', 'default_hasher', '', NULL, '1@163.com', b'1', b'0', NULL, NULL, NULL, 0, '管理员', '2016-09-23 14:14:14', NULL, NULL, b'0'),
	(765446407850164226, '李红元', 'hycx1', '$shiro1$SHA-256$500000$zAoCmov2uKo2OBBSVN0GXQ==$6WBb2hTznyYajLehLWr+qDpecEi/lCjKdbD3kTI4yaQ=', 'default_hasher', '', NULL, 'hycx263@163.com', b'1', b'0', NULL, NULL, NULL, 0, '管理员', '2016-09-28 09:09:15', NULL, NULL, b'0'),
	(765446407850164227, '张三', 'hycx2', '$shiro1$SHA-256$500000$mB84WyUDs0+t5rPzaY5CYg==$eWrZxr2XN1gVj2C2JuFD/NydDYyKePu7AcInAqmTQrs=', 'default_hasher', '', NULL, 'hycx265@163.com', b'1', b'0', NULL, NULL, NULL, 0, '管理员', '2016-09-28 09:12:27', NULL, NULL, b'0'),
	(765446407850164228, '2222', 'hycx5', '$shiro1$SHA-256$500000$XC7t/Se82alVgKzcFoZKSg==$FhlRpd6yNwe3nl4sZZz4DpecT0wgi1IqbF1ZjocP3qQ=', 'default_hasher', '', NULL, 'hycx267@163.com', b'1', b'0', NULL, NULL, NULL, 0, '管理员', '2016-09-28 09:20:27', NULL, NULL, b'0'),
	(765446407850164230, '11', 'rwqerqwer', '$shiro1$SHA-256$500000$NBHQ/rsYvevyCFcdUNwbig==$LKlU3VicLl9+L771KQUQkbFzDIgNXmXQ9mSbo49oS0Y=', 'default_hasher', '', '11', '1231@11.com', b'1', b'0', NULL, NULL, NULL, 0, '管理员', '2016-10-10 10:49:49', NULL, NULL, b'0');
/*!40000 ALTER TABLE `admin` ENABLE KEYS */;


-- 导出  表 jfinalshop.admin_role 结构
CREATE TABLE IF NOT EXISTS `admin_role` (
  `admins` bigint(20) NOT NULL,
  `roles` bigint(20) NOT NULL COMMENT '角色',
  PRIMARY KEY (`admins`,`roles`),
  KEY `FKD291D6053FF548F7` (`roles`),
  KEY `FKD291D605A022690F` (`admins`),
  CONSTRAINT `FK_admin_role_admin` FOREIGN KEY (`admins`) REFERENCES `admin` (`id`),
  CONSTRAINT `FK_admin_role_role` FOREIGN KEY (`roles`) REFERENCES `role` (`id`)
) ENGINE=InnoDB DEFAULT CHARSET=utf8;

-- 正在导出表  jfinalshop.admin_role 的数据：~2 rows (大约)
/*!40000 ALTER TABLE `admin_role` DISABLE KEYS */;
INSERT INTO `admin_role` (`admins`, `roles`) VALUES
	(1, 1),
	(765446407850164230, 1);
/*!40000 ALTER TABLE `admin_role` ENABLE KEYS */;


-- 导出  表 jfinalshop.ad_position 结构
CREATE TABLE IF NOT EXISTS `ad_position` (
  `id` bigint(20) NOT NULL AUTO_INCREMENT COMMENT '主键_id',
  `description` varchar(255) DEFAULT NULL COMMENT '描述',
  `height` int(11) NOT NULL COMMENT '高度',
  `name` varchar(255) NOT NULL COMMENT '名称',
  `template` longtext NOT NULL COMMENT '模板',
  `width` int(11) NOT NULL COMMENT '宽度',
  `create_by` varchar(20) DEFAULT NULL COMMENT '创建人',
  `creation_date` datetime DEFAULT NULL COMMENT '创建日期',
  `last_updated_by` varchar(20) DEFAULT NULL COMMENT '最后修改人',
  `last_updated_date` datetime DEFAULT NULL COMMENT '最后修改日期',
  `delete_flag` bit(1) NOT NULL DEFAULT b'0' COMMENT '删除标记',
  PRIMARY KEY (`id`)
) ENGINE=InnoDB AUTO_INCREMENT=11 DEFAULT CHARSET=utf8 COMMENT='广告位';

-- 正在导出表  jfinalshop.ad_position 的数据：~9 rows (大约)
/*!40000 ALTER TABLE `ad_position` DISABLE KEYS */;
INSERT INTO `ad_position` (`id`, `description`, `height`, `name`, `template`, `width`, `create_by`, `creation_date`, `last_updated_by`, `last_updated_date`, `delete_flag`) VALUES
	(1, NULL, 50, '头部广告', '<div class="headerAd">\r\n	[#list adPosition.ads as ad]\r\n		[#if ad.hasBegun() && !ad.hasEnded() && ad.type == "image"]\r\n			[#if ad.url??]\r\n				<a href="${ad.url}">\r\n					<img src="${ad.path}" width="${adPosition.width}" height="${adPosition.height}" alt="${ad.title}" title="${ad.title}" />\r\n				</a>\r\n			[#else]\r\n				<img src="${ad.path}" width="${adPosition.width}" height="${adPosition.height}" alt="${ad.title}" title="${ad.title}" />\r\n			[/#if]\r\n		[/#if]\r\n	[/#list]\r\n</div>', 320, NULL, NULL, NULL, NULL, b'0'),
	(2, NULL, 52, '底部广告', '<div class="footerAd">\r\n	[#list adPosition.ads as ad]\r\n		[#if ad.hasBegun() && !ad.hasEnded() && ad.type == "image"]\r\n			[#if ad.url??]\r\n				<a href="${ad.url}">\r\n					<img src="${ad.path}" width="${adPosition.width}" height="${adPosition.height}" alt="${ad.title}" title="${ad.title}" />\r\n				</a>\r\n			[#else]\r\n				<img src="${ad.path}" width="${adPosition.width}" height="${adPosition.height}" alt="${ad.title}" title="${ad.title}" />\r\n			[/#if]\r\n		[/#if]\r\n	[/#list]\r\n</div>', 950, NULL, NULL, NULL, NULL, b'0'),
	(3, NULL, 290, '首页轮播广告', '<div id="slider" class="slider">\r\n	[#list adPosition.ads as ad]\r\n		[#if ad.hasBegun() && !ad.hasEnded() && ad.type == "image"]\r\n			[#if ad.url??]\r\n				<a href="${ad.url}">\r\n					<img src="${ad.path}" width="${adPosition.width}" height="${adPosition.height}" alt="${ad.title}" title="${ad.title}" />\r\n				</a>\r\n			[#else]\r\n				<img src="${ad.path}" width="${adPosition.width}" height="${adPosition.height}" alt="${ad.title}" title="${ad.title}" />\r\n			[/#if]\r\n		[/#if]\r\n	[/#list]\r\n</div>', 770, NULL, NULL, NULL, NULL, b'0'),
	(4, NULL, 106, '首页右侧广告', '<div class="rightAd">\r\n	[#list adPosition.ads as ad]\r\n		[#if ad.hasBegun() && !ad.hasEnded() && ad.type == "image"]\r\n			[#if ad.url??]\r\n				<a href="${ad.url}">\r\n					<img src="${ad.path}" width="${adPosition.width}" height="${adPosition.height}" alt="${ad.title}" title="${ad.title}" />\r\n				</a>\r\n			[#else]\r\n				<img src="${ad.path}" width="${adPosition.width}" height="${adPosition.height}" alt="${ad.title}" title="${ad.title}" />\r\n			[/#if]\r\n		[/#if]\r\n	[/#list]\r\n</div>', 230, NULL, NULL, NULL, NULL, b'0'),
	(5, NULL, 120, '首页中部广告', '<div class="middleAd">\r\n	[#list adPosition.ads as ad]\r\n		[#if ad.hasBegun() && !ad.hasEnded() && ad.type == "image"]\r\n			[#if ad.url??]\r\n				<a href="${ad.url}">\r\n					<img src="${ad.path}" width="${adPosition.width}" height="${adPosition.height}" alt="${ad.title}" title="${ad.title}" />\r\n				</a>\r\n			[#else]\r\n				<img src="${ad.path}" width="${adPosition.width}" height="${adPosition.height}" alt="${ad.title}" title="${ad.title}" />\r\n			[/#if]\r\n		[/#if]\r\n	[/#list]\r\n</div>', 1000, NULL, NULL, NULL, NULL, b'0'),
	(6, NULL, 343, '首页热门商品左则广告', '[#list adPosition.ads as ad]\r\n	[#if ad.hasBegun() && !ad.hasEnded() && ad.type == "image"]\r\n		[#if ad.url??]\r\n			<a href="${ad.url}">\r\n				<img src="${ad.path}" width="${adPosition.width}" height="${adPosition.height}" alt="${ad.title}" title="${ad.title}" />\r\n			</a>\r\n		[#else]\r\n			<img src="${ad.path}" width="${adPosition.width}" height="${adPosition.height}" alt="${ad.title}" title="${ad.title}" />\r\n		[/#if]\r\n	[/#if]\r\n[/#list]', 260, NULL, NULL, NULL, NULL, b'0'),
	(7, NULL, 343, '首页最新商品左则广告', '[#list adPosition.ads as ad]\r\n	[#if ad.hasBegun() && !ad.hasEnded() && ad.type == "image"]\r\n		[#if ad.url??]\r\n			<a href="${ad.url}">\r\n				<img src="${ad.path}" width="${adPosition.width}" height="${adPosition.height}" alt="${ad.title}" title="${ad.title}" />\r\n			</a>\r\n		[#else]\r\n			<img src="${ad.path}" width="${adPosition.width}" height="${adPosition.height}" alt="${ad.title}" title="${ad.title}" />\r\n		[/#if]\r\n	[/#if]\r\n[/#list]', 260, NULL, NULL, NULL, NULL, b'0'),
	(8, NULL, 300, '会员注册右侧广告', '<div class="ad">\r\n	[#list adPosition.ads as ad]\r\n		[#if ad.hasBegun() && !ad.hasEnded() && ad.type == "text"]\r\n			[#if ad.url??]\r\n				<a href="${ad.url}">\r\n					${ad.content}\r\n				</a>\r\n			[#else]\r\n				${ad.content}\r\n			[/#if]\r\n		[/#if]\r\n	[/#list]\r\n</div>', 240, NULL, NULL, NULL, NULL, b'0'),
	(9, NULL, 330, '会员登录左侧广告', '<div class="ad">\r\n	[#list adPosition.ads as ad]\r\n		[#if ad.hasBegun() && !ad.hasEnded() && ad.type == "image"]\r\n			[#if ad.url??]\r\n				<a href="${ad.url}">\r\n					<img src="${ad.path}" width="${adPosition.width}" height="${adPosition.height}" alt="${ad.title}" title="${ad.title}" />\r\n				</a>\r\n			[#else]\r\n				<img src="${ad.path}" width="${adPosition.width}" height="${adPosition.height}" alt="${ad.title}" title="${ad.title}" />\r\n			[/#if]\r\n		[/#if]\r\n	[/#list]\r\n</div>', 500, NULL, NULL, NULL, NULL, b'0');
/*!40000 ALTER TABLE `ad_position` ENABLE KEYS */;


-- 导出  表 jfinalshop.area 结构
CREATE TABLE IF NOT EXISTS `area` (
  `id` bigint(20) NOT NULL COMMENT '主键_id',
  `full_name` longtext COMMENT '全称',
  `name` varchar(100) NOT NULL COMMENT '名称',
  `tree_path` varchar(255) DEFAULT NULL COMMENT '树路径',
  `parent_id` bigint(20) DEFAULT NULL COMMENT '上级地区',
  `orders` int(11) DEFAULT NULL COMMENT '排序',
  `create_by` varchar(20) DEFAULT NULL COMMENT '创建人',
  `creation_date` datetime DEFAULT NULL COMMENT '创建日期',
  `last_updated_by` varchar(20) DEFAULT NULL COMMENT '最后修改人',
  `last_updated_date` datetime DEFAULT NULL COMMENT '最后修改日期',
  `delete_flag` bit(1) NOT NULL DEFAULT b'0' COMMENT '删除标记',
  PRIMARY KEY (`id`),
  KEY `FK9E19DA6CFE1E12FB` (`parent_id`)
) ENGINE=InnoDB DEFAULT CHARSET=utf8 COMMENT='地区';

-- 正在导出表  jfinalshop.area 的数据：~3,521 rows (大约)
/*!40000 ALTER TABLE `area` DISABLE KEYS */;
INSERT INTO `area` (`id`, `full_name`, `name`, `tree_path`, `parent_id`, `orders`, `create_by`, `creation_date`, `last_updated_by`, `last_updated_date`, `delete_flag`) VALUES
	(1, NULL, '北京市', ',', NULL, NULL, NULL, NULL, '管理员', '2016-09-29 17:54:22', b'0'),
	(4, '北京市朝阳区', '朝阳区', ',1,', 1, NULL, NULL, NULL, NULL, NULL, b'0'),
	(5, '北京市丰台区', '丰台区', ',1,', 1, NULL, NULL, NULL, NULL, NULL, b'0'),
	(6, '北京市石景山区', '石景山区', ',1,', 1, NULL, NULL, NULL, NULL, NULL, b'0'),
	(7, '北京市海淀区', '海淀区', ',1,', 1, NULL, NULL, NULL, NULL, NULL, b'0'),
	(8, '北京市门头沟区', '门头沟区', ',1,', 1, NULL, NULL, NULL, NULL, NULL, b'0'),
	(9, '北京市房山区', '房山区', ',1,', 1, NULL, NULL, NULL, NULL, NULL, b'0'),
	(10, '北京市通州区', '通州区', ',1,', 1, NULL, NULL, NULL, NULL, NULL, b'0'),
	(11, '北京市顺义区', '顺义区', ',1,', 1, NULL, NULL, NULL, NULL, NULL, b'0'),
	(12, '北京市昌平区', '昌平区', ',1,', 1, NULL, NULL, NULL, NULL, NULL, b'0'),
	(13, '北京市大兴区', '大兴区', ',1,', 1, NULL, NULL, NULL, NULL, NULL, b'0'),
	(14, '北京市怀柔区', '怀柔区', ',1,', 1, NULL, NULL, NULL, NULL, NULL, b'0'),
	(15, '北京市平谷区', '平谷区', ',1,', 1, NULL, NULL, NULL, NULL, NULL, b'0'),
	(16, '北京市密云县', '密云县', ',1,', 1, NULL, NULL, NULL, NULL, NULL, b'0'),
	(17, '北京市延庆县', '延庆县', ',1,', 1, NULL, NULL, NULL, NULL, NULL, b'0'),
	(18, '天津市', '天津市', ',', NULL, NULL, NULL, NULL, NULL, NULL, b'0'),
	(19, '天津市和平区', '和平区', ',18,', 18, NULL, NULL, NULL, NULL, NULL, b'0'),
	(20, '天津市河东区', '河东区', ',18,', 18, NULL, NULL, NULL, NULL, NULL, b'0'),
	(21, '天津市河西区', '河西区', ',18,', 18, NULL, NULL, NULL, NULL, NULL, b'0'),
	(22, '天津市南开区', '南开区', ',18,', 18, NULL, NULL, NULL, NULL, NULL, b'0'),
	(23, '天津市河北区', '河北区', ',18,', 18, NULL, NULL, NULL, NULL, NULL, b'0'),
	(24, '天津市红桥区', '红桥区', ',18,', 18, NULL, NULL, NULL, NULL, NULL, b'0'),
	(25, '天津市东丽区', '东丽区', ',18,', 18, NULL, NULL, NULL, NULL, NULL, b'0'),
	(26, '天津市西青区', '西青区', ',18,', 18, NULL, NULL, NULL, NULL, NULL, b'0'),
	(27, '天津市津南区', '津南区', ',18,', 18, NULL, NULL, NULL, NULL, NULL, b'0'),
	(28, '天津市北辰区', '北辰区', ',18,', 18, NULL, NULL, NULL, NULL, NULL, b'0'),
	(29, '天津市武清区', '武清区', ',18,', 18, NULL, NULL, NULL, NULL, NULL, b'0'),
	(30, '天津市宝坻区', '宝坻区', ',18,', 18, NULL, NULL, NULL, NULL, NULL, b'0'),
	(31, '天津市滨海新区', '滨海新区', ',18,', 18, NULL, NULL, NULL, NULL, NULL, b'0'),
	(32, '天津市宁河县', '宁河县', ',18,', 18, NULL, NULL, NULL, NULL, NULL, b'0'),
	(33, '天津市静海县', '静海县', ',18,', 18, NULL, NULL, NULL, NULL, NULL, b'0'),
	(34, '天津市蓟县', '蓟县', ',18,', 18, NULL, NULL, NULL, NULL, NULL, b'0'),
	(35, '河北省', '河北省', ',', NULL, NULL, NULL, NULL, NULL, NULL, b'0'),
	(36, '河北省石家庄市', '石家庄市', ',35,', 35, NULL, NULL, NULL, NULL, NULL, b'0'),
	(37, '河北省石家庄市长安区', '长安区', ',35,36,', 36, NULL, NULL, NULL, NULL, NULL, b'0'),
	(38, '河北省石家庄市桥东区', '桥东区', ',35,36,', 36, NULL, NULL, NULL, NULL, NULL, b'0'),
	(39, '河北省石家庄市桥西区', '桥西区', ',35,36,', 36, NULL, NULL, NULL, NULL, NULL, b'0'),
	(40, '河北省石家庄市新华区', '新华区', ',35,36,', 36, NULL, NULL, NULL, NULL, NULL, b'0'),
	(41, '河北省石家庄市井陉矿区', '井陉矿区', ',35,36,', 36, NULL, NULL, NULL, NULL, NULL, b'0'),
	(42, '河北省石家庄市裕华区', '裕华区', ',35,36,', 36, NULL, NULL, NULL, NULL, NULL, b'0'),
	(43, '河北省石家庄市井陉县', '井陉县', ',35,36,', 36, NULL, NULL, NULL, NULL, NULL, b'0'),
	(44, '河北省石家庄市正定县', '正定县', ',35,36,', 36, NULL, NULL, NULL, NULL, NULL, b'0'),
	(45, '河北省石家庄市栾城县', '栾城县', ',35,36,', 36, NULL, NULL, NULL, NULL, NULL, b'0'),
	(46, '河北省石家庄市行唐县', '行唐县', ',35,36,', 36, NULL, NULL, NULL, NULL, NULL, b'0'),
	(47, '河北省石家庄市灵寿县', '灵寿县', ',35,36,', 36, NULL, NULL, NULL, NULL, NULL, b'0'),
	(48, '河北省石家庄市高邑县', '高邑县', ',35,36,', 36, NULL, NULL, NULL, NULL, NULL, b'0'),
	(49, '河北省石家庄市深泽县', '深泽县', ',35,36,', 36, NULL, NULL, NULL, NULL, NULL, b'0'),
	(50, '河北省石家庄市赞皇县', '赞皇县', ',35,36,', 36, NULL, NULL, NULL, NULL, NULL, b'0'),
	(51, '河北省石家庄市无极县', '无极县', ',35,36,', 36, NULL, NULL, NULL, NULL, NULL, b'0'),
	(52, '河北省石家庄市平山县', '平山县', ',35,36,', 36, NULL, NULL, NULL, NULL, NULL, b'0'),
	(53, '河北省石家庄市元氏县', '元氏县', ',35,36,', 36, NULL, NULL, NULL, NULL, NULL, b'0'),
	(54, '河北省石家庄市赵县', '赵县', ',35,36,', 36, NULL, NULL, NULL, NULL, NULL, b'0'),
	(55, '河北省石家庄市辛集市', '辛集市', ',35,36,', 36, NULL, NULL, NULL, NULL, NULL, b'0'),
	(56, '河北省石家庄市藁城市', '藁城市', ',35,36,', 36, NULL, NULL, NULL, NULL, NULL, b'0'),
	(57, '河北省石家庄市晋州市', '晋州市', ',35,36,', 36, NULL, NULL, NULL, NULL, NULL, b'0'),
	(58, '河北省石家庄市新乐市', '新乐市', ',35,36,', 36, NULL, NULL, NULL, NULL, NULL, b'0'),
	(59, '河北省石家庄市鹿泉市', '鹿泉市', ',35,36,', 36, NULL, NULL, NULL, NULL, NULL, b'0'),
	(60, '河北省唐山市', '唐山市', ',35,', 35, NULL, NULL, NULL, NULL, NULL, b'0'),
	(61, '河北省唐山市路南区', '路南区', ',35,60,', 60, NULL, NULL, NULL, NULL, NULL, b'0'),
	(62, '河北省唐山市路北区', '路北区', ',35,60,', 60, NULL, NULL, NULL, NULL, NULL, b'0'),
	(63, '河北省唐山市古冶区', '古冶区', ',35,60,', 60, NULL, NULL, NULL, NULL, NULL, b'0'),
	(64, '河北省唐山市开平区', '开平区', ',35,60,', 60, NULL, NULL, NULL, NULL, NULL, b'0'),
	(65, '河北省唐山市丰南区', '丰南区', ',35,60,', 60, NULL, NULL, NULL, NULL, NULL, b'0'),
	(66, '河北省唐山市丰润区', '丰润区', ',35,60,', 60, NULL, NULL, NULL, NULL, NULL, b'0'),
	(67, '河北省唐山市曹妃甸区', '曹妃甸区', ',35,60,', 60, NULL, NULL, NULL, NULL, NULL, b'0'),
	(68, '河北省唐山市滦县', '滦县', ',35,60,', 60, NULL, NULL, NULL, NULL, NULL, b'0'),
	(69, '河北省唐山市滦南县', '滦南县', ',35,60,', 60, NULL, NULL, NULL, NULL, NULL, b'0'),
	(70, '河北省唐山市乐亭县', '乐亭县', ',35,60,', 60, NULL, NULL, NULL, NULL, NULL, b'0'),
	(71, '河北省唐山市迁西县', '迁西县', ',35,60,', 60, NULL, NULL, NULL, NULL, NULL, b'0'),
	(72, '河北省唐山市玉田县', '玉田县', ',35,60,', 60, NULL, NULL, NULL, NULL, NULL, b'0'),
	(73, '河北省唐山市遵化市', '遵化市', ',35,60,', 60, NULL, NULL, NULL, NULL, NULL, b'0'),
	(74, '河北省唐山市迁安市', '迁安市', ',35,60,', 60, NULL, NULL, NULL, NULL, NULL, b'0'),
	(75, '河北省秦皇岛市', '秦皇岛市', ',35,', 35, NULL, NULL, NULL, NULL, NULL, b'0'),
	(76, '河北省秦皇岛市海港区', '海港区', ',35,75,', 75, NULL, NULL, NULL, NULL, NULL, b'0'),
	(77, '河北省秦皇岛市山海关区', '山海关区', ',35,75,', 75, NULL, NULL, NULL, NULL, NULL, b'0'),
	(78, '河北省秦皇岛市北戴河区', '北戴河区', ',35,75,', 75, NULL, NULL, NULL, NULL, NULL, b'0'),
	(79, '河北省秦皇岛市青龙满族自治县', '青龙满族自治县', ',35,75,', 75, NULL, NULL, NULL, NULL, NULL, b'0'),
	(80, '河北省秦皇岛市昌黎县', '昌黎县', ',35,75,', 75, NULL, NULL, NULL, NULL, NULL, b'0'),
	(81, '河北省秦皇岛市抚宁县', '抚宁县', ',35,75,', 75, NULL, NULL, NULL, NULL, NULL, b'0'),
	(82, '河北省秦皇岛市卢龙县', '卢龙县', ',35,75,', 75, NULL, NULL, NULL, NULL, NULL, b'0'),
	(83, '河北省邯郸市', '邯郸市', ',35,', 35, NULL, NULL, NULL, NULL, NULL, b'0'),
	(84, '河北省邯郸市邯山区', '邯山区', ',35,83,', 83, NULL, NULL, NULL, NULL, NULL, b'0'),
	(85, '河北省邯郸市丛台区', '丛台区', ',35,83,', 83, NULL, NULL, NULL, NULL, NULL, b'0'),
	(86, '河北省邯郸市复兴区', '复兴区', ',35,83,', 83, NULL, NULL, NULL, NULL, NULL, b'0'),
	(87, '河北省邯郸市峰峰矿区', '峰峰矿区', ',35,83,', 83, NULL, NULL, NULL, NULL, NULL, b'0'),
	(88, '河北省邯郸市邯郸县', '邯郸县', ',35,83,', 83, NULL, NULL, NULL, NULL, NULL, b'0'),
	(89, '河北省邯郸市临漳县', '临漳县', ',35,83,', 83, NULL, NULL, NULL, NULL, NULL, b'0'),
	(90, '河北省邯郸市成安县', '成安县', ',35,83,', 83, NULL, NULL, NULL, NULL, NULL, b'0'),
	(91, '河北省邯郸市大名县', '大名县', ',35,83,', 83, NULL, NULL, NULL, NULL, NULL, b'0'),
	(92, '河北省邯郸市涉县', '涉县', ',35,83,', 83, NULL, NULL, NULL, NULL, NULL, b'0'),
	(93, '河北省邯郸市磁县', '磁县', ',35,83,', 83, NULL, NULL, NULL, NULL, NULL, b'0'),
	(94, '河北省邯郸市肥乡县', '肥乡县', ',35,83,', 83, NULL, NULL, NULL, NULL, NULL, b'0'),
	(95, '河北省邯郸市永年县', '永年县', ',35,83,', 83, NULL, NULL, NULL, NULL, NULL, b'0'),
	(96, '河北省邯郸市邱县', '邱县', ',35,83,', 83, NULL, NULL, NULL, NULL, NULL, b'0'),
	(97, '河北省邯郸市鸡泽县', '鸡泽县', ',35,83,', 83, NULL, NULL, NULL, NULL, NULL, b'0'),
	(98, '河北省邯郸市广平县', '广平县', ',35,83,', 83, NULL, NULL, NULL, NULL, NULL, b'0'),
	(99, '河北省邯郸市馆陶县', '馆陶县', ',35,83,', 83, NULL, NULL, NULL, NULL, NULL, b'0'),
	(100, '河北省邯郸市魏县', '魏县', ',35,83,', 83, NULL, NULL, NULL, NULL, NULL, b'0'),
	(101, '河北省邯郸市曲周县', '曲周县', ',35,83,', 83, NULL, NULL, NULL, NULL, NULL, b'0'),
	(102, '河北省邯郸市武安市', '武安市', ',35,83,', 83, NULL, NULL, NULL, NULL, NULL, b'0'),
	(103, '河北省邢台市', '邢台市', ',35,', 35, NULL, NULL, NULL, NULL, NULL, b'0'),
	(104, '河北省邢台市桥东区', '桥东区', ',35,103,', 103, NULL, NULL, NULL, NULL, NULL, b'0'),
	(105, '河北省邢台市桥西区', '桥西区', ',35,103,', 103, NULL, NULL, NULL, NULL, NULL, b'0'),
	(106, '河北省邢台市邢台县', '邢台县', ',35,103,', 103, NULL, NULL, NULL, NULL, NULL, b'0'),
	(107, '河北省邢台市临城县', '临城县', ',35,103,', 103, NULL, NULL, NULL, NULL, NULL, b'0'),
	(108, '河北省邢台市内丘县', '内丘县', ',35,103,', 103, NULL, NULL, NULL, NULL, NULL, b'0'),
	(109, '河北省邢台市柏乡县', '柏乡县', ',35,103,', 103, NULL, NULL, NULL, NULL, NULL, b'0'),
	(110, '河北省邢台市隆尧县', '隆尧县', ',35,103,', 103, NULL, NULL, NULL, NULL, NULL, b'0'),
	(111, '河北省邢台市任县', '任县', ',35,103,', 103, NULL, NULL, NULL, NULL, NULL, b'0'),
	(112, '河北省邢台市南和县', '南和县', ',35,103,', 103, NULL, NULL, NULL, NULL, NULL, b'0'),
	(113, '河北省邢台市宁晋县', '宁晋县', ',35,103,', 103, NULL, NULL, NULL, NULL, NULL, b'0'),
	(114, '河北省邢台市巨鹿县', '巨鹿县', ',35,103,', 103, NULL, NULL, NULL, NULL, NULL, b'0'),
	(115, '河北省邢台市新河县', '新河县', ',35,103,', 103, NULL, NULL, NULL, NULL, NULL, b'0'),
	(116, '河北省邢台市广宗县', '广宗县', ',35,103,', 103, NULL, NULL, NULL, NULL, NULL, b'0'),
	(117, '河北省邢台市平乡县', '平乡县', ',35,103,', 103, NULL, NULL, NULL, NULL, NULL, b'0'),
	(118, '河北省邢台市威县', '威县', ',35,103,', 103, NULL, NULL, NULL, NULL, NULL, b'0'),
	(119, '河北省邢台市清河县', '清河县', ',35,103,', 103, NULL, NULL, NULL, NULL, NULL, b'0'),
	(120, '河北省邢台市临西县', '临西县', ',35,103,', 103, NULL, NULL, NULL, NULL, NULL, b'0'),
	(121, '河北省邢台市南宫市', '南宫市', ',35,103,', 103, NULL, NULL, NULL, NULL, NULL, b'0'),
	(122, '河北省邢台市沙河市', '沙河市', ',35,103,', 103, NULL, NULL, NULL, NULL, NULL, b'0'),
	(123, '河北省保定市', '保定市', ',35,', 35, NULL, NULL, NULL, NULL, NULL, b'0'),
	(124, '河北省保定市新市区', '新市区', ',35,123,', 123, NULL, NULL, NULL, NULL, NULL, b'0'),
	(125, '河北省保定市北市区', '北市区', ',35,123,', 123, NULL, NULL, NULL, NULL, NULL, b'0'),
	(126, '河北省保定市南市区', '南市区', ',35,123,', 123, NULL, NULL, NULL, NULL, NULL, b'0'),
	(127, '河北省保定市满城县', '满城县', ',35,123,', 123, NULL, NULL, NULL, NULL, NULL, b'0'),
	(128, '河北省保定市清苑县', '清苑县', ',35,123,', 123, NULL, NULL, NULL, NULL, NULL, b'0'),
	(129, '河北省保定市涞水县', '涞水县', ',35,123,', 123, NULL, NULL, NULL, NULL, NULL, b'0'),
	(130, '河北省保定市阜平县', '阜平县', ',35,123,', 123, NULL, NULL, NULL, NULL, NULL, b'0'),
	(131, '河北省保定市徐水县', '徐水县', ',35,123,', 123, NULL, NULL, NULL, NULL, NULL, b'0'),
	(132, '河北省保定市定兴县', '定兴县', ',35,123,', 123, NULL, NULL, NULL, NULL, NULL, b'0'),
	(133, '河北省保定市唐县', '唐县', ',35,123,', 123, NULL, NULL, NULL, NULL, NULL, b'0'),
	(134, '河北省保定市高阳县', '高阳县', ',35,123,', 123, NULL, NULL, NULL, NULL, NULL, b'0'),
	(135, '河北省保定市容城县', '容城县', ',35,123,', 123, NULL, NULL, NULL, NULL, NULL, b'0'),
	(136, '河北省保定市涞源县', '涞源县', ',35,123,', 123, NULL, NULL, NULL, NULL, NULL, b'0'),
	(137, '河北省保定市望都县', '望都县', ',35,123,', 123, NULL, NULL, NULL, NULL, NULL, b'0'),
	(138, '河北省保定市安新县', '安新县', ',35,123,', 123, NULL, NULL, NULL, NULL, NULL, b'0'),
	(139, '河北省保定市易县', '易县', ',35,123,', 123, NULL, NULL, NULL, NULL, NULL, b'0'),
	(140, '河北省保定市曲阳县', '曲阳县', ',35,123,', 123, NULL, NULL, NULL, NULL, NULL, b'0'),
	(141, '河北省保定市蠡县', '蠡县', ',35,123,', 123, NULL, NULL, NULL, NULL, NULL, b'0'),
	(142, '河北省保定市顺平县', '顺平县', ',35,123,', 123, NULL, NULL, NULL, NULL, NULL, b'0'),
	(143, '河北省保定市博野县', '博野县', ',35,123,', 123, NULL, NULL, NULL, NULL, NULL, b'0'),
	(144, '河北省保定市雄县', '雄县', ',35,123,', 123, NULL, NULL, NULL, NULL, NULL, b'0'),
	(145, '河北省保定市涿州市', '涿州市', ',35,123,', 123, NULL, NULL, NULL, NULL, NULL, b'0'),
	(146, '河北省保定市定州市', '定州市', ',35,123,', 123, NULL, NULL, NULL, NULL, NULL, b'0'),
	(147, '河北省保定市安国市', '安国市', ',35,123,', 123, NULL, NULL, NULL, NULL, NULL, b'0'),
	(148, '河北省保定市高碑店市', '高碑店市', ',35,123,', 123, NULL, NULL, NULL, NULL, NULL, b'0'),
	(149, '河北省张家口市', '张家口市', ',35,', 35, NULL, NULL, NULL, NULL, NULL, b'0'),
	(150, '河北省张家口市桥东区', '桥东区', ',35,149,', 149, NULL, NULL, NULL, NULL, NULL, b'0'),
	(151, '河北省张家口市桥西区', '桥西区', ',35,149,', 149, NULL, NULL, NULL, NULL, NULL, b'0'),
	(152, '河北省张家口市宣化区', '宣化区', ',35,149,', 149, NULL, NULL, NULL, NULL, NULL, b'0'),
	(153, '河北省张家口市下花园区', '下花园区', ',35,149,', 149, NULL, NULL, NULL, NULL, NULL, b'0'),
	(154, '河北省张家口市宣化县', '宣化县', ',35,149,', 149, NULL, NULL, NULL, NULL, NULL, b'0'),
	(155, '河北省张家口市张北县', '张北县', ',35,149,', 149, NULL, NULL, NULL, NULL, NULL, b'0'),
	(156, '河北省张家口市康保县', '康保县', ',35,149,', 149, NULL, NULL, NULL, NULL, NULL, b'0'),
	(157, '河北省张家口市沽源县', '沽源县', ',35,149,', 149, NULL, NULL, NULL, NULL, NULL, b'0'),
	(158, '河北省张家口市尚义县', '尚义县', ',35,149,', 149, NULL, NULL, NULL, NULL, NULL, b'0'),
	(159, '河北省张家口市蔚县', '蔚县', ',35,149,', 149, NULL, NULL, NULL, NULL, NULL, b'0'),
	(160, '河北省张家口市阳原县', '阳原县', ',35,149,', 149, NULL, NULL, NULL, NULL, NULL, b'0'),
	(161, '河北省张家口市怀安县', '怀安县', ',35,149,', 149, NULL, NULL, NULL, NULL, NULL, b'0'),
	(162, '河北省张家口市万全县', '万全县', ',35,149,', 149, NULL, NULL, NULL, NULL, NULL, b'0'),
	(163, '河北省张家口市怀来县', '怀来县', ',35,149,', 149, NULL, NULL, NULL, NULL, NULL, b'0'),
	(164, '河北省张家口市涿鹿县', '涿鹿县', ',35,149,', 149, NULL, NULL, NULL, NULL, NULL, b'0'),
	(165, '河北省张家口市赤城县', '赤城县', ',35,149,', 149, NULL, NULL, NULL, NULL, NULL, b'0'),
	(166, '河北省张家口市崇礼县', '崇礼县', ',35,149,', 149, NULL, NULL, NULL, NULL, NULL, b'0'),
	(167, '河北省承德市', '承德市', ',35,', 35, NULL, NULL, NULL, NULL, NULL, b'0'),
	(168, '河北省承德市双桥区', '双桥区', ',35,167,', 167, NULL, NULL, NULL, NULL, NULL, b'0'),
	(169, '河北省承德市双滦区', '双滦区', ',35,167,', 167, NULL, NULL, NULL, NULL, NULL, b'0'),
	(170, '河北省承德市鹰手营子矿区', '鹰手营子矿区', ',35,167,', 167, NULL, NULL, NULL, NULL, NULL, b'0'),
	(171, '河北省承德市承德县', '承德县', ',35,167,', 167, NULL, NULL, NULL, NULL, NULL, b'0'),
	(172, '河北省承德市兴隆县', '兴隆县', ',35,167,', 167, NULL, NULL, NULL, NULL, NULL, b'0'),
	(173, '河北省承德市平泉县', '平泉县', ',35,167,', 167, NULL, NULL, NULL, NULL, NULL, b'0'),
	(174, '河北省承德市滦平县', '滦平县', ',35,167,', 167, NULL, NULL, NULL, NULL, NULL, b'0'),
	(175, '河北省承德市隆化县', '隆化县', ',35,167,', 167, NULL, NULL, NULL, NULL, NULL, b'0'),
	(176, '河北省承德市丰宁满族自治县', '丰宁满族自治县', ',35,167,', 167, NULL, NULL, NULL, NULL, NULL, b'0'),
	(177, '河北省承德市宽城满族自治县', '宽城满族自治县', ',35,167,', 167, NULL, NULL, NULL, NULL, NULL, b'0'),
	(178, '河北省承德市围场满族蒙古族自治县', '围场满族蒙古族自治县', ',35,167,', 167, NULL, NULL, NULL, NULL, NULL, b'0'),
	(179, '河北省沧州市', '沧州市', ',35,', 35, NULL, NULL, NULL, NULL, NULL, b'0'),
	(180, '河北省沧州市新华区', '新华区', ',35,179,', 179, NULL, NULL, NULL, NULL, NULL, b'0'),
	(181, '河北省沧州市运河区', '运河区', ',35,179,', 179, NULL, NULL, NULL, NULL, NULL, b'0'),
	(182, '河北省沧州市沧县', '沧县', ',35,179,', 179, NULL, NULL, NULL, NULL, NULL, b'0'),
	(183, '河北省沧州市青县', '青县', ',35,179,', 179, NULL, NULL, NULL, NULL, NULL, b'0'),
	(184, '河北省沧州市东光县', '东光县', ',35,179,', 179, NULL, NULL, NULL, NULL, NULL, b'0'),
	(185, '河北省沧州市海兴县', '海兴县', ',35,179,', 179, NULL, NULL, NULL, NULL, NULL, b'0'),
	(186, '河北省沧州市盐山县', '盐山县', ',35,179,', 179, NULL, NULL, NULL, NULL, NULL, b'0'),
	(187, '河北省沧州市肃宁县', '肃宁县', ',35,179,', 179, NULL, NULL, NULL, NULL, NULL, b'0'),
	(188, '河北省沧州市南皮县', '南皮县', ',35,179,', 179, NULL, NULL, NULL, NULL, NULL, b'0'),
	(189, '河北省沧州市吴桥县', '吴桥县', ',35,179,', 179, NULL, NULL, NULL, NULL, NULL, b'0'),
	(190, '河北省沧州市献县', '献县', ',35,179,', 179, NULL, NULL, NULL, NULL, NULL, b'0'),
	(191, '河北省沧州市孟村回族自治县', '孟村回族自治县', ',35,179,', 179, NULL, NULL, NULL, NULL, NULL, b'0'),
	(192, '河北省沧州市泊头市', '泊头市', ',35,179,', 179, NULL, NULL, NULL, NULL, NULL, b'0'),
	(193, '河北省沧州市任丘市', '任丘市', ',35,179,', 179, NULL, NULL, NULL, NULL, NULL, b'0'),
	(194, '河北省沧州市黄骅市', '黄骅市', ',35,179,', 179, NULL, NULL, NULL, NULL, NULL, b'0'),
	(195, '河北省沧州市河间市', '河间市', ',35,179,', 179, NULL, NULL, NULL, NULL, NULL, b'0'),
	(196, '河北省廊坊市', '廊坊市', ',35,', 35, NULL, NULL, NULL, NULL, NULL, b'0'),
	(197, '河北省廊坊市安次区', '安次区', ',35,196,', 196, NULL, NULL, NULL, NULL, NULL, b'0'),
	(198, '河北省廊坊市广阳区', '广阳区', ',35,196,', 196, NULL, NULL, NULL, NULL, NULL, b'0'),
	(199, '河北省廊坊市固安县', '固安县', ',35,196,', 196, NULL, NULL, NULL, NULL, NULL, b'0'),
	(200, '河北省廊坊市永清县', '永清县', ',35,196,', 196, NULL, NULL, NULL, NULL, NULL, b'0'),
	(201, '河北省廊坊市香河县', '香河县', ',35,196,', 196, NULL, NULL, NULL, NULL, NULL, b'0'),
	(202, '河北省廊坊市大城县', '大城县', ',35,196,', 196, NULL, NULL, NULL, NULL, NULL, b'0'),
	(203, '河北省廊坊市文安县', '文安县', ',35,196,', 196, NULL, NULL, NULL, NULL, NULL, b'0'),
	(204, '河北省廊坊市大厂回族自治县', '大厂回族自治县', ',35,196,', 196, NULL, NULL, NULL, NULL, NULL, b'0'),
	(205, '河北省廊坊市霸州市', '霸州市', ',35,196,', 196, NULL, NULL, NULL, NULL, NULL, b'0'),
	(206, '河北省廊坊市三河市', '三河市', ',35,196,', 196, NULL, NULL, NULL, NULL, NULL, b'0'),
	(207, '河北省衡水市', '衡水市', ',35,', 35, NULL, NULL, NULL, NULL, NULL, b'0'),
	(208, '河北省衡水市桃城区', '桃城区', ',35,207,', 207, NULL, NULL, NULL, NULL, NULL, b'0'),
	(209, '河北省衡水市枣强县', '枣强县', ',35,207,', 207, NULL, NULL, NULL, NULL, NULL, b'0'),
	(210, '河北省衡水市武邑县', '武邑县', ',35,207,', 207, NULL, NULL, NULL, NULL, NULL, b'0'),
	(211, '河北省衡水市武强县', '武强县', ',35,207,', 207, NULL, NULL, NULL, NULL, NULL, b'0'),
	(212, '河北省衡水市饶阳县', '饶阳县', ',35,207,', 207, NULL, NULL, NULL, NULL, NULL, b'0'),
	(213, '河北省衡水市安平县', '安平县', ',35,207,', 207, NULL, NULL, NULL, NULL, NULL, b'0'),
	(214, '河北省衡水市故城县', '故城县', ',35,207,', 207, NULL, NULL, NULL, NULL, NULL, b'0'),
	(215, '河北省衡水市景县', '景县', ',35,207,', 207, NULL, NULL, NULL, NULL, NULL, b'0'),
	(216, '河北省衡水市阜城县', '阜城县', ',35,207,', 207, NULL, NULL, NULL, NULL, NULL, b'0'),
	(217, '河北省衡水市冀州市', '冀州市', ',35,207,', 207, NULL, NULL, NULL, NULL, NULL, b'0'),
	(218, '河北省衡水市深州市', '深州市', ',35,207,', 207, NULL, NULL, NULL, NULL, NULL, b'0'),
	(219, '山西省', '山西省', ',', NULL, NULL, NULL, NULL, NULL, NULL, b'0'),
	(220, '山西省太原市', '太原市', ',219,', 219, NULL, NULL, NULL, NULL, NULL, b'0'),
	(221, '山西省太原市小店区', '小店区', ',219,220,', 220, NULL, NULL, NULL, NULL, NULL, b'0'),
	(222, '山西省太原市迎泽区', '迎泽区', ',219,220,', 220, NULL, NULL, NULL, NULL, NULL, b'0'),
	(223, '山西省太原市杏花岭区', '杏花岭区', ',219,220,', 220, NULL, NULL, NULL, NULL, NULL, b'0'),
	(224, '山西省太原市尖草坪区', '尖草坪区', ',219,220,', 220, NULL, NULL, NULL, NULL, NULL, b'0'),
	(225, '山西省太原市万柏林区', '万柏林区', ',219,220,', 220, NULL, NULL, NULL, NULL, NULL, b'0'),
	(226, '山西省太原市晋源区', '晋源区', ',219,220,', 220, NULL, NULL, NULL, NULL, NULL, b'0'),
	(227, '山西省太原市清徐县', '清徐县', ',219,220,', 220, NULL, NULL, NULL, NULL, NULL, b'0'),
	(228, '山西省太原市阳曲县', '阳曲县', ',219,220,', 220, NULL, NULL, NULL, NULL, NULL, b'0'),
	(229, '山西省太原市娄烦县', '娄烦县', ',219,220,', 220, NULL, NULL, NULL, NULL, NULL, b'0'),
	(230, '山西省太原市古交市', '古交市', ',219,220,', 220, NULL, NULL, NULL, NULL, NULL, b'0'),
	(231, '山西省大同市', '大同市', ',219,', 219, NULL, NULL, NULL, NULL, NULL, b'0'),
	(232, '山西省大同市城区', '城区', ',219,231,', 231, NULL, NULL, NULL, NULL, NULL, b'0'),
	(233, '山西省大同市矿区', '矿区', ',219,231,', 231, NULL, NULL, NULL, NULL, NULL, b'0'),
	(234, '山西省大同市南郊区', '南郊区', ',219,231,', 231, NULL, NULL, NULL, NULL, NULL, b'0'),
	(235, '山西省大同市新荣区', '新荣区', ',219,231,', 231, NULL, NULL, NULL, NULL, NULL, b'0'),
	(236, '山西省大同市阳高县', '阳高县', ',219,231,', 231, NULL, NULL, NULL, NULL, NULL, b'0'),
	(237, '山西省大同市天镇县', '天镇县', ',219,231,', 231, NULL, NULL, NULL, NULL, NULL, b'0'),
	(238, '山西省大同市广灵县', '广灵县', ',219,231,', 231, NULL, NULL, NULL, NULL, NULL, b'0'),
	(239, '山西省大同市灵丘县', '灵丘县', ',219,231,', 231, NULL, NULL, NULL, NULL, NULL, b'0'),
	(240, '山西省大同市浑源县', '浑源县', ',219,231,', 231, NULL, NULL, NULL, NULL, NULL, b'0'),
	(241, '山西省大同市左云县', '左云县', ',219,231,', 231, NULL, NULL, NULL, NULL, NULL, b'0'),
	(242, '山西省大同市大同县', '大同县', ',219,231,', 231, NULL, NULL, NULL, NULL, NULL, b'0'),
	(243, '山西省阳泉市', '阳泉市', ',219,', 219, NULL, NULL, NULL, NULL, NULL, b'0'),
	(244, '山西省阳泉市城区', '城区', ',219,243,', 243, NULL, NULL, NULL, NULL, NULL, b'0'),
	(245, '山西省阳泉市矿区', '矿区', ',219,243,', 243, NULL, NULL, NULL, NULL, NULL, b'0'),
	(246, '山西省阳泉市郊区', '郊区', ',219,243,', 243, NULL, NULL, NULL, NULL, NULL, b'0'),
	(247, '山西省阳泉市平定县', '平定县', ',219,243,', 243, NULL, NULL, NULL, NULL, NULL, b'0'),
	(248, '山西省阳泉市盂县', '盂县', ',219,243,', 243, NULL, NULL, NULL, NULL, NULL, b'0'),
	(249, '山西省长治市', '长治市', ',219,', 219, NULL, NULL, NULL, NULL, NULL, b'0'),
	(250, '山西省长治市城区', '城区', ',219,249,', 249, NULL, NULL, NULL, NULL, NULL, b'0'),
	(251, '山西省长治市郊区', '郊区', ',219,249,', 249, NULL, NULL, NULL, NULL, NULL, b'0'),
	(252, '山西省长治市长治县', '长治县', ',219,249,', 249, NULL, NULL, NULL, NULL, NULL, b'0'),
	(253, '山西省长治市襄垣县', '襄垣县', ',219,249,', 249, NULL, NULL, NULL, NULL, NULL, b'0'),
	(254, '山西省长治市屯留县', '屯留县', ',219,249,', 249, NULL, NULL, NULL, NULL, NULL, b'0'),
	(255, '山西省长治市平顺县', '平顺县', ',219,249,', 249, NULL, NULL, NULL, NULL, NULL, b'0'),
	(256, '山西省长治市黎城县', '黎城县', ',219,249,', 249, NULL, NULL, NULL, NULL, NULL, b'0'),
	(257, '山西省长治市壶关县', '壶关县', ',219,249,', 249, NULL, NULL, NULL, NULL, NULL, b'0'),
	(258, '山西省长治市长子县', '长子县', ',219,249,', 249, NULL, NULL, NULL, NULL, NULL, b'0'),
	(259, '山西省长治市武乡县', '武乡县', ',219,249,', 249, NULL, NULL, NULL, NULL, NULL, b'0'),
	(260, '山西省长治市沁县', '沁县', ',219,249,', 249, NULL, NULL, NULL, NULL, NULL, b'0'),
	(261, '山西省长治市沁源县', '沁源县', ',219,249,', 249, NULL, NULL, NULL, NULL, NULL, b'0'),
	(262, '山西省长治市潞城市', '潞城市', ',219,249,', 249, NULL, NULL, NULL, NULL, NULL, b'0'),
	(263, '山西省晋城市', '晋城市', ',219,', 219, NULL, NULL, NULL, NULL, NULL, b'0'),
	(264, '山西省晋城市晋城市市辖区', '晋城市市辖区', ',219,263,', 263, NULL, NULL, NULL, NULL, NULL, b'0'),
	(265, '山西省晋城市城区', '城区', ',219,263,', 263, NULL, NULL, NULL, NULL, NULL, b'0'),
	(266, '山西省晋城市沁水县', '沁水县', ',219,263,', 263, NULL, NULL, NULL, NULL, NULL, b'0'),
	(267, '山西省晋城市阳城县', '阳城县', ',219,263,', 263, NULL, NULL, NULL, NULL, NULL, b'0'),
	(268, '山西省晋城市陵川县', '陵川县', ',219,263,', 263, NULL, NULL, NULL, NULL, NULL, b'0'),
	(269, '山西省晋城市泽州县', '泽州县', ',219,263,', 263, NULL, NULL, NULL, NULL, NULL, b'0'),
	(270, '山西省晋城市高平市', '高平市', ',219,263,', 263, NULL, NULL, NULL, NULL, NULL, b'0'),
	(271, '山西省朔州市', '朔州市', ',219,', 219, NULL, NULL, NULL, NULL, NULL, b'0'),
	(272, '山西省朔州市朔城区', '朔城区', ',219,271,', 271, NULL, NULL, NULL, NULL, NULL, b'0'),
	(273, '山西省朔州市平鲁区', '平鲁区', ',219,271,', 271, NULL, NULL, NULL, NULL, NULL, b'0'),
	(274, '山西省朔州市山阴县', '山阴县', ',219,271,', 271, NULL, NULL, NULL, NULL, NULL, b'0'),
	(275, '山西省朔州市应县', '应县', ',219,271,', 271, NULL, NULL, NULL, NULL, NULL, b'0'),
	(276, '山西省朔州市右玉县', '右玉县', ',219,271,', 271, NULL, NULL, NULL, NULL, NULL, b'0'),
	(277, '山西省朔州市怀仁县', '怀仁县', ',219,271,', 271, NULL, NULL, NULL, NULL, NULL, b'0'),
	(278, '山西省晋中市', '晋中市', ',219,', 219, NULL, NULL, NULL, NULL, NULL, b'0'),
	(279, '山西省晋中市榆次区', '榆次区', ',219,278,', 278, NULL, NULL, NULL, NULL, NULL, b'0'),
	(280, '山西省晋中市榆社县', '榆社县', ',219,278,', 278, NULL, NULL, NULL, NULL, NULL, b'0'),
	(281, '山西省晋中市左权县', '左权县', ',219,278,', 278, NULL, NULL, NULL, NULL, NULL, b'0'),
	(282, '山西省晋中市和顺县', '和顺县', ',219,278,', 278, NULL, NULL, NULL, NULL, NULL, b'0'),
	(283, '山西省晋中市昔阳县', '昔阳县', ',219,278,', 278, NULL, NULL, NULL, NULL, NULL, b'0'),
	(284, '山西省晋中市寿阳县', '寿阳县', ',219,278,', 278, NULL, NULL, NULL, NULL, NULL, b'0'),
	(285, '山西省晋中市太谷县', '太谷县', ',219,278,', 278, NULL, NULL, NULL, NULL, NULL, b'0'),
	(286, '山西省晋中市祁县', '祁县', ',219,278,', 278, NULL, NULL, NULL, NULL, NULL, b'0'),
	(287, '山西省晋中市平遥县', '平遥县', ',219,278,', 278, NULL, NULL, NULL, NULL, NULL, b'0'),
	(288, '山西省晋中市灵石县', '灵石县', ',219,278,', 278, NULL, NULL, NULL, NULL, NULL, b'0'),
	(289, '山西省晋中市介休市', '介休市', ',219,278,', 278, NULL, NULL, NULL, NULL, NULL, b'0'),
	(290, '山西省运城市', '运城市', ',219,', 219, NULL, NULL, NULL, NULL, NULL, b'0'),
	(291, '山西省运城市盐湖区', '盐湖区', ',219,290,', 290, NULL, NULL, NULL, NULL, NULL, b'0'),
	(292, '山西省运城市临猗县', '临猗县', ',219,290,', 290, NULL, NULL, NULL, NULL, NULL, b'0'),
	(293, '山西省运城市万荣县', '万荣县', ',219,290,', 290, NULL, NULL, NULL, NULL, NULL, b'0'),
	(294, '山西省运城市闻喜县', '闻喜县', ',219,290,', 290, NULL, NULL, NULL, NULL, NULL, b'0'),
	(295, '山西省运城市稷山县', '稷山县', ',219,290,', 290, NULL, NULL, NULL, NULL, NULL, b'0'),
	(296, '山西省运城市新绛县', '新绛县', ',219,290,', 290, NULL, NULL, NULL, NULL, NULL, b'0'),
	(297, '山西省运城市绛县', '绛县', ',219,290,', 290, NULL, NULL, NULL, NULL, NULL, b'0'),
	(298, '山西省运城市垣曲县', '垣曲县', ',219,290,', 290, NULL, NULL, NULL, NULL, NULL, b'0'),
	(299, '山西省运城市夏县', '夏县', ',219,290,', 290, NULL, NULL, NULL, NULL, NULL, b'0'),
	(300, '山西省运城市平陆县', '平陆县', ',219,290,', 290, NULL, NULL, NULL, NULL, NULL, b'0'),
	(301, '山西省运城市芮城县', '芮城县', ',219,290,', 290, NULL, NULL, NULL, NULL, NULL, b'0'),
	(302, '山西省运城市永济市', '永济市', ',219,290,', 290, NULL, NULL, NULL, NULL, NULL, b'0'),
	(303, '山西省运城市河津市', '河津市', ',219,290,', 290, NULL, NULL, NULL, NULL, NULL, b'0'),
	(304, '山西省忻州市', '忻州市', ',219,', 219, NULL, NULL, NULL, NULL, NULL, b'0'),
	(305, '山西省忻州市忻府区', '忻府区', ',219,304,', 304, NULL, NULL, NULL, NULL, NULL, b'0'),
	(306, '山西省忻州市定襄县', '定襄县', ',219,304,', 304, NULL, NULL, NULL, NULL, NULL, b'0'),
	(307, '山西省忻州市五台县', '五台县', ',219,304,', 304, NULL, NULL, NULL, NULL, NULL, b'0'),
	(308, '山西省忻州市代县', '代县', ',219,304,', 304, NULL, NULL, NULL, NULL, NULL, b'0'),
	(309, '山西省忻州市繁峙县', '繁峙县', ',219,304,', 304, NULL, NULL, NULL, NULL, NULL, b'0'),
	(310, '山西省忻州市宁武县', '宁武县', ',219,304,', 304, NULL, NULL, NULL, NULL, NULL, b'0'),
	(311, '山西省忻州市静乐县', '静乐县', ',219,304,', 304, NULL, NULL, NULL, NULL, NULL, b'0'),
	(312, '山西省忻州市神池县', '神池县', ',219,304,', 304, NULL, NULL, NULL, NULL, NULL, b'0'),
	(313, '山西省忻州市五寨县', '五寨县', ',219,304,', 304, NULL, NULL, NULL, NULL, NULL, b'0'),
	(314, '山西省忻州市岢岚县', '岢岚县', ',219,304,', 304, NULL, NULL, NULL, NULL, NULL, b'0'),
	(315, '山西省忻州市河曲县', '河曲县', ',219,304,', 304, NULL, NULL, NULL, NULL, NULL, b'0'),
	(316, '山西省忻州市保德县', '保德县', ',219,304,', 304, NULL, NULL, NULL, NULL, NULL, b'0'),
	(317, '山西省忻州市偏关县', '偏关县', ',219,304,', 304, NULL, NULL, NULL, NULL, NULL, b'0'),
	(318, '山西省忻州市原平市', '原平市', ',219,304,', 304, NULL, NULL, NULL, NULL, NULL, b'0'),
	(319, '山西省临汾市', '临汾市', ',219,', 219, NULL, NULL, NULL, NULL, NULL, b'0'),
	(320, '山西省临汾市尧都区', '尧都区', ',219,319,', 319, NULL, NULL, NULL, NULL, NULL, b'0'),
	(321, '山西省临汾市曲沃县', '曲沃县', ',219,319,', 319, NULL, NULL, NULL, NULL, NULL, b'0'),
	(322, '山西省临汾市翼城县', '翼城县', ',219,319,', 319, NULL, NULL, NULL, NULL, NULL, b'0'),
	(323, '山西省临汾市襄汾县', '襄汾县', ',219,319,', 319, NULL, NULL, NULL, NULL, NULL, b'0'),
	(324, '山西省临汾市洪洞县', '洪洞县', ',219,319,', 319, NULL, NULL, NULL, NULL, NULL, b'0'),
	(325, '山西省临汾市古县', '古县', ',219,319,', 319, NULL, NULL, NULL, NULL, NULL, b'0'),
	(326, '山西省临汾市安泽县', '安泽县', ',219,319,', 319, NULL, NULL, NULL, NULL, NULL, b'0'),
	(327, '山西省临汾市浮山县', '浮山县', ',219,319,', 319, NULL, NULL, NULL, NULL, NULL, b'0'),
	(328, '山西省临汾市吉县', '吉县', ',219,319,', 319, NULL, NULL, NULL, NULL, NULL, b'0'),
	(329, '山西省临汾市乡宁县', '乡宁县', ',219,319,', 319, NULL, NULL, NULL, NULL, NULL, b'0'),
	(330, '山西省临汾市大宁县', '大宁县', ',219,319,', 319, NULL, NULL, NULL, NULL, NULL, b'0'),
	(331, '山西省临汾市隰县', '隰县', ',219,319,', 319, NULL, NULL, NULL, NULL, NULL, b'0'),
	(332, '山西省临汾市永和县', '永和县', ',219,319,', 319, NULL, NULL, NULL, NULL, NULL, b'0'),
	(333, '山西省临汾市蒲县', '蒲县', ',219,319,', 319, NULL, NULL, NULL, NULL, NULL, b'0'),
	(334, '山西省临汾市汾西县', '汾西县', ',219,319,', 319, NULL, NULL, NULL, NULL, NULL, b'0'),
	(335, '山西省临汾市侯马市', '侯马市', ',219,319,', 319, NULL, NULL, NULL, NULL, NULL, b'0'),
	(336, '山西省临汾市霍州市', '霍州市', ',219,319,', 319, NULL, NULL, NULL, NULL, NULL, b'0'),
	(337, '山西省吕梁市', '吕梁市', ',219,', 219, NULL, NULL, NULL, NULL, NULL, b'0'),
	(338, '山西省吕梁市离石区', '离石区', ',219,337,', 337, NULL, NULL, NULL, NULL, NULL, b'0'),
	(339, '山西省吕梁市文水县', '文水县', ',219,337,', 337, NULL, NULL, NULL, NULL, NULL, b'0'),
	(340, '山西省吕梁市交城县', '交城县', ',219,337,', 337, NULL, NULL, NULL, NULL, NULL, b'0'),
	(341, '山西省吕梁市兴县', '兴县', ',219,337,', 337, NULL, NULL, NULL, NULL, NULL, b'0'),
	(342, '山西省吕梁市临县', '临县', ',219,337,', 337, NULL, NULL, NULL, NULL, NULL, b'0'),
	(343, '山西省吕梁市柳林县', '柳林县', ',219,337,', 337, NULL, NULL, NULL, NULL, NULL, b'0'),
	(344, '山西省吕梁市石楼县', '石楼县', ',219,337,', 337, NULL, NULL, NULL, NULL, NULL, b'0'),
	(345, '山西省吕梁市岚县', '岚县', ',219,337,', 337, NULL, NULL, NULL, NULL, NULL, b'0'),
	(346, '山西省吕梁市方山县', '方山县', ',219,337,', 337, NULL, NULL, NULL, NULL, NULL, b'0'),
	(347, '山西省吕梁市中阳县', '中阳县', ',219,337,', 337, NULL, NULL, NULL, NULL, NULL, b'0'),
	(348, '山西省吕梁市交口县', '交口县', ',219,337,', 337, NULL, NULL, NULL, NULL, NULL, b'0'),
	(349, '山西省吕梁市孝义市', '孝义市', ',219,337,', 337, NULL, NULL, NULL, NULL, NULL, b'0'),
	(350, '山西省吕梁市汾阳市', '汾阳市', ',219,337,', 337, NULL, NULL, NULL, NULL, NULL, b'0'),
	(351, '内蒙古自治区', '内蒙古自治区', ',', NULL, NULL, NULL, NULL, NULL, NULL, b'0'),
	(352, '内蒙古自治区呼和浩特市', '呼和浩特市', ',351,', 351, NULL, NULL, NULL, NULL, NULL, b'0'),
	(353, '内蒙古自治区呼和浩特市新城区', '新城区', ',351,352,', 352, NULL, NULL, NULL, NULL, NULL, b'0'),
	(354, '内蒙古自治区呼和浩特市回民区', '回民区', ',351,352,', 352, NULL, NULL, NULL, NULL, NULL, b'0'),
	(355, '内蒙古自治区呼和浩特市玉泉区', '玉泉区', ',351,352,', 352, NULL, NULL, NULL, NULL, NULL, b'0'),
	(356, '内蒙古自治区呼和浩特市赛罕区', '赛罕区', ',351,352,', 352, NULL, NULL, NULL, NULL, NULL, b'0'),
	(357, '内蒙古自治区呼和浩特市土默特左旗', '土默特左旗', ',351,352,', 352, NULL, NULL, NULL, NULL, NULL, b'0'),
	(358, '内蒙古自治区呼和浩特市托克托县', '托克托县', ',351,352,', 352, NULL, NULL, NULL, NULL, NULL, b'0'),
	(359, '内蒙古自治区呼和浩特市和林格尔县', '和林格尔县', ',351,352,', 352, NULL, NULL, NULL, NULL, NULL, b'0'),
	(360, '内蒙古自治区呼和浩特市清水河县', '清水河县', ',351,352,', 352, NULL, NULL, NULL, NULL, NULL, b'0'),
	(361, '内蒙古自治区呼和浩特市武川县', '武川县', ',351,352,', 352, NULL, NULL, NULL, NULL, NULL, b'0'),
	(362, '内蒙古自治区包头市', '包头市', ',351,', 351, NULL, NULL, NULL, NULL, NULL, b'0'),
	(363, '内蒙古自治区包头市东河区', '东河区', ',351,362,', 362, NULL, NULL, NULL, NULL, NULL, b'0'),
	(364, '内蒙古自治区包头市昆都仑区', '昆都仑区', ',351,362,', 362, NULL, NULL, NULL, NULL, NULL, b'0'),
	(365, '内蒙古自治区包头市青山区', '青山区', ',351,362,', 362, NULL, NULL, NULL, NULL, NULL, b'0'),
	(366, '内蒙古自治区包头市石拐区', '石拐区', ',351,362,', 362, NULL, NULL, NULL, NULL, NULL, b'0'),
	(367, '内蒙古自治区包头市白云鄂博矿区', '白云鄂博矿区', ',351,362,', 362, NULL, NULL, NULL, NULL, NULL, b'0'),
	(368, '内蒙古自治区包头市九原区', '九原区', ',351,362,', 362, NULL, NULL, NULL, NULL, NULL, b'0'),
	(369, '内蒙古自治区包头市土默特右旗', '土默特右旗', ',351,362,', 362, NULL, NULL, NULL, NULL, NULL, b'0'),
	(370, '内蒙古自治区包头市固阳县', '固阳县', ',351,362,', 362, NULL, NULL, NULL, NULL, NULL, b'0'),
	(371, '内蒙古自治区包头市达尔罕茂明安联合旗', '达尔罕茂明安联合旗', ',351,362,', 362, NULL, NULL, NULL, NULL, NULL, b'0'),
	(372, '内蒙古自治区乌海市', '乌海市', ',351,', 351, NULL, NULL, NULL, NULL, NULL, b'0'),
	(373, '内蒙古自治区乌海市海勃湾区', '海勃湾区', ',351,372,', 372, NULL, NULL, NULL, NULL, NULL, b'0'),
	(374, '内蒙古自治区乌海市海南区', '海南区', ',351,372,', 372, NULL, NULL, NULL, NULL, NULL, b'0'),
	(375, '内蒙古自治区乌海市乌达区', '乌达区', ',351,372,', 372, NULL, NULL, NULL, NULL, NULL, b'0'),
	(376, '内蒙古自治区赤峰市', '赤峰市', ',351,', 351, NULL, NULL, NULL, NULL, NULL, b'0'),
	(377, '内蒙古自治区赤峰市红山区', '红山区', ',351,376,', 376, NULL, NULL, NULL, NULL, NULL, b'0'),
	(378, '内蒙古自治区赤峰市元宝山区', '元宝山区', ',351,376,', 376, NULL, NULL, NULL, NULL, NULL, b'0'),
	(379, '内蒙古自治区赤峰市松山区', '松山区', ',351,376,', 376, NULL, NULL, NULL, NULL, NULL, b'0'),
	(380, '内蒙古自治区赤峰市阿鲁科尔沁旗', '阿鲁科尔沁旗', ',351,376,', 376, NULL, NULL, NULL, NULL, NULL, b'0'),
	(381, '内蒙古自治区赤峰市巴林左旗', '巴林左旗', ',351,376,', 376, NULL, NULL, NULL, NULL, NULL, b'0'),
	(382, '内蒙古自治区赤峰市巴林右旗', '巴林右旗', ',351,376,', 376, NULL, NULL, NULL, NULL, NULL, b'0'),
	(383, '内蒙古自治区赤峰市林西县', '林西县', ',351,376,', 376, NULL, NULL, NULL, NULL, NULL, b'0'),
	(384, '内蒙古自治区赤峰市克什克腾旗', '克什克腾旗', ',351,376,', 376, NULL, NULL, NULL, NULL, NULL, b'0'),
	(385, '内蒙古自治区赤峰市翁牛特旗', '翁牛特旗', ',351,376,', 376, NULL, NULL, NULL, NULL, NULL, b'0'),
	(386, '内蒙古自治区赤峰市喀喇沁旗', '喀喇沁旗', ',351,376,', 376, NULL, NULL, NULL, NULL, NULL, b'0'),
	(387, '内蒙古自治区赤峰市宁城县', '宁城县', ',351,376,', 376, NULL, NULL, NULL, NULL, NULL, b'0'),
	(388, '内蒙古自治区赤峰市敖汉旗', '敖汉旗', ',351,376,', 376, NULL, NULL, NULL, NULL, NULL, b'0'),
	(389, '内蒙古自治区通辽市', '通辽市', ',351,', 351, NULL, NULL, NULL, NULL, NULL, b'0'),
	(390, '内蒙古自治区通辽市科尔沁区', '科尔沁区', ',351,389,', 389, NULL, NULL, NULL, NULL, NULL, b'0'),
	(391, '内蒙古自治区通辽市科尔沁左翼中旗', '科尔沁左翼中旗', ',351,389,', 389, NULL, NULL, NULL, NULL, NULL, b'0'),
	(392, '内蒙古自治区通辽市科尔沁左翼后旗', '科尔沁左翼后旗', ',351,389,', 389, NULL, NULL, NULL, NULL, NULL, b'0'),
	(393, '内蒙古自治区通辽市开鲁县', '开鲁县', ',351,389,', 389, NULL, NULL, NULL, NULL, NULL, b'0'),
	(394, '内蒙古自治区通辽市库伦旗', '库伦旗', ',351,389,', 389, NULL, NULL, NULL, NULL, NULL, b'0'),
	(395, '内蒙古自治区通辽市奈曼旗', '奈曼旗', ',351,389,', 389, NULL, NULL, NULL, NULL, NULL, b'0'),
	(396, '内蒙古自治区通辽市扎鲁特旗', '扎鲁特旗', ',351,389,', 389, NULL, NULL, NULL, NULL, NULL, b'0'),
	(397, '内蒙古自治区通辽市霍林郭勒市', '霍林郭勒市', ',351,389,', 389, NULL, NULL, NULL, NULL, NULL, b'0'),
	(398, '内蒙古自治区鄂尔多斯市', '鄂尔多斯市', ',351,', 351, NULL, NULL, NULL, NULL, NULL, b'0'),
	(399, '内蒙古自治区鄂尔多斯市东胜区', '东胜区', ',351,398,', 398, NULL, NULL, NULL, NULL, NULL, b'0'),
	(400, '内蒙古自治区鄂尔多斯市达拉特旗', '达拉特旗', ',351,398,', 398, NULL, NULL, NULL, NULL, NULL, b'0'),
	(401, '内蒙古自治区鄂尔多斯市准格尔旗', '准格尔旗', ',351,398,', 398, NULL, NULL, NULL, NULL, NULL, b'0'),
	(402, '内蒙古自治区鄂尔多斯市鄂托克前旗', '鄂托克前旗', ',351,398,', 398, NULL, NULL, NULL, NULL, NULL, b'0'),
	(403, '内蒙古自治区鄂尔多斯市鄂托克旗', '鄂托克旗', ',351,398,', 398, NULL, NULL, NULL, NULL, NULL, b'0'),
	(404, '内蒙古自治区鄂尔多斯市杭锦旗', '杭锦旗', ',351,398,', 398, NULL, NULL, NULL, NULL, NULL, b'0'),
	(405, '内蒙古自治区鄂尔多斯市乌审旗', '乌审旗', ',351,398,', 398, NULL, NULL, NULL, NULL, NULL, b'0'),
	(406, '内蒙古自治区鄂尔多斯市伊金霍洛旗', '伊金霍洛旗', ',351,398,', 398, NULL, NULL, NULL, NULL, NULL, b'0'),
	(407, '内蒙古自治区呼伦贝尔市', '呼伦贝尔市', ',351,', 351, NULL, NULL, NULL, NULL, NULL, b'0'),
	(408, '内蒙古自治区呼伦贝尔市海拉尔区', '海拉尔区', ',351,407,', 407, NULL, NULL, NULL, NULL, NULL, b'0'),
	(409, '内蒙古自治区呼伦贝尔市阿荣旗', '阿荣旗', ',351,407,', 407, NULL, NULL, NULL, NULL, NULL, b'0'),
	(410, '内蒙古自治区呼伦贝尔市莫力达瓦达斡尔族自治旗', '莫力达瓦达斡尔族自治旗', ',351,407,', 407, NULL, NULL, NULL, NULL, NULL, b'0'),
	(411, '内蒙古自治区呼伦贝尔市鄂伦春自治旗', '鄂伦春自治旗', ',351,407,', 407, NULL, NULL, NULL, NULL, NULL, b'0'),
	(412, '内蒙古自治区呼伦贝尔市鄂温克族自治旗', '鄂温克族自治旗', ',351,407,', 407, NULL, NULL, NULL, NULL, NULL, b'0'),
	(413, '内蒙古自治区呼伦贝尔市陈巴尔虎旗', '陈巴尔虎旗', ',351,407,', 407, NULL, NULL, NULL, NULL, NULL, b'0'),
	(414, '内蒙古自治区呼伦贝尔市新巴尔虎左旗', '新巴尔虎左旗', ',351,407,', 407, NULL, NULL, NULL, NULL, NULL, b'0'),
	(415, '内蒙古自治区呼伦贝尔市新巴尔虎右旗', '新巴尔虎右旗', ',351,407,', 407, NULL, NULL, NULL, NULL, NULL, b'0'),
	(416, '内蒙古自治区呼伦贝尔市满洲里市', '满洲里市', ',351,407,', 407, NULL, NULL, NULL, NULL, NULL, b'0'),
	(417, '内蒙古自治区呼伦贝尔市牙克石市', '牙克石市', ',351,407,', 407, NULL, NULL, NULL, NULL, NULL, b'0'),
	(418, '内蒙古自治区呼伦贝尔市扎兰屯市', '扎兰屯市', ',351,407,', 407, NULL, NULL, NULL, NULL, NULL, b'0'),
	(419, '内蒙古自治区呼伦贝尔市额尔古纳市', '额尔古纳市', ',351,407,', 407, NULL, NULL, NULL, NULL, NULL, b'0'),
	(420, '内蒙古自治区呼伦贝尔市根河市', '根河市', ',351,407,', 407, NULL, NULL, NULL, NULL, NULL, b'0'),
	(421, '内蒙古自治区巴彦淖尔市', '巴彦淖尔市', ',351,', 351, NULL, NULL, NULL, NULL, NULL, b'0'),
	(422, '内蒙古自治区巴彦淖尔市临河区', '临河区', ',351,421,', 421, NULL, NULL, NULL, NULL, NULL, b'0'),
	(423, '内蒙古自治区巴彦淖尔市五原县', '五原县', ',351,421,', 421, NULL, NULL, NULL, NULL, NULL, b'0'),
	(424, '内蒙古自治区巴彦淖尔市磴口县', '磴口县', ',351,421,', 421, NULL, NULL, NULL, NULL, NULL, b'0'),
	(425, '内蒙古自治区巴彦淖尔市乌拉特前旗', '乌拉特前旗', ',351,421,', 421, NULL, NULL, NULL, NULL, NULL, b'0'),
	(426, '内蒙古自治区巴彦淖尔市乌拉特中旗', '乌拉特中旗', ',351,421,', 421, NULL, NULL, NULL, NULL, NULL, b'0'),
	(427, '内蒙古自治区巴彦淖尔市乌拉特后旗', '乌拉特后旗', ',351,421,', 421, NULL, NULL, NULL, NULL, NULL, b'0'),
	(428, '内蒙古自治区巴彦淖尔市杭锦后旗', '杭锦后旗', ',351,421,', 421, NULL, NULL, NULL, NULL, NULL, b'0'),
	(429, '内蒙古自治区乌兰察布市', '乌兰察布市', ',351,', 351, NULL, NULL, NULL, NULL, NULL, b'0'),
	(430, '内蒙古自治区乌兰察布市集宁区', '集宁区', ',351,429,', 429, NULL, NULL, NULL, NULL, NULL, b'0'),
	(431, '内蒙古自治区乌兰察布市卓资县', '卓资县', ',351,429,', 429, NULL, NULL, NULL, NULL, NULL, b'0'),
	(432, '内蒙古自治区乌兰察布市化德县', '化德县', ',351,429,', 429, NULL, NULL, NULL, NULL, NULL, b'0'),
	(433, '内蒙古自治区乌兰察布市商都县', '商都县', ',351,429,', 429, NULL, NULL, NULL, NULL, NULL, b'0'),
	(434, '内蒙古自治区乌兰察布市兴和县', '兴和县', ',351,429,', 429, NULL, NULL, NULL, NULL, NULL, b'0'),
	(435, '内蒙古自治区乌兰察布市凉城县', '凉城县', ',351,429,', 429, NULL, NULL, NULL, NULL, NULL, b'0'),
	(436, '内蒙古自治区乌兰察布市察哈尔右翼前旗', '察哈尔右翼前旗', ',351,429,', 429, NULL, NULL, NULL, NULL, NULL, b'0'),
	(437, '内蒙古自治区乌兰察布市察哈尔右翼中旗', '察哈尔右翼中旗', ',351,429,', 429, NULL, NULL, NULL, NULL, NULL, b'0'),
	(438, '内蒙古自治区乌兰察布市察哈尔右翼后旗', '察哈尔右翼后旗', ',351,429,', 429, NULL, NULL, NULL, NULL, NULL, b'0'),
	(439, '内蒙古自治区乌兰察布市四子王旗', '四子王旗', ',351,429,', 429, NULL, NULL, NULL, NULL, NULL, b'0'),
	(440, '内蒙古自治区乌兰察布市丰镇市', '丰镇市', ',351,429,', 429, NULL, NULL, NULL, NULL, NULL, b'0'),
	(441, '内蒙古自治区兴安盟', '兴安盟', ',351,', 351, NULL, NULL, NULL, NULL, NULL, b'0'),
	(442, '内蒙古自治区兴安盟乌兰浩特市', '乌兰浩特市', ',351,441,', 441, NULL, NULL, NULL, NULL, NULL, b'0'),
	(443, '内蒙古自治区兴安盟阿尔山市', '阿尔山市', ',351,441,', 441, NULL, NULL, NULL, NULL, NULL, b'0'),
	(444, '内蒙古自治区兴安盟科尔沁右翼前旗', '科尔沁右翼前旗', ',351,441,', 441, NULL, NULL, NULL, NULL, NULL, b'0'),
	(445, '内蒙古自治区兴安盟科尔沁右翼中旗', '科尔沁右翼中旗', ',351,441,', 441, NULL, NULL, NULL, NULL, NULL, b'0'),
	(446, '内蒙古自治区兴安盟扎赉特旗', '扎赉特旗', ',351,441,', 441, NULL, NULL, NULL, NULL, NULL, b'0'),
	(447, '内蒙古自治区兴安盟突泉县', '突泉县', ',351,441,', 441, NULL, NULL, NULL, NULL, NULL, b'0'),
	(448, '内蒙古自治区锡林郭勒盟', '锡林郭勒盟', ',351,', 351, NULL, NULL, NULL, NULL, NULL, b'0'),
	(449, '内蒙古自治区锡林郭勒盟二连浩特市', '二连浩特市', ',351,448,', 448, NULL, NULL, NULL, NULL, NULL, b'0'),
	(450, '内蒙古自治区锡林郭勒盟锡林浩特市', '锡林浩特市', ',351,448,', 448, NULL, NULL, NULL, NULL, NULL, b'0'),
	(451, '内蒙古自治区锡林郭勒盟阿巴嘎旗', '阿巴嘎旗', ',351,448,', 448, NULL, NULL, NULL, NULL, NULL, b'0'),
	(452, '内蒙古自治区锡林郭勒盟苏尼特左旗', '苏尼特左旗', ',351,448,', 448, NULL, NULL, NULL, NULL, NULL, b'0'),
	(453, '内蒙古自治区锡林郭勒盟苏尼特右旗', '苏尼特右旗', ',351,448,', 448, NULL, NULL, NULL, NULL, NULL, b'0'),
	(454, '内蒙古自治区锡林郭勒盟东乌珠穆沁旗', '东乌珠穆沁旗', ',351,448,', 448, NULL, NULL, NULL, NULL, NULL, b'0'),
	(455, '内蒙古自治区锡林郭勒盟西乌珠穆沁旗', '西乌珠穆沁旗', ',351,448,', 448, NULL, NULL, NULL, NULL, NULL, b'0'),
	(456, '内蒙古自治区锡林郭勒盟太仆寺旗', '太仆寺旗', ',351,448,', 448, NULL, NULL, NULL, NULL, NULL, b'0'),
	(457, '内蒙古自治区锡林郭勒盟镶黄旗', '镶黄旗', ',351,448,', 448, NULL, NULL, NULL, NULL, NULL, b'0'),
	(458, '内蒙古自治区锡林郭勒盟正镶白旗', '正镶白旗', ',351,448,', 448, NULL, NULL, NULL, NULL, NULL, b'0'),
	(459, '内蒙古自治区锡林郭勒盟正蓝旗', '正蓝旗', ',351,448,', 448, NULL, NULL, NULL, NULL, NULL, b'0'),
	(460, '内蒙古自治区锡林郭勒盟多伦县', '多伦县', ',351,448,', 448, NULL, NULL, NULL, NULL, NULL, b'0'),
	(461, '内蒙古自治区阿拉善盟', '阿拉善盟', ',351,', 351, NULL, NULL, NULL, NULL, NULL, b'0'),
	(462, '内蒙古自治区阿拉善盟阿拉善左旗', '阿拉善左旗', ',351,461,', 461, NULL, NULL, NULL, NULL, NULL, b'0'),
	(463, '内蒙古自治区阿拉善盟阿拉善右旗', '阿拉善右旗', ',351,461,', 461, NULL, NULL, NULL, NULL, NULL, b'0'),
	(464, '内蒙古自治区阿拉善盟额济纳旗', '额济纳旗', ',351,461,', 461, NULL, NULL, NULL, NULL, NULL, b'0'),
	(465, '辽宁省', '辽宁省', ',', NULL, NULL, NULL, NULL, NULL, NULL, b'0'),
	(466, '辽宁省沈阳市', '沈阳市', ',465,', 465, NULL, NULL, NULL, NULL, NULL, b'0'),
	(467, '辽宁省沈阳市和平区', '和平区', ',465,466,', 466, NULL, NULL, NULL, NULL, NULL, b'0'),
	(468, '辽宁省沈阳市沈河区', '沈河区', ',465,466,', 466, NULL, NULL, NULL, NULL, NULL, b'0'),
	(469, '辽宁省沈阳市大东区', '大东区', ',465,466,', 466, NULL, NULL, NULL, NULL, NULL, b'0'),
	(470, '辽宁省沈阳市皇姑区', '皇姑区', ',465,466,', 466, NULL, NULL, NULL, NULL, NULL, b'0'),
	(471, '辽宁省沈阳市铁西区', '铁西区', ',465,466,', 466, NULL, NULL, NULL, NULL, NULL, b'0'),
	(472, '辽宁省沈阳市苏家屯区', '苏家屯区', ',465,466,', 466, NULL, NULL, NULL, NULL, NULL, b'0'),
	(473, '辽宁省沈阳市东陵区', '东陵区', ',465,466,', 466, NULL, NULL, NULL, NULL, NULL, b'0'),
	(474, '辽宁省沈阳市沈北新区', '沈北新区', ',465,466,', 466, NULL, NULL, NULL, NULL, NULL, b'0'),
	(475, '辽宁省沈阳市于洪区', '于洪区', ',465,466,', 466, NULL, NULL, NULL, NULL, NULL, b'0'),
	(476, '辽宁省沈阳市辽中县', '辽中县', ',465,466,', 466, NULL, NULL, NULL, NULL, NULL, b'0'),
	(477, '辽宁省沈阳市康平县', '康平县', ',465,466,', 466, NULL, NULL, NULL, NULL, NULL, b'0'),
	(478, '辽宁省沈阳市法库县', '法库县', ',465,466,', 466, NULL, NULL, NULL, NULL, NULL, b'0'),
	(479, '辽宁省沈阳市新民市', '新民市', ',465,466,', 466, NULL, NULL, NULL, NULL, NULL, b'0'),
	(480, '辽宁省大连市', '大连市', ',465,', 465, NULL, NULL, NULL, NULL, NULL, b'0'),
	(481, '辽宁省大连市中山区', '中山区', ',465,480,', 480, NULL, NULL, NULL, NULL, NULL, b'0'),
	(482, '辽宁省大连市西岗区', '西岗区', ',465,480,', 480, NULL, NULL, NULL, NULL, NULL, b'0'),
	(483, '辽宁省大连市沙河口区', '沙河口区', ',465,480,', 480, NULL, NULL, NULL, NULL, NULL, b'0'),
	(484, '辽宁省大连市甘井子区', '甘井子区', ',465,480,', 480, NULL, NULL, NULL, NULL, NULL, b'0'),
	(485, '辽宁省大连市旅顺口区', '旅顺口区', ',465,480,', 480, NULL, NULL, NULL, NULL, NULL, b'0'),
	(486, '辽宁省大连市金州区', '金州区', ',465,480,', 480, NULL, NULL, NULL, NULL, NULL, b'0'),
	(487, '辽宁省大连市长海县', '长海县', ',465,480,', 480, NULL, NULL, NULL, NULL, NULL, b'0'),
	(488, '辽宁省大连市瓦房店市', '瓦房店市', ',465,480,', 480, NULL, NULL, NULL, NULL, NULL, b'0'),
	(489, '辽宁省大连市普兰店市', '普兰店市', ',465,480,', 480, NULL, NULL, NULL, NULL, NULL, b'0'),
	(490, '辽宁省大连市庄河市', '庄河市', ',465,480,', 480, NULL, NULL, NULL, NULL, NULL, b'0'),
	(491, '辽宁省鞍山市', '鞍山市', ',465,', 465, NULL, NULL, NULL, NULL, NULL, b'0'),
	(492, '辽宁省鞍山市铁东区', '铁东区', ',465,491,', 491, NULL, NULL, NULL, NULL, NULL, b'0'),
	(493, '辽宁省鞍山市铁西区', '铁西区', ',465,491,', 491, NULL, NULL, NULL, NULL, NULL, b'0'),
	(494, '辽宁省鞍山市立山区', '立山区', ',465,491,', 491, NULL, NULL, NULL, NULL, NULL, b'0'),
	(495, '辽宁省鞍山市千山区', '千山区', ',465,491,', 491, NULL, NULL, NULL, NULL, NULL, b'0'),
	(496, '辽宁省鞍山市台安县', '台安县', ',465,491,', 491, NULL, NULL, NULL, NULL, NULL, b'0'),
	(497, '辽宁省鞍山市岫岩满族自治县', '岫岩满族自治县', ',465,491,', 491, NULL, NULL, NULL, NULL, NULL, b'0'),
	(498, '辽宁省鞍山市海城市', '海城市', ',465,491,', 491, NULL, NULL, NULL, NULL, NULL, b'0'),
	(499, '辽宁省抚顺市', '抚顺市', ',465,', 465, NULL, NULL, NULL, NULL, NULL, b'0'),
	(500, '辽宁省抚顺市新抚区', '新抚区', ',465,499,', 499, NULL, NULL, NULL, NULL, NULL, b'0'),
	(501, '辽宁省抚顺市东洲区', '东洲区', ',465,499,', 499, NULL, NULL, NULL, NULL, NULL, b'0'),
	(502, '辽宁省抚顺市望花区', '望花区', ',465,499,', 499, NULL, NULL, NULL, NULL, NULL, b'0'),
	(503, '辽宁省抚顺市顺城区', '顺城区', ',465,499,', 499, NULL, NULL, NULL, NULL, NULL, b'0'),
	(504, '辽宁省抚顺市抚顺县', '抚顺县', ',465,499,', 499, NULL, NULL, NULL, NULL, NULL, b'0'),
	(505, '辽宁省抚顺市新宾满族自治县', '新宾满族自治县', ',465,499,', 499, NULL, NULL, NULL, NULL, NULL, b'0'),
	(506, '辽宁省抚顺市清原满族自治县', '清原满族自治县', ',465,499,', 499, NULL, NULL, NULL, NULL, NULL, b'0'),
	(507, '辽宁省本溪市', '本溪市', ',465,', 465, NULL, NULL, NULL, NULL, NULL, b'0'),
	(508, '辽宁省本溪市平山区', '平山区', ',465,507,', 507, NULL, NULL, NULL, NULL, NULL, b'0'),
	(509, '辽宁省本溪市溪湖区', '溪湖区', ',465,507,', 507, NULL, NULL, NULL, NULL, NULL, b'0'),
	(510, '辽宁省本溪市明山区', '明山区', ',465,507,', 507, NULL, NULL, NULL, NULL, NULL, b'0'),
	(511, '辽宁省本溪市南芬区', '南芬区', ',465,507,', 507, NULL, NULL, NULL, NULL, NULL, b'0'),
	(512, '辽宁省本溪市本溪满族自治县', '本溪满族自治县', ',465,507,', 507, NULL, NULL, NULL, NULL, NULL, b'0'),
	(513, '辽宁省本溪市桓仁满族自治县', '桓仁满族自治县', ',465,507,', 507, NULL, NULL, NULL, NULL, NULL, b'0'),
	(514, '辽宁省丹东市', '丹东市', ',465,', 465, NULL, NULL, NULL, NULL, NULL, b'0'),
	(515, '辽宁省丹东市元宝区', '元宝区', ',465,514,', 514, NULL, NULL, NULL, NULL, NULL, b'0'),
	(516, '辽宁省丹东市振兴区', '振兴区', ',465,514,', 514, NULL, NULL, NULL, NULL, NULL, b'0'),
	(517, '辽宁省丹东市振安区', '振安区', ',465,514,', 514, NULL, NULL, NULL, NULL, NULL, b'0'),
	(518, '辽宁省丹东市宽甸满族自治县', '宽甸满族自治县', ',465,514,', 514, NULL, NULL, NULL, NULL, NULL, b'0'),
	(519, '辽宁省丹东市东港市', '东港市', ',465,514,', 514, NULL, NULL, NULL, NULL, NULL, b'0'),
	(520, '辽宁省丹东市凤城市', '凤城市', ',465,514,', 514, NULL, NULL, NULL, NULL, NULL, b'0'),
	(521, '辽宁省锦州市', '锦州市', ',465,', 465, NULL, NULL, NULL, NULL, NULL, b'0'),
	(522, '辽宁省锦州市古塔区', '古塔区', ',465,521,', 521, NULL, NULL, NULL, NULL, NULL, b'0'),
	(523, '辽宁省锦州市凌河区', '凌河区', ',465,521,', 521, NULL, NULL, NULL, NULL, NULL, b'0'),
	(524, '辽宁省锦州市太和区', '太和区', ',465,521,', 521, NULL, NULL, NULL, NULL, NULL, b'0'),
	(525, '辽宁省锦州市黑山县', '黑山县', ',465,521,', 521, NULL, NULL, NULL, NULL, NULL, b'0'),
	(526, '辽宁省锦州市义县', '义县', ',465,521,', 521, NULL, NULL, NULL, NULL, NULL, b'0'),
	(527, '辽宁省锦州市凌海市', '凌海市', ',465,521,', 521, NULL, NULL, NULL, NULL, NULL, b'0'),
	(528, '辽宁省锦州市北镇市', '北镇市', ',465,521,', 521, NULL, NULL, NULL, NULL, NULL, b'0'),
	(529, '辽宁省营口市', '营口市', ',465,', 465, NULL, NULL, NULL, NULL, NULL, b'0'),
	(530, '辽宁省营口市站前区', '站前区', ',465,529,', 529, NULL, NULL, NULL, NULL, NULL, b'0'),
	(531, '辽宁省营口市西市区', '西市区', ',465,529,', 529, NULL, NULL, NULL, NULL, NULL, b'0'),
	(532, '辽宁省营口市鲅鱼圈区', '鲅鱼圈区', ',465,529,', 529, NULL, NULL, NULL, NULL, NULL, b'0'),
	(533, '辽宁省营口市老边区', '老边区', ',465,529,', 529, NULL, NULL, NULL, NULL, NULL, b'0'),
	(534, '辽宁省营口市盖州市', '盖州市', ',465,529,', 529, NULL, NULL, NULL, NULL, NULL, b'0'),
	(535, '辽宁省营口市大石桥市', '大石桥市', ',465,529,', 529, NULL, NULL, NULL, NULL, NULL, b'0'),
	(536, '辽宁省阜新市', '阜新市', ',465,', 465, NULL, NULL, NULL, NULL, NULL, b'0'),
	(537, '辽宁省阜新市海州区', '海州区', ',465,536,', 536, NULL, NULL, NULL, NULL, NULL, b'0'),
	(538, '辽宁省阜新市新邱区', '新邱区', ',465,536,', 536, NULL, NULL, NULL, NULL, NULL, b'0'),
	(539, '辽宁省阜新市太平区', '太平区', ',465,536,', 536, NULL, NULL, NULL, NULL, NULL, b'0'),
	(540, '辽宁省阜新市清河门区', '清河门区', ',465,536,', 536, NULL, NULL, NULL, NULL, NULL, b'0'),
	(541, '辽宁省阜新市细河区', '细河区', ',465,536,', 536, NULL, NULL, NULL, NULL, NULL, b'0'),
	(542, '辽宁省阜新市阜新蒙古族自治县', '阜新蒙古族自治县', ',465,536,', 536, NULL, NULL, NULL, NULL, NULL, b'0'),
	(543, '辽宁省阜新市彰武县', '彰武县', ',465,536,', 536, NULL, NULL, NULL, NULL, NULL, b'0'),
	(544, '辽宁省辽阳市', '辽阳市', ',465,', 465, NULL, NULL, NULL, NULL, NULL, b'0'),
	(545, '辽宁省辽阳市白塔区', '白塔区', ',465,544,', 544, NULL, NULL, NULL, NULL, NULL, b'0'),
	(546, '辽宁省辽阳市文圣区', '文圣区', ',465,544,', 544, NULL, NULL, NULL, NULL, NULL, b'0'),
	(547, '辽宁省辽阳市宏伟区', '宏伟区', ',465,544,', 544, NULL, NULL, NULL, NULL, NULL, b'0'),
	(548, '辽宁省辽阳市弓长岭区', '弓长岭区', ',465,544,', 544, NULL, NULL, NULL, NULL, NULL, b'0'),
	(549, '辽宁省辽阳市太子河区', '太子河区', ',465,544,', 544, NULL, NULL, NULL, NULL, NULL, b'0'),
	(550, '辽宁省辽阳市辽阳县', '辽阳县', ',465,544,', 544, NULL, NULL, NULL, NULL, NULL, b'0'),
	(551, '辽宁省辽阳市灯塔市', '灯塔市', ',465,544,', 544, NULL, NULL, NULL, NULL, NULL, b'0'),
	(552, '辽宁省盘锦市', '盘锦市', ',465,', 465, NULL, NULL, NULL, NULL, NULL, b'0'),
	(553, '辽宁省盘锦市双台子区', '双台子区', ',465,552,', 552, NULL, NULL, NULL, NULL, NULL, b'0'),
	(554, '辽宁省盘锦市兴隆台区', '兴隆台区', ',465,552,', 552, NULL, NULL, NULL, NULL, NULL, b'0'),
	(555, '辽宁省盘锦市大洼县', '大洼县', ',465,552,', 552, NULL, NULL, NULL, NULL, NULL, b'0'),
	(556, '辽宁省盘锦市盘山县', '盘山县', ',465,552,', 552, NULL, NULL, NULL, NULL, NULL, b'0'),
	(557, '辽宁省铁岭市', '铁岭市', ',465,', 465, NULL, NULL, NULL, NULL, NULL, b'0'),
	(558, '辽宁省铁岭市银州区', '银州区', ',465,557,', 557, NULL, NULL, NULL, NULL, NULL, b'0'),
	(559, '辽宁省铁岭市清河区', '清河区', ',465,557,', 557, NULL, NULL, NULL, NULL, NULL, b'0'),
	(560, '辽宁省铁岭市铁岭县', '铁岭县', ',465,557,', 557, NULL, NULL, NULL, NULL, NULL, b'0'),
	(561, '辽宁省铁岭市西丰县', '西丰县', ',465,557,', 557, NULL, NULL, NULL, NULL, NULL, b'0'),
	(562, '辽宁省铁岭市昌图县', '昌图县', ',465,557,', 557, NULL, NULL, NULL, NULL, NULL, b'0'),
	(563, '辽宁省铁岭市调兵山市', '调兵山市', ',465,557,', 557, NULL, NULL, NULL, NULL, NULL, b'0'),
	(564, '辽宁省铁岭市开原市', '开原市', ',465,557,', 557, NULL, NULL, NULL, NULL, NULL, b'0'),
	(565, '辽宁省朝阳市', '朝阳市', ',465,', 465, NULL, NULL, NULL, NULL, NULL, b'0'),
	(566, '辽宁省朝阳市双塔区', '双塔区', ',465,565,', 565, NULL, NULL, NULL, NULL, NULL, b'0'),
	(567, '辽宁省朝阳市龙城区', '龙城区', ',465,565,', 565, NULL, NULL, NULL, NULL, NULL, b'0'),
	(568, '辽宁省朝阳市朝阳县', '朝阳县', ',465,565,', 565, NULL, NULL, NULL, NULL, NULL, b'0'),
	(569, '辽宁省朝阳市建平县', '建平县', ',465,565,', 565, NULL, NULL, NULL, NULL, NULL, b'0'),
	(570, '辽宁省朝阳市喀喇沁左翼蒙古族自治县', '喀喇沁左翼蒙古族自治县', ',465,565,', 565, NULL, NULL, NULL, NULL, NULL, b'0'),
	(571, '辽宁省朝阳市北票市', '北票市', ',465,565,', 565, NULL, NULL, NULL, NULL, NULL, b'0'),
	(572, '辽宁省朝阳市凌源市', '凌源市', ',465,565,', 565, NULL, NULL, NULL, NULL, NULL, b'0'),
	(573, '辽宁省葫芦岛市', '葫芦岛市', ',465,', 465, NULL, NULL, NULL, NULL, NULL, b'0'),
	(574, '辽宁省葫芦岛市连山区', '连山区', ',465,573,', 573, NULL, NULL, NULL, NULL, NULL, b'0'),
	(575, '辽宁省葫芦岛市龙港区', '龙港区', ',465,573,', 573, NULL, NULL, NULL, NULL, NULL, b'0'),
	(576, '辽宁省葫芦岛市南票区', '南票区', ',465,573,', 573, NULL, NULL, NULL, NULL, NULL, b'0'),
	(577, '辽宁省葫芦岛市绥中县', '绥中县', ',465,573,', 573, NULL, NULL, NULL, NULL, NULL, b'0'),
	(578, '辽宁省葫芦岛市建昌县', '建昌县', ',465,573,', 573, NULL, NULL, NULL, NULL, NULL, b'0'),
	(579, '辽宁省葫芦岛市兴城市', '兴城市', ',465,573,', 573, NULL, NULL, NULL, NULL, NULL, b'0'),
	(580, '吉林省', '吉林省', ',', NULL, NULL, NULL, NULL, NULL, NULL, b'0'),
	(581, '吉林省长春市', '长春市', ',580,', 580, NULL, NULL, NULL, NULL, NULL, b'0'),
	(582, '吉林省长春市南关区', '南关区', ',580,581,', 581, NULL, NULL, NULL, NULL, NULL, b'0'),
	(583, '吉林省长春市宽城区', '宽城区', ',580,581,', 581, NULL, NULL, NULL, NULL, NULL, b'0'),
	(584, '吉林省长春市朝阳区', '朝阳区', ',580,581,', 581, NULL, NULL, NULL, NULL, NULL, b'0'),
	(585, '吉林省长春市二道区', '二道区', ',580,581,', 581, NULL, NULL, NULL, NULL, NULL, b'0'),
	(586, '吉林省长春市绿园区', '绿园区', ',580,581,', 581, NULL, NULL, NULL, NULL, NULL, b'0'),
	(587, '吉林省长春市双阳区', '双阳区', ',580,581,', 581, NULL, NULL, NULL, NULL, NULL, b'0'),
	(588, '吉林省长春市农安县', '农安县', ',580,581,', 581, NULL, NULL, NULL, NULL, NULL, b'0'),
	(589, '吉林省长春市九台市', '九台市', ',580,581,', 581, NULL, NULL, NULL, NULL, NULL, b'0'),
	(590, '吉林省长春市榆树市', '榆树市', ',580,581,', 581, NULL, NULL, NULL, NULL, NULL, b'0'),
	(591, '吉林省长春市德惠市', '德惠市', ',580,581,', 581, NULL, NULL, NULL, NULL, NULL, b'0'),
	(592, '吉林省吉林市', '吉林市', ',580,', 580, NULL, NULL, NULL, NULL, NULL, b'0'),
	(593, '吉林省吉林市昌邑区', '昌邑区', ',580,592,', 592, NULL, NULL, NULL, NULL, NULL, b'0'),
	(594, '吉林省吉林市龙潭区', '龙潭区', ',580,592,', 592, NULL, NULL, NULL, NULL, NULL, b'0'),
	(595, '吉林省吉林市船营区', '船营区', ',580,592,', 592, NULL, NULL, NULL, NULL, NULL, b'0'),
	(596, '吉林省吉林市丰满区', '丰满区', ',580,592,', 592, NULL, NULL, NULL, NULL, NULL, b'0'),
	(597, '吉林省吉林市永吉县', '永吉县', ',580,592,', 592, NULL, NULL, NULL, NULL, NULL, b'0'),
	(598, '吉林省吉林市蛟河市', '蛟河市', ',580,592,', 592, NULL, NULL, NULL, NULL, NULL, b'0'),
	(599, '吉林省吉林市桦甸市', '桦甸市', ',580,592,', 592, NULL, NULL, NULL, NULL, NULL, b'0'),
	(600, '吉林省吉林市舒兰市', '舒兰市', ',580,592,', 592, NULL, NULL, NULL, NULL, NULL, b'0'),
	(601, '吉林省吉林市磐石市', '磐石市', ',580,592,', 592, NULL, NULL, NULL, NULL, NULL, b'0'),
	(602, '吉林省四平市', '四平市', ',580,', 580, NULL, NULL, NULL, NULL, NULL, b'0'),
	(603, '吉林省四平市铁西区', '铁西区', ',580,602,', 602, NULL, NULL, NULL, NULL, NULL, b'0'),
	(604, '吉林省四平市铁东区', '铁东区', ',580,602,', 602, NULL, NULL, NULL, NULL, NULL, b'0'),
	(605, '吉林省四平市梨树县', '梨树县', ',580,602,', 602, NULL, NULL, NULL, NULL, NULL, b'0'),
	(606, '吉林省四平市伊通满族自治县', '伊通满族自治县', ',580,602,', 602, NULL, NULL, NULL, NULL, NULL, b'0'),
	(607, '吉林省四平市公主岭市', '公主岭市', ',580,602,', 602, NULL, NULL, NULL, NULL, NULL, b'0'),
	(608, '吉林省四平市双辽市', '双辽市', ',580,602,', 602, NULL, NULL, NULL, NULL, NULL, b'0'),
	(609, '吉林省辽源市', '辽源市', ',580,', 580, NULL, NULL, NULL, NULL, NULL, b'0'),
	(610, '吉林省辽源市龙山区', '龙山区', ',580,609,', 609, NULL, NULL, NULL, NULL, NULL, b'0'),
	(611, '吉林省辽源市西安区', '西安区', ',580,609,', 609, NULL, NULL, NULL, NULL, NULL, b'0'),
	(612, '吉林省辽源市东丰县', '东丰县', ',580,609,', 609, NULL, NULL, NULL, NULL, NULL, b'0'),
	(613, '吉林省辽源市东辽县', '东辽县', ',580,609,', 609, NULL, NULL, NULL, NULL, NULL, b'0'),
	(614, '吉林省通化市', '通化市', ',580,', 580, NULL, NULL, NULL, NULL, NULL, b'0'),
	(615, '吉林省通化市东昌区', '东昌区', ',580,614,', 614, NULL, NULL, NULL, NULL, NULL, b'0'),
	(616, '吉林省通化市二道江区', '二道江区', ',580,614,', 614, NULL, NULL, NULL, NULL, NULL, b'0'),
	(617, '吉林省通化市通化县', '通化县', ',580,614,', 614, NULL, NULL, NULL, NULL, NULL, b'0'),
	(618, '吉林省通化市辉南县', '辉南县', ',580,614,', 614, NULL, NULL, NULL, NULL, NULL, b'0'),
	(619, '吉林省通化市柳河县', '柳河县', ',580,614,', 614, NULL, NULL, NULL, NULL, NULL, b'0'),
	(620, '吉林省通化市梅河口市', '梅河口市', ',580,614,', 614, NULL, NULL, NULL, NULL, NULL, b'0'),
	(621, '吉林省通化市集安市', '集安市', ',580,614,', 614, NULL, NULL, NULL, NULL, NULL, b'0'),
	(622, '吉林省白山市', '白山市', ',580,', 580, NULL, NULL, NULL, NULL, NULL, b'0'),
	(623, '吉林省白山市浑江区', '浑江区', ',580,622,', 622, NULL, NULL, NULL, NULL, NULL, b'0'),
	(624, '吉林省白山市江源区', '江源区', ',580,622,', 622, NULL, NULL, NULL, NULL, NULL, b'0'),
	(625, '吉林省白山市抚松县', '抚松县', ',580,622,', 622, NULL, NULL, NULL, NULL, NULL, b'0'),
	(626, '吉林省白山市靖宇县', '靖宇县', ',580,622,', 622, NULL, NULL, NULL, NULL, NULL, b'0'),
	(627, '吉林省白山市长白朝鲜族自治县', '长白朝鲜族自治县', ',580,622,', 622, NULL, NULL, NULL, NULL, NULL, b'0'),
	(628, '吉林省白山市临江市', '临江市', ',580,622,', 622, NULL, NULL, NULL, NULL, NULL, b'0'),
	(629, '吉林省松原市', '松原市', ',580,', 580, NULL, NULL, NULL, NULL, NULL, b'0'),
	(630, '吉林省松原市宁江区', '宁江区', ',580,629,', 629, NULL, NULL, NULL, NULL, NULL, b'0'),
	(631, '吉林省松原市前郭尔罗斯蒙古族自治县', '前郭尔罗斯蒙古族自治县', ',580,629,', 629, NULL, NULL, NULL, NULL, NULL, b'0'),
	(632, '吉林省松原市长岭县', '长岭县', ',580,629,', 629, NULL, NULL, NULL, NULL, NULL, b'0'),
	(633, '吉林省松原市乾安县', '乾安县', ',580,629,', 629, NULL, NULL, NULL, NULL, NULL, b'0'),
	(634, '吉林省松原市扶余县', '扶余县', ',580,629,', 629, NULL, NULL, NULL, NULL, NULL, b'0'),
	(635, '吉林省白城市', '白城市', ',580,', 580, NULL, NULL, NULL, NULL, NULL, b'0'),
	(636, '吉林省白城市洮北区', '洮北区', ',580,635,', 635, NULL, NULL, NULL, NULL, NULL, b'0'),
	(637, '吉林省白城市镇赉县', '镇赉县', ',580,635,', 635, NULL, NULL, NULL, NULL, NULL, b'0'),
	(638, '吉林省白城市通榆县', '通榆县', ',580,635,', 635, NULL, NULL, NULL, NULL, NULL, b'0'),
	(639, '吉林省白城市洮南市', '洮南市', ',580,635,', 635, NULL, NULL, NULL, NULL, NULL, b'0'),
	(640, '吉林省白城市大安市', '大安市', ',580,635,', 635, NULL, NULL, NULL, NULL, NULL, b'0'),
	(641, '吉林省延边朝鲜族自治州', '延边朝鲜族自治州', ',580,', 580, NULL, NULL, NULL, NULL, NULL, b'0'),
	(642, '吉林省延边朝鲜族自治州延吉市', '延吉市', ',580,641,', 641, NULL, NULL, NULL, NULL, NULL, b'0'),
	(643, '吉林省延边朝鲜族自治州图们市', '图们市', ',580,641,', 641, NULL, NULL, NULL, NULL, NULL, b'0'),
	(644, '吉林省延边朝鲜族自治州敦化市', '敦化市', ',580,641,', 641, NULL, NULL, NULL, NULL, NULL, b'0'),
	(645, '吉林省延边朝鲜族自治州珲春市', '珲春市', ',580,641,', 641, NULL, NULL, NULL, NULL, NULL, b'0'),
	(646, '吉林省延边朝鲜族自治州龙井市', '龙井市', ',580,641,', 641, NULL, NULL, NULL, NULL, NULL, b'0'),
	(647, '吉林省延边朝鲜族自治州和龙市', '和龙市', ',580,641,', 641, NULL, NULL, NULL, NULL, NULL, b'0'),
	(648, '吉林省延边朝鲜族自治州汪清县', '汪清县', ',580,641,', 641, NULL, NULL, NULL, NULL, NULL, b'0'),
	(649, '吉林省延边朝鲜族自治州安图县', '安图县', ',580,641,', 641, NULL, NULL, NULL, NULL, NULL, b'0'),
	(650, '黑龙江省', '黑龙江省', ',', NULL, NULL, NULL, NULL, NULL, NULL, b'0'),
	(651, '黑龙江省哈尔滨市', '哈尔滨市', ',650,', 650, NULL, NULL, NULL, NULL, NULL, b'0'),
	(652, '黑龙江省哈尔滨市道里区', '道里区', ',650,651,', 651, NULL, NULL, NULL, NULL, NULL, b'0'),
	(653, '黑龙江省哈尔滨市南岗区', '南岗区', ',650,651,', 651, NULL, NULL, NULL, NULL, NULL, b'0'),
	(654, '黑龙江省哈尔滨市道外区', '道外区', ',650,651,', 651, NULL, NULL, NULL, NULL, NULL, b'0'),
	(655, '黑龙江省哈尔滨市平房区', '平房区', ',650,651,', 651, NULL, NULL, NULL, NULL, NULL, b'0'),
	(656, '黑龙江省哈尔滨市松北区', '松北区', ',650,651,', 651, NULL, NULL, NULL, NULL, NULL, b'0'),
	(657, '黑龙江省哈尔滨市香坊区', '香坊区', ',650,651,', 651, NULL, NULL, NULL, NULL, NULL, b'0'),
	(658, '黑龙江省哈尔滨市呼兰区', '呼兰区', ',650,651,', 651, NULL, NULL, NULL, NULL, NULL, b'0'),
	(659, '黑龙江省哈尔滨市阿城区', '阿城区', ',650,651,', 651, NULL, NULL, NULL, NULL, NULL, b'0'),
	(660, '黑龙江省哈尔滨市依兰县', '依兰县', ',650,651,', 651, NULL, NULL, NULL, NULL, NULL, b'0'),
	(661, '黑龙江省哈尔滨市方正县', '方正县', ',650,651,', 651, NULL, NULL, NULL, NULL, NULL, b'0'),
	(662, '黑龙江省哈尔滨市宾县', '宾县', ',650,651,', 651, NULL, NULL, NULL, NULL, NULL, b'0'),
	(663, '黑龙江省哈尔滨市巴彦县', '巴彦县', ',650,651,', 651, NULL, NULL, NULL, NULL, NULL, b'0'),
	(664, '黑龙江省哈尔滨市木兰县', '木兰县', ',650,651,', 651, NULL, NULL, NULL, NULL, NULL, b'0'),
	(665, '黑龙江省哈尔滨市通河县', '通河县', ',650,651,', 651, NULL, NULL, NULL, NULL, NULL, b'0'),
	(666, '黑龙江省哈尔滨市延寿县', '延寿县', ',650,651,', 651, NULL, NULL, NULL, NULL, NULL, b'0'),
	(667, '黑龙江省哈尔滨市双城市', '双城市', ',650,651,', 651, NULL, NULL, NULL, NULL, NULL, b'0'),
	(668, '黑龙江省哈尔滨市尚志市', '尚志市', ',650,651,', 651, NULL, NULL, NULL, NULL, NULL, b'0'),
	(669, '黑龙江省哈尔滨市五常市', '五常市', ',650,651,', 651, NULL, NULL, NULL, NULL, NULL, b'0'),
	(670, '黑龙江省齐齐哈尔市', '齐齐哈尔市', ',650,', 650, NULL, NULL, NULL, NULL, NULL, b'0'),
	(671, '黑龙江省齐齐哈尔市龙沙区', '龙沙区', ',650,670,', 670, NULL, NULL, NULL, NULL, NULL, b'0'),
	(672, '黑龙江省齐齐哈尔市建华区', '建华区', ',650,670,', 670, NULL, NULL, NULL, NULL, NULL, b'0'),
	(673, '黑龙江省齐齐哈尔市铁锋区', '铁锋区', ',650,670,', 670, NULL, NULL, NULL, NULL, NULL, b'0'),
	(674, '黑龙江省齐齐哈尔市昂昂溪区', '昂昂溪区', ',650,670,', 670, NULL, NULL, NULL, NULL, NULL, b'0'),
	(675, '黑龙江省齐齐哈尔市富拉尔基区', '富拉尔基区', ',650,670,', 670, NULL, NULL, NULL, NULL, NULL, b'0'),
	(676, '黑龙江省齐齐哈尔市碾子山区', '碾子山区', ',650,670,', 670, NULL, NULL, NULL, NULL, NULL, b'0'),
	(677, '黑龙江省齐齐哈尔市梅里斯达斡尔族区', '梅里斯达斡尔族区', ',650,670,', 670, NULL, NULL, NULL, NULL, NULL, b'0'),
	(678, '黑龙江省齐齐哈尔市龙江县', '龙江县', ',650,670,', 670, NULL, NULL, NULL, NULL, NULL, b'0'),
	(679, '黑龙江省齐齐哈尔市依安县', '依安县', ',650,670,', 670, NULL, NULL, NULL, NULL, NULL, b'0'),
	(680, '黑龙江省齐齐哈尔市泰来县', '泰来县', ',650,670,', 670, NULL, NULL, NULL, NULL, NULL, b'0'),
	(681, '黑龙江省齐齐哈尔市甘南县', '甘南县', ',650,670,', 670, NULL, NULL, NULL, NULL, NULL, b'0'),
	(682, '黑龙江省齐齐哈尔市富裕县', '富裕县', ',650,670,', 670, NULL, NULL, NULL, NULL, NULL, b'0'),
	(683, '黑龙江省齐齐哈尔市克山县', '克山县', ',650,670,', 670, NULL, NULL, NULL, NULL, NULL, b'0'),
	(684, '黑龙江省齐齐哈尔市克东县', '克东县', ',650,670,', 670, NULL, NULL, NULL, NULL, NULL, b'0'),
	(685, '黑龙江省齐齐哈尔市拜泉县', '拜泉县', ',650,670,', 670, NULL, NULL, NULL, NULL, NULL, b'0'),
	(686, '黑龙江省齐齐哈尔市讷河市', '讷河市', ',650,670,', 670, NULL, NULL, NULL, NULL, NULL, b'0'),
	(687, '黑龙江省鸡西市', '鸡西市', ',650,', 650, NULL, NULL, NULL, NULL, NULL, b'0'),
	(688, '黑龙江省鸡西市鸡冠区', '鸡冠区', ',650,687,', 687, NULL, NULL, NULL, NULL, NULL, b'0'),
	(689, '黑龙江省鸡西市恒山区', '恒山区', ',650,687,', 687, NULL, NULL, NULL, NULL, NULL, b'0'),
	(690, '黑龙江省鸡西市滴道区', '滴道区', ',650,687,', 687, NULL, NULL, NULL, NULL, NULL, b'0'),
	(691, '黑龙江省鸡西市梨树区', '梨树区', ',650,687,', 687, NULL, NULL, NULL, NULL, NULL, b'0'),
	(692, '黑龙江省鸡西市城子河区', '城子河区', ',650,687,', 687, NULL, NULL, NULL, NULL, NULL, b'0'),
	(693, '黑龙江省鸡西市麻山区', '麻山区', ',650,687,', 687, NULL, NULL, NULL, NULL, NULL, b'0'),
	(694, '黑龙江省鸡西市鸡东县', '鸡东县', ',650,687,', 687, NULL, NULL, NULL, NULL, NULL, b'0'),
	(695, '黑龙江省鸡西市虎林市', '虎林市', ',650,687,', 687, NULL, NULL, NULL, NULL, NULL, b'0'),
	(696, '黑龙江省鸡西市密山市', '密山市', ',650,687,', 687, NULL, NULL, NULL, NULL, NULL, b'0'),
	(697, '黑龙江省鹤岗市', '鹤岗市', ',650,', 650, NULL, NULL, NULL, NULL, NULL, b'0'),
	(698, '黑龙江省鹤岗市向阳区', '向阳区', ',650,697,', 697, NULL, NULL, NULL, NULL, NULL, b'0'),
	(699, '黑龙江省鹤岗市工农区', '工农区', ',650,697,', 697, NULL, NULL, NULL, NULL, NULL, b'0'),
	(700, '黑龙江省鹤岗市南山区', '南山区', ',650,697,', 697, NULL, NULL, NULL, NULL, NULL, b'0'),
	(701, '黑龙江省鹤岗市兴安区', '兴安区', ',650,697,', 697, NULL, NULL, NULL, NULL, NULL, b'0'),
	(702, '黑龙江省鹤岗市东山区', '东山区', ',650,697,', 697, NULL, NULL, NULL, NULL, NULL, b'0'),
	(703, '黑龙江省鹤岗市兴山区', '兴山区', ',650,697,', 697, NULL, NULL, NULL, NULL, NULL, b'0'),
	(704, '黑龙江省鹤岗市萝北县', '萝北县', ',650,697,', 697, NULL, NULL, NULL, NULL, NULL, b'0'),
	(705, '黑龙江省鹤岗市绥滨县', '绥滨县', ',650,697,', 697, NULL, NULL, NULL, NULL, NULL, b'0'),
	(706, '黑龙江省双鸭山市', '双鸭山市', ',650,', 650, NULL, NULL, NULL, NULL, NULL, b'0'),
	(707, '黑龙江省双鸭山市尖山区', '尖山区', ',650,706,', 706, NULL, NULL, NULL, NULL, NULL, b'0'),
	(708, '黑龙江省双鸭山市岭东区', '岭东区', ',650,706,', 706, NULL, NULL, NULL, NULL, NULL, b'0'),
	(709, '黑龙江省双鸭山市四方台区', '四方台区', ',650,706,', 706, NULL, NULL, NULL, NULL, NULL, b'0'),
	(710, '黑龙江省双鸭山市宝山区', '宝山区', ',650,706,', 706, NULL, NULL, NULL, NULL, NULL, b'0'),
	(711, '黑龙江省双鸭山市集贤县', '集贤县', ',650,706,', 706, NULL, NULL, NULL, NULL, NULL, b'0'),
	(712, '黑龙江省双鸭山市友谊县', '友谊县', ',650,706,', 706, NULL, NULL, NULL, NULL, NULL, b'0'),
	(713, '黑龙江省双鸭山市宝清县', '宝清县', ',650,706,', 706, NULL, NULL, NULL, NULL, NULL, b'0'),
	(714, '黑龙江省双鸭山市饶河县', '饶河县', ',650,706,', 706, NULL, NULL, NULL, NULL, NULL, b'0'),
	(715, '黑龙江省大庆市', '大庆市', ',650,', 650, NULL, NULL, NULL, NULL, NULL, b'0'),
	(716, '黑龙江省大庆市萨尔图区', '萨尔图区', ',650,715,', 715, NULL, NULL, NULL, NULL, NULL, b'0'),
	(717, '黑龙江省大庆市龙凤区', '龙凤区', ',650,715,', 715, NULL, NULL, NULL, NULL, NULL, b'0'),
	(718, '黑龙江省大庆市让胡路区', '让胡路区', ',650,715,', 715, NULL, NULL, NULL, NULL, NULL, b'0'),
	(719, '黑龙江省大庆市红岗区', '红岗区', ',650,715,', 715, NULL, NULL, NULL, NULL, NULL, b'0'),
	(720, '黑龙江省大庆市大同区', '大同区', ',650,715,', 715, NULL, NULL, NULL, NULL, NULL, b'0'),
	(721, '黑龙江省大庆市肇州县', '肇州县', ',650,715,', 715, NULL, NULL, NULL, NULL, NULL, b'0'),
	(722, '黑龙江省大庆市肇源县', '肇源县', ',650,715,', 715, NULL, NULL, NULL, NULL, NULL, b'0'),
	(723, '黑龙江省大庆市林甸县', '林甸县', ',650,715,', 715, NULL, NULL, NULL, NULL, NULL, b'0'),
	(724, '黑龙江省大庆市杜尔伯特蒙古族自治县', '杜尔伯特蒙古族自治县', ',650,715,', 715, NULL, NULL, NULL, NULL, NULL, b'0'),
	(725, '黑龙江省伊春市', '伊春市', ',650,', 650, NULL, NULL, NULL, NULL, NULL, b'0'),
	(726, '黑龙江省伊春市伊春区', '伊春区', ',650,725,', 725, NULL, NULL, NULL, NULL, NULL, b'0'),
	(727, '黑龙江省伊春市南岔区', '南岔区', ',650,725,', 725, NULL, NULL, NULL, NULL, NULL, b'0'),
	(728, '黑龙江省伊春市友好区', '友好区', ',650,725,', 725, NULL, NULL, NULL, NULL, NULL, b'0'),
	(729, '黑龙江省伊春市西林区', '西林区', ',650,725,', 725, NULL, NULL, NULL, NULL, NULL, b'0'),
	(730, '黑龙江省伊春市翠峦区', '翠峦区', ',650,725,', 725, NULL, NULL, NULL, NULL, NULL, b'0'),
	(731, '黑龙江省伊春市新青区', '新青区', ',650,725,', 725, NULL, NULL, NULL, NULL, NULL, b'0'),
	(732, '黑龙江省伊春市美溪区', '美溪区', ',650,725,', 725, NULL, NULL, NULL, NULL, NULL, b'0'),
	(733, '黑龙江省伊春市金山屯区', '金山屯区', ',650,725,', 725, NULL, NULL, NULL, NULL, NULL, b'0'),
	(734, '黑龙江省伊春市五营区', '五营区', ',650,725,', 725, NULL, NULL, NULL, NULL, NULL, b'0'),
	(735, '黑龙江省伊春市乌马河区', '乌马河区', ',650,725,', 725, NULL, NULL, NULL, NULL, NULL, b'0'),
	(736, '黑龙江省伊春市汤旺河区', '汤旺河区', ',650,725,', 725, NULL, NULL, NULL, NULL, NULL, b'0'),
	(737, '黑龙江省伊春市带岭区', '带岭区', ',650,725,', 725, NULL, NULL, NULL, NULL, NULL, b'0'),
	(738, '黑龙江省伊春市乌伊岭区', '乌伊岭区', ',650,725,', 725, NULL, NULL, NULL, NULL, NULL, b'0'),
	(739, '黑龙江省伊春市红星区', '红星区', ',650,725,', 725, NULL, NULL, NULL, NULL, NULL, b'0'),
	(740, '黑龙江省伊春市上甘岭区', '上甘岭区', ',650,725,', 725, NULL, NULL, NULL, NULL, NULL, b'0'),
	(741, '黑龙江省伊春市嘉荫县', '嘉荫县', ',650,725,', 725, NULL, NULL, NULL, NULL, NULL, b'0'),
	(742, '黑龙江省伊春市铁力市', '铁力市', ',650,725,', 725, NULL, NULL, NULL, NULL, NULL, b'0'),
	(743, '黑龙江省佳木斯市', '佳木斯市', ',650,', 650, NULL, NULL, NULL, NULL, NULL, b'0'),
	(744, '黑龙江省佳木斯市向阳区', '向阳区', ',650,743,', 743, NULL, NULL, NULL, NULL, NULL, b'0'),
	(745, '黑龙江省佳木斯市前进区', '前进区', ',650,743,', 743, NULL, NULL, NULL, NULL, NULL, b'0'),
	(746, '黑龙江省佳木斯市东风区', '东风区', ',650,743,', 743, NULL, NULL, NULL, NULL, NULL, b'0'),
	(747, '黑龙江省佳木斯市郊区', '郊区', ',650,743,', 743, NULL, NULL, NULL, NULL, NULL, b'0'),
	(748, '黑龙江省佳木斯市桦南县', '桦南县', ',650,743,', 743, NULL, NULL, NULL, NULL, NULL, b'0'),
	(749, '黑龙江省佳木斯市桦川县', '桦川县', ',650,743,', 743, NULL, NULL, NULL, NULL, NULL, b'0'),
	(750, '黑龙江省佳木斯市汤原县', '汤原县', ',650,743,', 743, NULL, NULL, NULL, NULL, NULL, b'0'),
	(751, '黑龙江省佳木斯市抚远县', '抚远县', ',650,743,', 743, NULL, NULL, NULL, NULL, NULL, b'0'),
	(752, '黑龙江省佳木斯市同江市', '同江市', ',650,743,', 743, NULL, NULL, NULL, NULL, NULL, b'0'),
	(753, '黑龙江省佳木斯市富锦市', '富锦市', ',650,743,', 743, NULL, NULL, NULL, NULL, NULL, b'0'),
	(754, '黑龙江省七台河市', '七台河市', ',650,', 650, NULL, NULL, NULL, NULL, NULL, b'0'),
	(755, '黑龙江省七台河市新兴区', '新兴区', ',650,754,', 754, NULL, NULL, NULL, NULL, NULL, b'0'),
	(756, '黑龙江省七台河市桃山区', '桃山区', ',650,754,', 754, NULL, NULL, NULL, NULL, NULL, b'0'),
	(757, '黑龙江省七台河市茄子河区', '茄子河区', ',650,754,', 754, NULL, NULL, NULL, NULL, NULL, b'0'),
	(758, '黑龙江省七台河市勃利县', '勃利县', ',650,754,', 754, NULL, NULL, NULL, NULL, NULL, b'0'),
	(759, '黑龙江省牡丹江市', '牡丹江市', ',650,', 650, NULL, NULL, NULL, NULL, NULL, b'0'),
	(760, '黑龙江省牡丹江市东安区', '东安区', ',650,759,', 759, NULL, NULL, NULL, NULL, NULL, b'0'),
	(761, '黑龙江省牡丹江市阳明区', '阳明区', ',650,759,', 759, NULL, NULL, NULL, NULL, NULL, b'0'),
	(762, '黑龙江省牡丹江市爱民区', '爱民区', ',650,759,', 759, NULL, NULL, NULL, NULL, NULL, b'0'),
	(763, '黑龙江省牡丹江市西安区', '西安区', ',650,759,', 759, NULL, NULL, NULL, NULL, NULL, b'0'),
	(764, '黑龙江省牡丹江市东宁县', '东宁县', ',650,759,', 759, NULL, NULL, NULL, NULL, NULL, b'0'),
	(765, '黑龙江省牡丹江市林口县', '林口县', ',650,759,', 759, NULL, NULL, NULL, NULL, NULL, b'0'),
	(766, '黑龙江省牡丹江市绥芬河市', '绥芬河市', ',650,759,', 759, NULL, NULL, NULL, NULL, NULL, b'0'),
	(767, '黑龙江省牡丹江市海林市', '海林市', ',650,759,', 759, NULL, NULL, NULL, NULL, NULL, b'0'),
	(768, '黑龙江省牡丹江市宁安市', '宁安市', ',650,759,', 759, NULL, NULL, NULL, NULL, NULL, b'0'),
	(769, '黑龙江省牡丹江市穆棱市', '穆棱市', ',650,759,', 759, NULL, NULL, NULL, NULL, NULL, b'0'),
	(770, '黑龙江省黑河市', '黑河市', ',650,', 650, NULL, NULL, NULL, NULL, NULL, b'0'),
	(771, '黑龙江省黑河市爱辉区', '爱辉区', ',650,770,', 770, NULL, NULL, NULL, NULL, NULL, b'0'),
	(772, '黑龙江省黑河市嫩江县', '嫩江县', ',650,770,', 770, NULL, NULL, NULL, NULL, NULL, b'0'),
	(773, '黑龙江省黑河市逊克县', '逊克县', ',650,770,', 770, NULL, NULL, NULL, NULL, NULL, b'0'),
	(774, '黑龙江省黑河市孙吴县', '孙吴县', ',650,770,', 770, NULL, NULL, NULL, NULL, NULL, b'0'),
	(775, '黑龙江省黑河市北安市', '北安市', ',650,770,', 770, NULL, NULL, NULL, NULL, NULL, b'0'),
	(776, '黑龙江省黑河市五大连池市', '五大连池市', ',650,770,', 770, NULL, NULL, NULL, NULL, NULL, b'0'),
	(777, '黑龙江省绥化市', '绥化市', ',650,', 650, NULL, NULL, NULL, NULL, NULL, b'0'),
	(778, '黑龙江省绥化市北林区', '北林区', ',650,777,', 777, NULL, NULL, NULL, NULL, NULL, b'0'),
	(779, '黑龙江省绥化市望奎县', '望奎县', ',650,777,', 777, NULL, NULL, NULL, NULL, NULL, b'0'),
	(780, '黑龙江省绥化市兰西县', '兰西县', ',650,777,', 777, NULL, NULL, NULL, NULL, NULL, b'0'),
	(781, '黑龙江省绥化市青冈县', '青冈县', ',650,777,', 777, NULL, NULL, NULL, NULL, NULL, b'0'),
	(782, '黑龙江省绥化市庆安县', '庆安县', ',650,777,', 777, NULL, NULL, NULL, NULL, NULL, b'0'),
	(783, '黑龙江省绥化市明水县', '明水县', ',650,777,', 777, NULL, NULL, NULL, NULL, NULL, b'0'),
	(784, '黑龙江省绥化市绥棱县', '绥棱县', ',650,777,', 777, NULL, NULL, NULL, NULL, NULL, b'0'),
	(785, '黑龙江省绥化市安达市', '安达市', ',650,777,', 777, NULL, NULL, NULL, NULL, NULL, b'0'),
	(786, '黑龙江省绥化市肇东市', '肇东市', ',650,777,', 777, NULL, NULL, NULL, NULL, NULL, b'0'),
	(787, '黑龙江省绥化市海伦市', '海伦市', ',650,777,', 777, NULL, NULL, NULL, NULL, NULL, b'0'),
	(788, '黑龙江省大兴安岭地区', '大兴安岭地区', ',650,', 650, NULL, NULL, NULL, NULL, NULL, b'0'),
	(789, '黑龙江省大兴安岭地区呼玛县', '呼玛县', ',650,788,', 788, NULL, NULL, NULL, NULL, NULL, b'0'),
	(790, '黑龙江省大兴安岭地区塔河县', '塔河县', ',650,788,', 788, NULL, NULL, NULL, NULL, NULL, b'0'),
	(791, '黑龙江省大兴安岭地区漠河县', '漠河县', ',650,788,', 788, NULL, NULL, NULL, NULL, NULL, b'0'),
	(792, '上海市', '上海市', ',', NULL, NULL, NULL, NULL, NULL, NULL, b'0'),
	(793, '上海市黄浦区', '黄浦区', ',792,', 792, NULL, NULL, NULL, NULL, NULL, b'0'),
	(794, '上海市徐汇区', '徐汇区', ',792,', 792, NULL, NULL, NULL, NULL, NULL, b'0'),
	(795, '上海市长宁区', '长宁区', ',792,', 792, NULL, NULL, NULL, NULL, NULL, b'0'),
	(796, '上海市静安区', '静安区', ',792,', 792, NULL, NULL, NULL, NULL, NULL, b'0'),
	(797, '上海市普陀区', '普陀区', ',792,', 792, NULL, NULL, NULL, NULL, NULL, b'0'),
	(798, '上海市闸北区', '闸北区', ',792,', 792, NULL, NULL, NULL, NULL, NULL, b'0'),
	(799, '上海市虹口区', '虹口区', ',792,', 792, NULL, NULL, NULL, NULL, NULL, b'0'),
	(800, '上海市杨浦区', '杨浦区', ',792,', 792, NULL, NULL, NULL, NULL, NULL, b'0'),
	(801, '上海市闵行区', '闵行区', ',792,', 792, NULL, NULL, NULL, NULL, NULL, b'0'),
	(802, '上海市宝山区', '宝山区', ',792,', 792, NULL, NULL, NULL, NULL, NULL, b'0'),
	(803, '上海市嘉定区', '嘉定区', ',792,', 792, NULL, NULL, NULL, NULL, NULL, b'0'),
	(804, '上海市浦东新区', '浦东新区', ',792,', 792, NULL, NULL, NULL, NULL, NULL, b'0'),
	(805, '上海市金山区', '金山区', ',792,', 792, NULL, NULL, NULL, NULL, NULL, b'0'),
	(806, '上海市松江区', '松江区', ',792,', 792, NULL, NULL, NULL, NULL, NULL, b'0'),
	(807, '上海市青浦区', '青浦区', ',792,', 792, NULL, NULL, NULL, NULL, NULL, b'0'),
	(808, '上海市奉贤区', '奉贤区', ',792,', 792, NULL, NULL, NULL, NULL, NULL, b'0'),
	(809, '上海市崇明县', '崇明县', ',792,', 792, NULL, NULL, NULL, NULL, NULL, b'0'),
	(810, '江苏省', '江苏省', ',', NULL, NULL, NULL, NULL, NULL, NULL, b'0'),
	(811, '江苏省南京市', '南京市', ',810,', 810, NULL, NULL, NULL, NULL, NULL, b'0'),
	(812, '江苏省南京市玄武区', '玄武区', ',810,811,', 811, NULL, NULL, NULL, NULL, NULL, b'0'),
	(813, '江苏省南京市白下区', '白下区', ',810,811,', 811, NULL, NULL, NULL, NULL, NULL, b'0'),
	(814, '江苏省南京市秦淮区', '秦淮区', ',810,811,', 811, NULL, NULL, NULL, NULL, NULL, b'0'),
	(815, '江苏省南京市建邺区', '建邺区', ',810,811,', 811, NULL, NULL, NULL, NULL, NULL, b'0'),
	(816, '江苏省南京市鼓楼区', '鼓楼区', ',810,811,', 811, NULL, NULL, NULL, NULL, NULL, b'0'),
	(817, '江苏省南京市下关区', '下关区', ',810,811,', 811, NULL, NULL, NULL, NULL, NULL, b'0'),
	(818, '江苏省南京市浦口区', '浦口区', ',810,811,', 811, NULL, NULL, NULL, NULL, NULL, b'0'),
	(819, '江苏省南京市栖霞区', '栖霞区', ',810,811,', 811, NULL, NULL, NULL, NULL, NULL, b'0'),
	(820, '江苏省南京市雨花台区', '雨花台区', ',810,811,', 811, NULL, NULL, NULL, NULL, NULL, b'0'),
	(821, '江苏省南京市江宁区', '江宁区', ',810,811,', 811, NULL, NULL, NULL, NULL, NULL, b'0'),
	(822, '江苏省南京市六合区', '六合区', ',810,811,', 811, NULL, NULL, NULL, NULL, NULL, b'0'),
	(823, '江苏省南京市溧水县', '溧水县', ',810,811,', 811, NULL, NULL, NULL, NULL, NULL, b'0'),
	(824, '江苏省南京市高淳县', '高淳县', ',810,811,', 811, NULL, NULL, NULL, NULL, NULL, b'0'),
	(825, '江苏省无锡市', '无锡市', ',810,', 810, NULL, NULL, NULL, NULL, NULL, b'0'),
	(826, '江苏省无锡市崇安区', '崇安区', ',810,825,', 825, NULL, NULL, NULL, NULL, NULL, b'0'),
	(827, '江苏省无锡市南长区', '南长区', ',810,825,', 825, NULL, NULL, NULL, NULL, NULL, b'0'),
	(828, '江苏省无锡市北塘区', '北塘区', ',810,825,', 825, NULL, NULL, NULL, NULL, NULL, b'0'),
	(829, '江苏省无锡市锡山区', '锡山区', ',810,825,', 825, NULL, NULL, NULL, NULL, NULL, b'0'),
	(830, '江苏省无锡市惠山区', '惠山区', ',810,825,', 825, NULL, NULL, NULL, NULL, NULL, b'0'),
	(831, '江苏省无锡市滨湖区', '滨湖区', ',810,825,', 825, NULL, NULL, NULL, NULL, NULL, b'0'),
	(832, '江苏省无锡市江阴市', '江阴市', ',810,825,', 825, NULL, NULL, NULL, NULL, NULL, b'0'),
	(833, '江苏省无锡市宜兴市', '宜兴市', ',810,825,', 825, NULL, NULL, NULL, NULL, NULL, b'0'),
	(834, '江苏省徐州市', '徐州市', ',810,', 810, NULL, NULL, NULL, NULL, NULL, b'0'),
	(835, '江苏省徐州市鼓楼区', '鼓楼区', ',810,834,', 834, NULL, NULL, NULL, NULL, NULL, b'0'),
	(836, '江苏省徐州市云龙区', '云龙区', ',810,834,', 834, NULL, NULL, NULL, NULL, NULL, b'0'),
	(837, '江苏省徐州市贾汪区', '贾汪区', ',810,834,', 834, NULL, NULL, NULL, NULL, NULL, b'0'),
	(838, '江苏省徐州市泉山区', '泉山区', ',810,834,', 834, NULL, NULL, NULL, NULL, NULL, b'0'),
	(839, '江苏省徐州市铜山区', '铜山区', ',810,834,', 834, NULL, NULL, NULL, NULL, NULL, b'0'),
	(840, '江苏省徐州市丰县', '丰县', ',810,834,', 834, NULL, NULL, NULL, NULL, NULL, b'0'),
	(841, '江苏省徐州市沛县', '沛县', ',810,834,', 834, NULL, NULL, NULL, NULL, NULL, b'0'),
	(842, '江苏省徐州市睢宁县', '睢宁县', ',810,834,', 834, NULL, NULL, NULL, NULL, NULL, b'0'),
	(843, '江苏省徐州市新沂市', '新沂市', ',810,834,', 834, NULL, NULL, NULL, NULL, NULL, b'0'),
	(844, '江苏省徐州市邳州市', '邳州市', ',810,834,', 834, NULL, NULL, NULL, NULL, NULL, b'0'),
	(845, '江苏省常州市', '常州市', ',810,', 810, NULL, NULL, NULL, NULL, NULL, b'0'),
	(846, '江苏省常州市天宁区', '天宁区', ',810,845,', 845, NULL, NULL, NULL, NULL, NULL, b'0'),
	(847, '江苏省常州市钟楼区', '钟楼区', ',810,845,', 845, NULL, NULL, NULL, NULL, NULL, b'0'),
	(848, '江苏省常州市戚墅堰区', '戚墅堰区', ',810,845,', 845, NULL, NULL, NULL, NULL, NULL, b'0'),
	(849, '江苏省常州市新北区', '新北区', ',810,845,', 845, NULL, NULL, NULL, NULL, NULL, b'0'),
	(850, '江苏省常州市武进区', '武进区', ',810,845,', 845, NULL, NULL, NULL, NULL, NULL, b'0'),
	(851, '江苏省常州市溧阳市', '溧阳市', ',810,845,', 845, NULL, NULL, NULL, NULL, NULL, b'0'),
	(852, '江苏省常州市金坛市', '金坛市', ',810,845,', 845, NULL, NULL, NULL, NULL, NULL, b'0'),
	(853, '江苏省苏州市', '苏州市', ',810,', 810, NULL, NULL, NULL, NULL, NULL, b'0'),
	(854, '江苏省苏州市虎丘区', '虎丘区', ',810,853,', 853, NULL, NULL, NULL, NULL, NULL, b'0'),
	(855, '江苏省苏州市吴中区', '吴中区', ',810,853,', 853, NULL, NULL, NULL, NULL, NULL, b'0'),
	(856, '江苏省苏州市相城区', '相城区', ',810,853,', 853, NULL, NULL, NULL, NULL, NULL, b'0'),
	(857, '江苏省苏州市姑苏区', '姑苏区', ',810,853,', 853, NULL, NULL, NULL, NULL, NULL, b'0'),
	(858, '江苏省苏州市吴江区', '吴江区', ',810,853,', 853, NULL, NULL, NULL, NULL, NULL, b'0'),
	(859, '江苏省苏州市常熟市', '常熟市', ',810,853,', 853, NULL, NULL, NULL, NULL, NULL, b'0'),
	(860, '江苏省苏州市张家港市', '张家港市', ',810,853,', 853, NULL, NULL, NULL, NULL, NULL, b'0'),
	(861, '江苏省苏州市昆山市', '昆山市', ',810,853,', 853, NULL, NULL, NULL, NULL, NULL, b'0'),
	(862, '江苏省苏州市太仓市', '太仓市', ',810,853,', 853, NULL, NULL, NULL, NULL, NULL, b'0'),
	(863, '江苏省南通市', '南通市', ',810,', 810, NULL, NULL, NULL, NULL, NULL, b'0'),
	(864, '江苏省南通市崇川区', '崇川区', ',810,863,', 863, NULL, NULL, NULL, NULL, NULL, b'0'),
	(865, '江苏省南通市港闸区', '港闸区', ',810,863,', 863, NULL, NULL, NULL, NULL, NULL, b'0'),
	(866, '江苏省南通市通州区', '通州区', ',810,863,', 863, NULL, NULL, NULL, NULL, NULL, b'0'),
	(867, '江苏省南通市海安县', '海安县', ',810,863,', 863, NULL, NULL, NULL, NULL, NULL, b'0'),
	(868, '江苏省南通市如东县', '如东县', ',810,863,', 863, NULL, NULL, NULL, NULL, NULL, b'0'),
	(869, '江苏省南通市启东市', '启东市', ',810,863,', 863, NULL, NULL, NULL, NULL, NULL, b'0'),
	(870, '江苏省南通市如皋市', '如皋市', ',810,863,', 863, NULL, NULL, NULL, NULL, NULL, b'0'),
	(871, '江苏省南通市海门市', '海门市', ',810,863,', 863, NULL, NULL, NULL, NULL, NULL, b'0'),
	(872, '江苏省连云港市', '连云港市', ',810,', 810, NULL, NULL, NULL, NULL, NULL, b'0'),
	(873, '江苏省连云港市连云区', '连云区', ',810,872,', 872, NULL, NULL, NULL, NULL, NULL, b'0'),
	(874, '江苏省连云港市新浦区', '新浦区', ',810,872,', 872, NULL, NULL, NULL, NULL, NULL, b'0'),
	(875, '江苏省连云港市海州区', '海州区', ',810,872,', 872, NULL, NULL, NULL, NULL, NULL, b'0'),
	(876, '江苏省连云港市赣榆县', '赣榆县', ',810,872,', 872, NULL, NULL, NULL, NULL, NULL, b'0'),
	(877, '江苏省连云港市东海县', '东海县', ',810,872,', 872, NULL, NULL, NULL, NULL, NULL, b'0'),
	(878, '江苏省连云港市灌云县', '灌云县', ',810,872,', 872, NULL, NULL, NULL, NULL, NULL, b'0'),
	(879, '江苏省连云港市灌南县', '灌南县', ',810,872,', 872, NULL, NULL, NULL, NULL, NULL, b'0'),
	(880, '江苏省淮安市', '淮安市', ',810,', 810, NULL, NULL, NULL, NULL, NULL, b'0'),
	(881, '江苏省淮安市清河区', '清河区', ',810,880,', 880, NULL, NULL, NULL, NULL, NULL, b'0'),
	(882, '江苏省淮安市淮安区', '淮安区', ',810,880,', 880, NULL, NULL, NULL, NULL, NULL, b'0'),
	(883, '江苏省淮安市淮阴区', '淮阴区', ',810,880,', 880, NULL, NULL, NULL, NULL, NULL, b'0'),
	(884, '江苏省淮安市清浦区', '清浦区', ',810,880,', 880, NULL, NULL, NULL, NULL, NULL, b'0'),
	(885, '江苏省淮安市涟水县', '涟水县', ',810,880,', 880, NULL, NULL, NULL, NULL, NULL, b'0'),
	(886, '江苏省淮安市洪泽县', '洪泽县', ',810,880,', 880, NULL, NULL, NULL, NULL, NULL, b'0'),
	(887, '江苏省淮安市盱眙县', '盱眙县', ',810,880,', 880, NULL, NULL, NULL, NULL, NULL, b'0'),
	(888, '江苏省淮安市金湖县', '金湖县', ',810,880,', 880, NULL, NULL, NULL, NULL, NULL, b'0'),
	(889, '江苏省盐城市', '盐城市', ',810,', 810, NULL, NULL, NULL, NULL, NULL, b'0'),
	(890, '江苏省盐城市亭湖区', '亭湖区', ',810,889,', 889, NULL, NULL, NULL, NULL, NULL, b'0'),
	(891, '江苏省盐城市盐都区', '盐都区', ',810,889,', 889, NULL, NULL, NULL, NULL, NULL, b'0'),
	(892, '江苏省盐城市响水县', '响水县', ',810,889,', 889, NULL, NULL, NULL, NULL, NULL, b'0'),
	(893, '江苏省盐城市滨海县', '滨海县', ',810,889,', 889, NULL, NULL, NULL, NULL, NULL, b'0'),
	(894, '江苏省盐城市阜宁县', '阜宁县', ',810,889,', 889, NULL, NULL, NULL, NULL, NULL, b'0'),
	(895, '江苏省盐城市射阳县', '射阳县', ',810,889,', 889, NULL, NULL, NULL, NULL, NULL, b'0'),
	(896, '江苏省盐城市建湖县', '建湖县', ',810,889,', 889, NULL, NULL, NULL, NULL, NULL, b'0'),
	(897, '江苏省盐城市东台市', '东台市', ',810,889,', 889, NULL, NULL, NULL, NULL, NULL, b'0'),
	(898, '江苏省盐城市大丰市', '大丰市', ',810,889,', 889, NULL, NULL, NULL, NULL, NULL, b'0'),
	(899, '江苏省扬州市', '扬州市', ',810,', 810, NULL, NULL, NULL, NULL, NULL, b'0'),
	(900, '江苏省扬州市广陵区', '广陵区', ',810,899,', 899, NULL, NULL, NULL, NULL, NULL, b'0'),
	(901, '江苏省扬州市邗江区', '邗江区', ',810,899,', 899, NULL, NULL, NULL, NULL, NULL, b'0'),
	(902, '江苏省扬州市江都区', '江都区', ',810,899,', 899, NULL, NULL, NULL, NULL, NULL, b'0'),
	(903, '江苏省扬州市宝应县', '宝应县', ',810,899,', 899, NULL, NULL, NULL, NULL, NULL, b'0'),
	(904, '江苏省扬州市仪征市', '仪征市', ',810,899,', 899, NULL, NULL, NULL, NULL, NULL, b'0'),
	(905, '江苏省扬州市高邮市', '高邮市', ',810,899,', 899, NULL, NULL, NULL, NULL, NULL, b'0'),
	(906, '江苏省镇江市', '镇江市', ',810,', 810, NULL, NULL, NULL, NULL, NULL, b'0'),
	(907, '江苏省镇江市京口区', '京口区', ',810,906,', 906, NULL, NULL, NULL, NULL, NULL, b'0'),
	(908, '江苏省镇江市润州区', '润州区', ',810,906,', 906, NULL, NULL, NULL, NULL, NULL, b'0'),
	(909, '江苏省镇江市丹徒区', '丹徒区', ',810,906,', 906, NULL, NULL, NULL, NULL, NULL, b'0'),
	(910, '江苏省镇江市丹阳市', '丹阳市', ',810,906,', 906, NULL, NULL, NULL, NULL, NULL, b'0'),
	(911, '江苏省镇江市扬中市', '扬中市', ',810,906,', 906, NULL, NULL, NULL, NULL, NULL, b'0'),
	(912, '江苏省镇江市句容市', '句容市', ',810,906,', 906, NULL, NULL, NULL, NULL, NULL, b'0'),
	(913, '江苏省泰州市', '泰州市', ',810,', 810, NULL, NULL, NULL, NULL, NULL, b'0'),
	(914, '江苏省泰州市海陵区', '海陵区', ',810,913,', 913, NULL, NULL, NULL, NULL, NULL, b'0'),
	(915, '江苏省泰州市高港区', '高港区', ',810,913,', 913, NULL, NULL, NULL, NULL, NULL, b'0'),
	(916, '江苏省泰州市兴化市', '兴化市', ',810,913,', 913, NULL, NULL, NULL, NULL, NULL, b'0'),
	(917, '江苏省泰州市靖江市', '靖江市', ',810,913,', 913, NULL, NULL, NULL, NULL, NULL, b'0'),
	(918, '江苏省泰州市泰兴市', '泰兴市', ',810,913,', 913, NULL, NULL, NULL, NULL, NULL, b'0'),
	(919, '江苏省泰州市姜堰市', '姜堰市', ',810,913,', 913, NULL, NULL, NULL, NULL, NULL, b'0'),
	(920, '江苏省宿迁市', '宿迁市', ',810,', 810, NULL, NULL, NULL, NULL, NULL, b'0'),
	(921, '江苏省宿迁市宿城区', '宿城区', ',810,920,', 920, NULL, NULL, NULL, NULL, NULL, b'0'),
	(922, '江苏省宿迁市宿豫区', '宿豫区', ',810,920,', 920, NULL, NULL, NULL, NULL, NULL, b'0'),
	(923, '江苏省宿迁市沭阳县', '沭阳县', ',810,920,', 920, NULL, NULL, NULL, NULL, NULL, b'0'),
	(924, '江苏省宿迁市泗阳县', '泗阳县', ',810,920,', 920, NULL, NULL, NULL, NULL, NULL, b'0'),
	(925, '江苏省宿迁市泗洪县', '泗洪县', ',810,920,', 920, NULL, NULL, NULL, NULL, NULL, b'0'),
	(926, '浙江省', '浙江省', ',', NULL, NULL, NULL, NULL, NULL, NULL, b'0'),
	(927, '浙江省杭州市', '杭州市', ',926,', 926, NULL, NULL, NULL, NULL, NULL, b'0'),
	(928, '浙江省杭州市上城区', '上城区', ',926,927,', 927, NULL, NULL, NULL, NULL, NULL, b'0'),
	(929, '浙江省杭州市下城区', '下城区', ',926,927,', 927, NULL, NULL, NULL, NULL, NULL, b'0'),
	(930, '浙江省杭州市江干区', '江干区', ',926,927,', 927, NULL, NULL, NULL, NULL, NULL, b'0'),
	(931, '浙江省杭州市拱墅区', '拱墅区', ',926,927,', 927, NULL, NULL, NULL, NULL, NULL, b'0'),
	(932, '浙江省杭州市西湖区', '西湖区', ',926,927,', 927, NULL, NULL, NULL, NULL, NULL, b'0'),
	(933, '浙江省杭州市滨江区', '滨江区', ',926,927,', 927, NULL, NULL, NULL, NULL, NULL, b'0'),
	(934, '浙江省杭州市萧山区', '萧山区', ',926,927,', 927, NULL, NULL, NULL, NULL, NULL, b'0'),
	(935, '浙江省杭州市余杭区', '余杭区', ',926,927,', 927, NULL, NULL, NULL, NULL, NULL, b'0'),
	(936, '浙江省杭州市桐庐县', '桐庐县', ',926,927,', 927, NULL, NULL, NULL, NULL, NULL, b'0'),
	(937, '浙江省杭州市淳安县', '淳安县', ',926,927,', 927, NULL, NULL, NULL, NULL, NULL, b'0'),
	(938, '浙江省杭州市建德市', '建德市', ',926,927,', 927, NULL, NULL, NULL, NULL, NULL, b'0'),
	(939, '浙江省杭州市富阳市', '富阳市', ',926,927,', 927, NULL, NULL, NULL, NULL, NULL, b'0'),
	(940, '浙江省杭州市临安市', '临安市', ',926,927,', 927, NULL, NULL, NULL, NULL, NULL, b'0'),
	(941, '浙江省宁波市', '宁波市', ',926,', 926, NULL, NULL, NULL, NULL, NULL, b'0'),
	(942, '浙江省宁波市海曙区', '海曙区', ',926,941,', 941, NULL, NULL, NULL, NULL, NULL, b'0'),
	(943, '浙江省宁波市江东区', '江东区', ',926,941,', 941, NULL, NULL, NULL, NULL, NULL, b'0'),
	(944, '浙江省宁波市江北区', '江北区', ',926,941,', 941, NULL, NULL, NULL, NULL, NULL, b'0'),
	(945, '浙江省宁波市北仑区', '北仑区', ',926,941,', 941, NULL, NULL, NULL, NULL, NULL, b'0'),
	(946, '浙江省宁波市镇海区', '镇海区', ',926,941,', 941, NULL, NULL, NULL, NULL, NULL, b'0'),
	(947, '浙江省宁波市鄞州区', '鄞州区', ',926,941,', 941, NULL, NULL, NULL, NULL, NULL, b'0'),
	(948, '浙江省宁波市象山县', '象山县', ',926,941,', 941, NULL, NULL, NULL, NULL, NULL, b'0'),
	(949, '浙江省宁波市宁海县', '宁海县', ',926,941,', 941, NULL, NULL, NULL, NULL, NULL, b'0'),
	(950, '浙江省宁波市余姚市', '余姚市', ',926,941,', 941, NULL, NULL, NULL, NULL, NULL, b'0'),
	(951, '浙江省宁波市慈溪市', '慈溪市', ',926,941,', 941, NULL, NULL, NULL, NULL, NULL, b'0'),
	(952, '浙江省宁波市奉化市', '奉化市', ',926,941,', 941, NULL, NULL, NULL, NULL, NULL, b'0'),
	(953, '浙江省温州市', '温州市', ',926,', 926, NULL, NULL, NULL, NULL, NULL, b'0'),
	(954, '浙江省温州市鹿城区', '鹿城区', ',926,953,', 953, NULL, NULL, NULL, NULL, NULL, b'0'),
	(955, '浙江省温州市龙湾区', '龙湾区', ',926,953,', 953, NULL, NULL, NULL, NULL, NULL, b'0'),
	(956, '浙江省温州市瓯海区', '瓯海区', ',926,953,', 953, NULL, NULL, NULL, NULL, NULL, b'0'),
	(957, '浙江省温州市洞头县', '洞头县', ',926,953,', 953, NULL, NULL, NULL, NULL, NULL, b'0'),
	(958, '浙江省温州市永嘉县', '永嘉县', ',926,953,', 953, NULL, NULL, NULL, NULL, NULL, b'0'),
	(959, '浙江省温州市平阳县', '平阳县', ',926,953,', 953, NULL, NULL, NULL, NULL, NULL, b'0'),
	(960, '浙江省温州市苍南县', '苍南县', ',926,953,', 953, NULL, NULL, NULL, NULL, NULL, b'0'),
	(961, '浙江省温州市文成县', '文成县', ',926,953,', 953, NULL, NULL, NULL, NULL, NULL, b'0'),
	(962, '浙江省温州市泰顺县', '泰顺县', ',926,953,', 953, NULL, NULL, NULL, NULL, NULL, b'0'),
	(963, '浙江省温州市瑞安市', '瑞安市', ',926,953,', 953, NULL, NULL, NULL, NULL, NULL, b'0'),
	(964, '浙江省温州市乐清市', '乐清市', ',926,953,', 953, NULL, NULL, NULL, NULL, NULL, b'0'),
	(965, '浙江省嘉兴市', '嘉兴市', ',926,', 926, NULL, NULL, NULL, NULL, NULL, b'0'),
	(966, '浙江省嘉兴市南湖区', '南湖区', ',926,965,', 965, NULL, NULL, NULL, NULL, NULL, b'0'),
	(967, '浙江省嘉兴市秀洲区', '秀洲区', ',926,965,', 965, NULL, NULL, NULL, NULL, NULL, b'0'),
	(968, '浙江省嘉兴市嘉善县', '嘉善县', ',926,965,', 965, NULL, NULL, NULL, NULL, NULL, b'0'),
	(969, '浙江省嘉兴市海盐县', '海盐县', ',926,965,', 965, NULL, NULL, NULL, NULL, NULL, b'0'),
	(970, '浙江省嘉兴市海宁市', '海宁市', ',926,965,', 965, NULL, NULL, NULL, NULL, NULL, b'0'),
	(971, '浙江省嘉兴市平湖市', '平湖市', ',926,965,', 965, NULL, NULL, NULL, NULL, NULL, b'0'),
	(972, '浙江省嘉兴市桐乡市', '桐乡市', ',926,965,', 965, NULL, NULL, NULL, NULL, NULL, b'0'),
	(973, '浙江省湖州市', '湖州市', ',926,', 926, NULL, NULL, NULL, NULL, NULL, b'0'),
	(974, '浙江省湖州市吴兴区', '吴兴区', ',926,973,', 973, NULL, NULL, NULL, NULL, NULL, b'0'),
	(975, '浙江省湖州市南浔区', '南浔区', ',926,973,', 973, NULL, NULL, NULL, NULL, NULL, b'0'),
	(976, '浙江省湖州市德清县', '德清县', ',926,973,', 973, NULL, NULL, NULL, NULL, NULL, b'0'),
	(977, '浙江省湖州市长兴县', '长兴县', ',926,973,', 973, NULL, NULL, NULL, NULL, NULL, b'0'),
	(978, '浙江省湖州市安吉县', '安吉县', ',926,973,', 973, NULL, NULL, NULL, NULL, NULL, b'0'),
	(979, '浙江省绍兴市', '绍兴市', ',926,', 926, NULL, NULL, NULL, NULL, NULL, b'0'),
	(980, '浙江省绍兴市越城区', '越城区', ',926,979,', 979, NULL, NULL, NULL, NULL, NULL, b'0'),
	(981, '浙江省绍兴市绍兴县', '绍兴县', ',926,979,', 979, NULL, NULL, NULL, NULL, NULL, b'0'),
	(982, '浙江省绍兴市新昌县', '新昌县', ',926,979,', 979, NULL, NULL, NULL, NULL, NULL, b'0'),
	(983, '浙江省绍兴市诸暨市', '诸暨市', ',926,979,', 979, NULL, NULL, NULL, NULL, NULL, b'0'),
	(984, '浙江省绍兴市上虞市', '上虞市', ',926,979,', 979, NULL, NULL, NULL, NULL, NULL, b'0'),
	(985, '浙江省绍兴市嵊州市', '嵊州市', ',926,979,', 979, NULL, NULL, NULL, NULL, NULL, b'0'),
	(986, '浙江省金华市', '金华市', ',926,', 926, NULL, NULL, NULL, NULL, NULL, b'0'),
	(987, '浙江省金华市婺城区', '婺城区', ',926,986,', 986, NULL, NULL, NULL, NULL, NULL, b'0'),
	(988, '浙江省金华市金东区', '金东区', ',926,986,', 986, NULL, NULL, NULL, NULL, NULL, b'0'),
	(989, '浙江省金华市武义县', '武义县', ',926,986,', 986, NULL, NULL, NULL, NULL, NULL, b'0'),
	(990, '浙江省金华市浦江县', '浦江县', ',926,986,', 986, NULL, NULL, NULL, NULL, NULL, b'0'),
	(991, '浙江省金华市磐安县', '磐安县', ',926,986,', 986, NULL, NULL, NULL, NULL, NULL, b'0'),
	(992, '浙江省金华市兰溪市', '兰溪市', ',926,986,', 986, NULL, NULL, NULL, NULL, NULL, b'0'),
	(993, '浙江省金华市义乌市', '义乌市', ',926,986,', 986, NULL, NULL, NULL, NULL, NULL, b'0'),
	(994, '浙江省金华市东阳市', '东阳市', ',926,986,', 986, NULL, NULL, NULL, NULL, NULL, b'0'),
	(995, '浙江省金华市永康市', '永康市', ',926,986,', 986, NULL, NULL, NULL, NULL, NULL, b'0'),
	(996, '浙江省衢州市', '衢州市', ',926,', 926, NULL, NULL, NULL, NULL, NULL, b'0'),
	(997, '浙江省衢州市柯城区', '柯城区', ',926,996,', 996, NULL, NULL, NULL, NULL, NULL, b'0'),
	(998, '浙江省衢州市衢江区', '衢江区', ',926,996,', 996, NULL, NULL, NULL, NULL, NULL, b'0'),
	(999, '浙江省衢州市常山县', '常山县', ',926,996,', 996, NULL, NULL, NULL, NULL, NULL, b'0'),
	(1000, '浙江省衢州市开化县', '开化县', ',926,996,', 996, NULL, NULL, NULL, NULL, NULL, b'0'),
	(1001, '浙江省衢州市龙游县', '龙游县', ',926,996,', 996, NULL, NULL, NULL, NULL, NULL, b'0'),
	(1002, '浙江省衢州市江山市', '江山市', ',926,996,', 996, NULL, NULL, NULL, NULL, NULL, b'0'),
	(1003, '浙江省舟山市', '舟山市', ',926,', 926, NULL, NULL, NULL, NULL, NULL, b'0'),
	(1004, '浙江省舟山市定海区', '定海区', ',926,1003,', 1003, NULL, NULL, NULL, NULL, NULL, b'0'),
	(1005, '浙江省舟山市普陀区', '普陀区', ',926,1003,', 1003, NULL, NULL, NULL, NULL, NULL, b'0'),
	(1006, '浙江省舟山市岱山县', '岱山县', ',926,1003,', 1003, NULL, NULL, NULL, NULL, NULL, b'0'),
	(1007, '浙江省舟山市嵊泗县', '嵊泗县', ',926,1003,', 1003, NULL, NULL, NULL, NULL, NULL, b'0'),
	(1008, '浙江省台州市', '台州市', ',926,', 926, NULL, NULL, NULL, NULL, NULL, b'0'),
	(1009, '浙江省台州市椒江区', '椒江区', ',926,1008,', 1008, NULL, NULL, NULL, NULL, NULL, b'0'),
	(1010, '浙江省台州市黄岩区', '黄岩区', ',926,1008,', 1008, NULL, NULL, NULL, NULL, NULL, b'0'),
	(1011, '浙江省台州市路桥区', '路桥区', ',926,1008,', 1008, NULL, NULL, NULL, NULL, NULL, b'0'),
	(1012, '浙江省台州市玉环县', '玉环县', ',926,1008,', 1008, NULL, NULL, NULL, NULL, NULL, b'0'),
	(1013, '浙江省台州市三门县', '三门县', ',926,1008,', 1008, NULL, NULL, NULL, NULL, NULL, b'0'),
	(1014, '浙江省台州市天台县', '天台县', ',926,1008,', 1008, NULL, NULL, NULL, NULL, NULL, b'0'),
	(1015, '浙江省台州市仙居县', '仙居县', ',926,1008,', 1008, NULL, NULL, NULL, NULL, NULL, b'0'),
	(1016, '浙江省台州市温岭市', '温岭市', ',926,1008,', 1008, NULL, NULL, NULL, NULL, NULL, b'0'),
	(1017, '浙江省台州市临海市', '临海市', ',926,1008,', 1008, NULL, NULL, NULL, NULL, NULL, b'0'),
	(1018, '浙江省丽水市', '丽水市', ',926,', 926, NULL, NULL, NULL, NULL, NULL, b'0'),
	(1019, '浙江省丽水市莲都区', '莲都区', ',926,1018,', 1018, NULL, NULL, NULL, NULL, NULL, b'0'),
	(1020, '浙江省丽水市青田县', '青田县', ',926,1018,', 1018, NULL, NULL, NULL, NULL, NULL, b'0'),
	(1021, '浙江省丽水市缙云县', '缙云县', ',926,1018,', 1018, NULL, NULL, NULL, NULL, NULL, b'0'),
	(1022, '浙江省丽水市遂昌县', '遂昌县', ',926,1018,', 1018, NULL, NULL, NULL, NULL, NULL, b'0'),
	(1023, '浙江省丽水市松阳县', '松阳县', ',926,1018,', 1018, NULL, NULL, NULL, NULL, NULL, b'0'),
	(1024, '浙江省丽水市云和县', '云和县', ',926,1018,', 1018, NULL, NULL, NULL, NULL, NULL, b'0'),
	(1025, '浙江省丽水市庆元县', '庆元县', ',926,1018,', 1018, NULL, NULL, NULL, NULL, NULL, b'0'),
	(1026, '浙江省丽水市景宁畲族自治县', '景宁畲族自治县', ',926,1018,', 1018, NULL, NULL, NULL, NULL, NULL, b'0'),
	(1027, '浙江省丽水市龙泉市', '龙泉市', ',926,1018,', 1018, NULL, NULL, NULL, NULL, NULL, b'0'),
	(1028, '安徽省', '安徽省', ',', NULL, NULL, NULL, NULL, NULL, NULL, b'0'),
	(1029, '安徽省合肥市', '合肥市', ',1028,', 1028, NULL, NULL, NULL, NULL, NULL, b'0'),
	(1030, '安徽省合肥市瑶海区', '瑶海区', ',1028,1029,', 1029, NULL, NULL, NULL, NULL, NULL, b'0'),
	(1031, '安徽省合肥市庐阳区', '庐阳区', ',1028,1029,', 1029, NULL, NULL, NULL, NULL, NULL, b'0'),
	(1032, '安徽省合肥市蜀山区', '蜀山区', ',1028,1029,', 1029, NULL, NULL, NULL, NULL, NULL, b'0'),
	(1033, '安徽省合肥市包河区', '包河区', ',1028,1029,', 1029, NULL, NULL, NULL, NULL, NULL, b'0'),
	(1034, '安徽省合肥市长丰县', '长丰县', ',1028,1029,', 1029, NULL, NULL, NULL, NULL, NULL, b'0'),
	(1035, '安徽省合肥市肥东县', '肥东县', ',1028,1029,', 1029, NULL, NULL, NULL, NULL, NULL, b'0'),
	(1036, '安徽省合肥市肥西县', '肥西县', ',1028,1029,', 1029, NULL, NULL, NULL, NULL, NULL, b'0'),
	(1037, '安徽省合肥市庐江县', '庐江县', ',1028,1029,', 1029, NULL, NULL, NULL, NULL, NULL, b'0'),
	(1038, '安徽省合肥市巢湖市', '巢湖市', ',1028,1029,', 1029, NULL, NULL, NULL, NULL, NULL, b'0'),
	(1039, '安徽省芜湖市', '芜湖市', ',1028,', 1028, NULL, NULL, NULL, NULL, NULL, b'0'),
	(1040, '安徽省芜湖市镜湖区', '镜湖区', ',1028,1039,', 1039, NULL, NULL, NULL, NULL, NULL, b'0'),
	(1041, '安徽省芜湖市弋江区', '弋江区', ',1028,1039,', 1039, NULL, NULL, NULL, NULL, NULL, b'0'),
	(1042, '安徽省芜湖市鸠江区', '鸠江区', ',1028,1039,', 1039, NULL, NULL, NULL, NULL, NULL, b'0'),
	(1043, '安徽省芜湖市三山区', '三山区', ',1028,1039,', 1039, NULL, NULL, NULL, NULL, NULL, b'0'),
	(1044, '安徽省芜湖市芜湖县', '芜湖县', ',1028,1039,', 1039, NULL, NULL, NULL, NULL, NULL, b'0'),
	(1045, '安徽省芜湖市繁昌县', '繁昌县', ',1028,1039,', 1039, NULL, NULL, NULL, NULL, NULL, b'0'),
	(1046, '安徽省芜湖市南陵县', '南陵县', ',1028,1039,', 1039, NULL, NULL, NULL, NULL, NULL, b'0'),
	(1047, '安徽省芜湖市无为县', '无为县', ',1028,1039,', 1039, NULL, NULL, NULL, NULL, NULL, b'0'),
	(1048, '安徽省蚌埠市', '蚌埠市', ',1028,', 1028, NULL, NULL, NULL, NULL, NULL, b'0'),
	(1049, '安徽省蚌埠市龙子湖区', '龙子湖区', ',1028,1048,', 1048, NULL, NULL, NULL, NULL, NULL, b'0'),
	(1050, '安徽省蚌埠市蚌山区', '蚌山区', ',1028,1048,', 1048, NULL, NULL, NULL, NULL, NULL, b'0'),
	(1051, '安徽省蚌埠市禹会区', '禹会区', ',1028,1048,', 1048, NULL, NULL, NULL, NULL, NULL, b'0'),
	(1052, '安徽省蚌埠市淮上区', '淮上区', ',1028,1048,', 1048, NULL, NULL, NULL, NULL, NULL, b'0'),
	(1053, '安徽省蚌埠市怀远县', '怀远县', ',1028,1048,', 1048, NULL, NULL, NULL, NULL, NULL, b'0'),
	(1054, '安徽省蚌埠市五河县', '五河县', ',1028,1048,', 1048, NULL, NULL, NULL, NULL, NULL, b'0'),
	(1055, '安徽省蚌埠市固镇县', '固镇县', ',1028,1048,', 1048, NULL, NULL, NULL, NULL, NULL, b'0'),
	(1056, '安徽省淮南市', '淮南市', ',1028,', 1028, NULL, NULL, NULL, NULL, NULL, b'0'),
	(1057, '安徽省淮南市大通区', '大通区', ',1028,1056,', 1056, NULL, NULL, NULL, NULL, NULL, b'0'),
	(1058, '安徽省淮南市田家庵区', '田家庵区', ',1028,1056,', 1056, NULL, NULL, NULL, NULL, NULL, b'0'),
	(1059, '安徽省淮南市谢家集区', '谢家集区', ',1028,1056,', 1056, NULL, NULL, NULL, NULL, NULL, b'0'),
	(1060, '安徽省淮南市八公山区', '八公山区', ',1028,1056,', 1056, NULL, NULL, NULL, NULL, NULL, b'0'),
	(1061, '安徽省淮南市潘集区', '潘集区', ',1028,1056,', 1056, NULL, NULL, NULL, NULL, NULL, b'0'),
	(1062, '安徽省淮南市凤台县', '凤台县', ',1028,1056,', 1056, NULL, NULL, NULL, NULL, NULL, b'0'),
	(1063, '安徽省马鞍山市', '马鞍山市', ',1028,', 1028, NULL, NULL, NULL, NULL, NULL, b'0'),
	(1064, '安徽省马鞍山市花山区', '花山区', ',1028,1063,', 1063, NULL, NULL, NULL, NULL, NULL, b'0'),
	(1065, '安徽省马鞍山市雨山区', '雨山区', ',1028,1063,', 1063, NULL, NULL, NULL, NULL, NULL, b'0'),
	(1066, '安徽省马鞍山市博望区', '博望区', ',1028,1063,', 1063, NULL, NULL, NULL, NULL, NULL, b'0'),
	(1067, '安徽省马鞍山市当涂县', '当涂县', ',1028,1063,', 1063, NULL, NULL, NULL, NULL, NULL, b'0'),
	(1068, '安徽省马鞍山市含山县', '含山县', ',1028,1063,', 1063, NULL, NULL, NULL, NULL, NULL, b'0'),
	(1069, '安徽省马鞍山市和县', '和县', ',1028,1063,', 1063, NULL, NULL, NULL, NULL, NULL, b'0'),
	(1070, '安徽省淮北市', '淮北市', ',1028,', 1028, NULL, NULL, NULL, NULL, NULL, b'0'),
	(1071, '安徽省淮北市杜集区', '杜集区', ',1028,1070,', 1070, NULL, NULL, NULL, NULL, NULL, b'0'),
	(1072, '安徽省淮北市相山区', '相山区', ',1028,1070,', 1070, NULL, NULL, NULL, NULL, NULL, b'0'),
	(1073, '安徽省淮北市烈山区', '烈山区', ',1028,1070,', 1070, NULL, NULL, NULL, NULL, NULL, b'0'),
	(1074, '安徽省淮北市濉溪县', '濉溪县', ',1028,1070,', 1070, NULL, NULL, NULL, NULL, NULL, b'0'),
	(1075, '安徽省铜陵市', '铜陵市', ',1028,', 1028, NULL, NULL, NULL, NULL, NULL, b'0'),
	(1076, '安徽省铜陵市铜官山区', '铜官山区', ',1028,1075,', 1075, NULL, NULL, NULL, NULL, NULL, b'0'),
	(1077, '安徽省铜陵市狮子山区', '狮子山区', ',1028,1075,', 1075, NULL, NULL, NULL, NULL, NULL, b'0'),
	(1078, '安徽省铜陵市郊区', '郊区', ',1028,1075,', 1075, NULL, NULL, NULL, NULL, NULL, b'0'),
	(1079, '安徽省铜陵市铜陵县', '铜陵县', ',1028,1075,', 1075, NULL, NULL, NULL, NULL, NULL, b'0'),
	(1080, '安徽省安庆市', '安庆市', ',1028,', 1028, NULL, NULL, NULL, NULL, NULL, b'0'),
	(1081, '安徽省安庆市迎江区', '迎江区', ',1028,1080,', 1080, NULL, NULL, NULL, NULL, NULL, b'0'),
	(1082, '安徽省安庆市大观区', '大观区', ',1028,1080,', 1080, NULL, NULL, NULL, NULL, NULL, b'0'),
	(1083, '安徽省安庆市宜秀区', '宜秀区', ',1028,1080,', 1080, NULL, NULL, NULL, NULL, NULL, b'0'),
	(1084, '安徽省安庆市怀宁县', '怀宁县', ',1028,1080,', 1080, NULL, NULL, NULL, NULL, NULL, b'0'),
	(1085, '安徽省安庆市枞阳县', '枞阳县', ',1028,1080,', 1080, NULL, NULL, NULL, NULL, NULL, b'0'),
	(1086, '安徽省安庆市潜山县', '潜山县', ',1028,1080,', 1080, NULL, NULL, NULL, NULL, NULL, b'0'),
	(1087, '安徽省安庆市太湖县', '太湖县', ',1028,1080,', 1080, NULL, NULL, NULL, NULL, NULL, b'0'),
	(1088, '安徽省安庆市宿松县', '宿松县', ',1028,1080,', 1080, NULL, NULL, NULL, NULL, NULL, b'0'),
	(1089, '安徽省安庆市望江县', '望江县', ',1028,1080,', 1080, NULL, NULL, NULL, NULL, NULL, b'0'),
	(1090, '安徽省安庆市岳西县', '岳西县', ',1028,1080,', 1080, NULL, NULL, NULL, NULL, NULL, b'0'),
	(1091, '安徽省安庆市桐城市', '桐城市', ',1028,1080,', 1080, NULL, NULL, NULL, NULL, NULL, b'0'),
	(1092, '安徽省黄山市', '黄山市', ',1028,', 1028, NULL, NULL, NULL, NULL, NULL, b'0'),
	(1093, '安徽省黄山市屯溪区', '屯溪区', ',1028,1092,', 1092, NULL, NULL, NULL, NULL, NULL, b'0'),
	(1094, '安徽省黄山市黄山区', '黄山区', ',1028,1092,', 1092, NULL, NULL, NULL, NULL, NULL, b'0'),
	(1095, '安徽省黄山市徽州区', '徽州区', ',1028,1092,', 1092, NULL, NULL, NULL, NULL, NULL, b'0'),
	(1096, '安徽省黄山市歙县', '歙县', ',1028,1092,', 1092, NULL, NULL, NULL, NULL, NULL, b'0'),
	(1097, '安徽省黄山市休宁县', '休宁县', ',1028,1092,', 1092, NULL, NULL, NULL, NULL, NULL, b'0'),
	(1098, '安徽省黄山市黟县', '黟县', ',1028,1092,', 1092, NULL, NULL, NULL, NULL, NULL, b'0'),
	(1099, '安徽省黄山市祁门县', '祁门县', ',1028,1092,', 1092, NULL, NULL, NULL, NULL, NULL, b'0'),
	(1100, '安徽省滁州市', '滁州市', ',1028,', 1028, NULL, NULL, NULL, NULL, NULL, b'0'),
	(1101, '安徽省滁州市琅琊区', '琅琊区', ',1028,1100,', 1100, NULL, NULL, NULL, NULL, NULL, b'0'),
	(1102, '安徽省滁州市南谯区', '南谯区', ',1028,1100,', 1100, NULL, NULL, NULL, NULL, NULL, b'0'),
	(1103, '安徽省滁州市来安县', '来安县', ',1028,1100,', 1100, NULL, NULL, NULL, NULL, NULL, b'0'),
	(1104, '安徽省滁州市全椒县', '全椒县', ',1028,1100,', 1100, NULL, NULL, NULL, NULL, NULL, b'0'),
	(1105, '安徽省滁州市定远县', '定远县', ',1028,1100,', 1100, NULL, NULL, NULL, NULL, NULL, b'0'),
	(1106, '安徽省滁州市凤阳县', '凤阳县', ',1028,1100,', 1100, NULL, NULL, NULL, NULL, NULL, b'0'),
	(1107, '安徽省滁州市天长市', '天长市', ',1028,1100,', 1100, NULL, NULL, NULL, NULL, NULL, b'0'),
	(1108, '安徽省滁州市明光市', '明光市', ',1028,1100,', 1100, NULL, NULL, NULL, NULL, NULL, b'0'),
	(1109, '安徽省阜阳市', '阜阳市', ',1028,', 1028, NULL, NULL, NULL, NULL, NULL, b'0'),
	(1110, '安徽省阜阳市颍州区', '颍州区', ',1028,1109,', 1109, NULL, NULL, NULL, NULL, NULL, b'0'),
	(1111, '安徽省阜阳市颍东区', '颍东区', ',1028,1109,', 1109, NULL, NULL, NULL, NULL, NULL, b'0'),
	(1112, '安徽省阜阳市颍泉区', '颍泉区', ',1028,1109,', 1109, NULL, NULL, NULL, NULL, NULL, b'0'),
	(1113, '安徽省阜阳市临泉县', '临泉县', ',1028,1109,', 1109, NULL, NULL, NULL, NULL, NULL, b'0'),
	(1114, '安徽省阜阳市太和县', '太和县', ',1028,1109,', 1109, NULL, NULL, NULL, NULL, NULL, b'0'),
	(1115, '安徽省阜阳市阜南县', '阜南县', ',1028,1109,', 1109, NULL, NULL, NULL, NULL, NULL, b'0'),
	(1116, '安徽省阜阳市颍上县', '颍上县', ',1028,1109,', 1109, NULL, NULL, NULL, NULL, NULL, b'0'),
	(1117, '安徽省阜阳市界首市', '界首市', ',1028,1109,', 1109, NULL, NULL, NULL, NULL, NULL, b'0'),
	(1118, '安徽省宿州市', '宿州市', ',1028,', 1028, NULL, NULL, NULL, NULL, NULL, b'0'),
	(1119, '安徽省宿州市埇桥区', '埇桥区', ',1028,1118,', 1118, NULL, NULL, NULL, NULL, NULL, b'0'),
	(1120, '安徽省宿州市砀山县', '砀山县', ',1028,1118,', 1118, NULL, NULL, NULL, NULL, NULL, b'0'),
	(1121, '安徽省宿州市萧县', '萧县', ',1028,1118,', 1118, NULL, NULL, NULL, NULL, NULL, b'0'),
	(1122, '安徽省宿州市灵璧县', '灵璧县', ',1028,1118,', 1118, NULL, NULL, NULL, NULL, NULL, b'0'),
	(1123, '安徽省宿州市泗县', '泗县', ',1028,1118,', 1118, NULL, NULL, NULL, NULL, NULL, b'0'),
	(1124, '安徽省六安市', '六安市', ',1028,', 1028, NULL, NULL, NULL, NULL, NULL, b'0'),
	(1125, '安徽省六安市金安区', '金安区', ',1028,1124,', 1124, NULL, NULL, NULL, NULL, NULL, b'0'),
	(1126, '安徽省六安市裕安区', '裕安区', ',1028,1124,', 1124, NULL, NULL, NULL, NULL, NULL, b'0'),
	(1127, '安徽省六安市寿县', '寿县', ',1028,1124,', 1124, NULL, NULL, NULL, NULL, NULL, b'0'),
	(1128, '安徽省六安市霍邱县', '霍邱县', ',1028,1124,', 1124, NULL, NULL, NULL, NULL, NULL, b'0'),
	(1129, '安徽省六安市舒城县', '舒城县', ',1028,1124,', 1124, NULL, NULL, NULL, NULL, NULL, b'0'),
	(1130, '安徽省六安市金寨县', '金寨县', ',1028,1124,', 1124, NULL, NULL, NULL, NULL, NULL, b'0'),
	(1131, '安徽省六安市霍山县', '霍山县', ',1028,1124,', 1124, NULL, NULL, NULL, NULL, NULL, b'0'),
	(1132, '安徽省亳州市', '亳州市', ',1028,', 1028, NULL, NULL, NULL, NULL, NULL, b'0'),
	(1133, '安徽省亳州市谯城区', '谯城区', ',1028,1132,', 1132, NULL, NULL, NULL, NULL, NULL, b'0'),
	(1134, '安徽省亳州市涡阳县', '涡阳县', ',1028,1132,', 1132, NULL, NULL, NULL, NULL, NULL, b'0'),
	(1135, '安徽省亳州市蒙城县', '蒙城县', ',1028,1132,', 1132, NULL, NULL, NULL, NULL, NULL, b'0'),
	(1136, '安徽省亳州市利辛县', '利辛县', ',1028,1132,', 1132, NULL, NULL, NULL, NULL, NULL, b'0'),
	(1137, '安徽省池州市', '池州市', ',1028,', 1028, NULL, NULL, NULL, NULL, NULL, b'0'),
	(1138, '安徽省池州市贵池区', '贵池区', ',1028,1137,', 1137, NULL, NULL, NULL, NULL, NULL, b'0'),
	(1139, '安徽省池州市东至县', '东至县', ',1028,1137,', 1137, NULL, NULL, NULL, NULL, NULL, b'0'),
	(1140, '安徽省池州市石台县', '石台县', ',1028,1137,', 1137, NULL, NULL, NULL, NULL, NULL, b'0'),
	(1141, '安徽省池州市青阳县', '青阳县', ',1028,1137,', 1137, NULL, NULL, NULL, NULL, NULL, b'0'),
	(1142, '安徽省宣城市', '宣城市', ',1028,', 1028, NULL, NULL, NULL, NULL, NULL, b'0'),
	(1143, '安徽省宣城市宣州区', '宣州区', ',1028,1142,', 1142, NULL, NULL, NULL, NULL, NULL, b'0'),
	(1144, '安徽省宣城市郎溪县', '郎溪县', ',1028,1142,', 1142, NULL, NULL, NULL, NULL, NULL, b'0'),
	(1145, '安徽省宣城市广德县', '广德县', ',1028,1142,', 1142, NULL, NULL, NULL, NULL, NULL, b'0'),
	(1146, '安徽省宣城市泾县', '泾县', ',1028,1142,', 1142, NULL, NULL, NULL, NULL, NULL, b'0'),
	(1147, '安徽省宣城市绩溪县', '绩溪县', ',1028,1142,', 1142, NULL, NULL, NULL, NULL, NULL, b'0'),
	(1148, '安徽省宣城市旌德县', '旌德县', ',1028,1142,', 1142, NULL, NULL, NULL, NULL, NULL, b'0'),
	(1149, '安徽省宣城市宁国市', '宁国市', ',1028,1142,', 1142, NULL, NULL, NULL, NULL, NULL, b'0'),
	(1150, '福建省', '福建省', ',', NULL, NULL, NULL, NULL, NULL, NULL, b'0'),
	(1151, '福建省福州市', '福州市', ',1150,', 1150, NULL, NULL, NULL, NULL, NULL, b'0'),
	(1152, '福建省福州市鼓楼区', '鼓楼区', ',1150,1151,', 1151, NULL, NULL, NULL, NULL, NULL, b'0'),
	(1153, '福建省福州市台江区', '台江区', ',1150,1151,', 1151, NULL, NULL, NULL, NULL, NULL, b'0'),
	(1154, '福建省福州市仓山区', '仓山区', ',1150,1151,', 1151, NULL, NULL, NULL, NULL, NULL, b'0'),
	(1155, '福建省福州市马尾区', '马尾区', ',1150,1151,', 1151, NULL, NULL, NULL, NULL, NULL, b'0'),
	(1156, '福建省福州市晋安区', '晋安区', ',1150,1151,', 1151, NULL, NULL, NULL, NULL, NULL, b'0'),
	(1157, '福建省福州市闽侯县', '闽侯县', ',1150,1151,', 1151, NULL, NULL, NULL, NULL, NULL, b'0'),
	(1158, '福建省福州市连江县', '连江县', ',1150,1151,', 1151, NULL, NULL, NULL, NULL, NULL, b'0'),
	(1159, '福建省福州市罗源县', '罗源县', ',1150,1151,', 1151, NULL, NULL, NULL, NULL, NULL, b'0'),
	(1160, '福建省福州市闽清县', '闽清县', ',1150,1151,', 1151, NULL, NULL, NULL, NULL, NULL, b'0'),
	(1161, '福建省福州市永泰县', '永泰县', ',1150,1151,', 1151, NULL, NULL, NULL, NULL, NULL, b'0'),
	(1162, '福建省福州市平潭县', '平潭县', ',1150,1151,', 1151, NULL, NULL, NULL, NULL, NULL, b'0'),
	(1163, '福建省福州市福清市', '福清市', ',1150,1151,', 1151, NULL, NULL, NULL, NULL, NULL, b'0'),
	(1164, '福建省福州市长乐市', '长乐市', ',1150,1151,', 1151, NULL, NULL, NULL, NULL, NULL, b'0'),
	(1165, '福建省厦门市', '厦门市', ',1150,', 1150, NULL, NULL, NULL, NULL, NULL, b'0'),
	(1166, '福建省厦门市思明区', '思明区', ',1150,1165,', 1165, NULL, NULL, NULL, NULL, NULL, b'0'),
	(1167, '福建省厦门市海沧区', '海沧区', ',1150,1165,', 1165, NULL, NULL, NULL, NULL, NULL, b'0'),
	(1168, '福建省厦门市湖里区', '湖里区', ',1150,1165,', 1165, NULL, NULL, NULL, NULL, NULL, b'0'),
	(1169, '福建省厦门市集美区', '集美区', ',1150,1165,', 1165, NULL, NULL, NULL, NULL, NULL, b'0'),
	(1170, '福建省厦门市同安区', '同安区', ',1150,1165,', 1165, NULL, NULL, NULL, NULL, NULL, b'0'),
	(1171, '福建省厦门市翔安区', '翔安区', ',1150,1165,', 1165, NULL, NULL, NULL, NULL, NULL, b'0'),
	(1172, '福建省莆田市', '莆田市', ',1150,', 1150, NULL, NULL, NULL, NULL, NULL, b'0'),
	(1173, '福建省莆田市城厢区', '城厢区', ',1150,1172,', 1172, NULL, NULL, NULL, NULL, NULL, b'0'),
	(1174, '福建省莆田市涵江区', '涵江区', ',1150,1172,', 1172, NULL, NULL, NULL, NULL, NULL, b'0'),
	(1175, '福建省莆田市荔城区', '荔城区', ',1150,1172,', 1172, NULL, NULL, NULL, NULL, NULL, b'0'),
	(1176, '福建省莆田市秀屿区', '秀屿区', ',1150,1172,', 1172, NULL, NULL, NULL, NULL, NULL, b'0'),
	(1177, '福建省莆田市仙游县', '仙游县', ',1150,1172,', 1172, NULL, NULL, NULL, NULL, NULL, b'0'),
	(1178, '福建省三明市', '三明市', ',1150,', 1150, NULL, NULL, NULL, NULL, NULL, b'0'),
	(1179, '福建省三明市梅列区', '梅列区', ',1150,1178,', 1178, NULL, NULL, NULL, NULL, NULL, b'0'),
	(1180, '福建省三明市三元区', '三元区', ',1150,1178,', 1178, NULL, NULL, NULL, NULL, NULL, b'0'),
	(1181, '福建省三明市明溪县', '明溪县', ',1150,1178,', 1178, NULL, NULL, NULL, NULL, NULL, b'0'),
	(1182, '福建省三明市清流县', '清流县', ',1150,1178,', 1178, NULL, NULL, NULL, NULL, NULL, b'0'),
	(1183, '福建省三明市宁化县', '宁化县', ',1150,1178,', 1178, NULL, NULL, NULL, NULL, NULL, b'0'),
	(1184, '福建省三明市大田县', '大田县', ',1150,1178,', 1178, NULL, NULL, NULL, NULL, NULL, b'0'),
	(1185, '福建省三明市尤溪县', '尤溪县', ',1150,1178,', 1178, NULL, NULL, NULL, NULL, NULL, b'0'),
	(1186, '福建省三明市沙县', '沙县', ',1150,1178,', 1178, NULL, NULL, NULL, NULL, NULL, b'0'),
	(1187, '福建省三明市将乐县', '将乐县', ',1150,1178,', 1178, NULL, NULL, NULL, NULL, NULL, b'0'),
	(1188, '福建省三明市泰宁县', '泰宁县', ',1150,1178,', 1178, NULL, NULL, NULL, NULL, NULL, b'0'),
	(1189, '福建省三明市建宁县', '建宁县', ',1150,1178,', 1178, NULL, NULL, NULL, NULL, NULL, b'0'),
	(1190, '福建省三明市永安市', '永安市', ',1150,1178,', 1178, NULL, NULL, NULL, NULL, NULL, b'0'),
	(1191, '福建省泉州市', '泉州市', ',1150,', 1150, NULL, NULL, NULL, NULL, NULL, b'0'),
	(1192, '福建省泉州市鲤城区', '鲤城区', ',1150,1191,', 1191, NULL, NULL, NULL, NULL, NULL, b'0'),
	(1193, '福建省泉州市丰泽区', '丰泽区', ',1150,1191,', 1191, NULL, NULL, NULL, NULL, NULL, b'0'),
	(1194, '福建省泉州市洛江区', '洛江区', ',1150,1191,', 1191, NULL, NULL, NULL, NULL, NULL, b'0'),
	(1195, '福建省泉州市泉港区', '泉港区', ',1150,1191,', 1191, NULL, NULL, NULL, NULL, NULL, b'0'),
	(1196, '福建省泉州市惠安县', '惠安县', ',1150,1191,', 1191, NULL, NULL, NULL, NULL, NULL, b'0'),
	(1197, '福建省泉州市安溪县', '安溪县', ',1150,1191,', 1191, NULL, NULL, NULL, NULL, NULL, b'0'),
	(1198, '福建省泉州市永春县', '永春县', ',1150,1191,', 1191, NULL, NULL, NULL, NULL, NULL, b'0'),
	(1199, '福建省泉州市德化县', '德化县', ',1150,1191,', 1191, NULL, NULL, NULL, NULL, NULL, b'0'),
	(1200, '福建省泉州市金门县', '金门县', ',1150,1191,', 1191, NULL, NULL, NULL, NULL, NULL, b'0'),
	(1201, '福建省泉州市石狮市', '石狮市', ',1150,1191,', 1191, NULL, NULL, NULL, NULL, NULL, b'0'),
	(1202, '福建省泉州市晋江市', '晋江市', ',1150,1191,', 1191, NULL, NULL, NULL, NULL, NULL, b'0'),
	(1203, '福建省泉州市南安市', '南安市', ',1150,1191,', 1191, NULL, NULL, NULL, NULL, NULL, b'0'),
	(1204, '福建省漳州市', '漳州市', ',1150,', 1150, NULL, NULL, NULL, NULL, NULL, b'0'),
	(1205, '福建省漳州市芗城区', '芗城区', ',1150,1204,', 1204, NULL, NULL, NULL, NULL, NULL, b'0'),
	(1206, '福建省漳州市龙文区', '龙文区', ',1150,1204,', 1204, NULL, NULL, NULL, NULL, NULL, b'0'),
	(1207, '福建省漳州市云霄县', '云霄县', ',1150,1204,', 1204, NULL, NULL, NULL, NULL, NULL, b'0'),
	(1208, '福建省漳州市漳浦县', '漳浦县', ',1150,1204,', 1204, NULL, NULL, NULL, NULL, NULL, b'0'),
	(1209, '福建省漳州市诏安县', '诏安县', ',1150,1204,', 1204, NULL, NULL, NULL, NULL, NULL, b'0'),
	(1210, '福建省漳州市长泰县', '长泰县', ',1150,1204,', 1204, NULL, NULL, NULL, NULL, NULL, b'0'),
	(1211, '福建省漳州市东山县', '东山县', ',1150,1204,', 1204, NULL, NULL, NULL, NULL, NULL, b'0'),
	(1212, '福建省漳州市南靖县', '南靖县', ',1150,1204,', 1204, NULL, NULL, NULL, NULL, NULL, b'0'),
	(1213, '福建省漳州市平和县', '平和县', ',1150,1204,', 1204, NULL, NULL, NULL, NULL, NULL, b'0'),
	(1214, '福建省漳州市华安县', '华安县', ',1150,1204,', 1204, NULL, NULL, NULL, NULL, NULL, b'0'),
	(1215, '福建省漳州市龙海市', '龙海市', ',1150,1204,', 1204, NULL, NULL, NULL, NULL, NULL, b'0'),
	(1216, '福建省南平市', '南平市', ',1150,', 1150, NULL, NULL, NULL, NULL, NULL, b'0'),
	(1217, '福建省南平市延平区', '延平区', ',1150,1216,', 1216, NULL, NULL, NULL, NULL, NULL, b'0'),
	(1218, '福建省南平市顺昌县', '顺昌县', ',1150,1216,', 1216, NULL, NULL, NULL, NULL, NULL, b'0'),
	(1219, '福建省南平市浦城县', '浦城县', ',1150,1216,', 1216, NULL, NULL, NULL, NULL, NULL, b'0'),
	(1220, '福建省南平市光泽县', '光泽县', ',1150,1216,', 1216, NULL, NULL, NULL, NULL, NULL, b'0'),
	(1221, '福建省南平市松溪县', '松溪县', ',1150,1216,', 1216, NULL, NULL, NULL, NULL, NULL, b'0'),
	(1222, '福建省南平市政和县', '政和县', ',1150,1216,', 1216, NULL, NULL, NULL, NULL, NULL, b'0'),
	(1223, '福建省南平市邵武市', '邵武市', ',1150,1216,', 1216, NULL, NULL, NULL, NULL, NULL, b'0'),
	(1224, '福建省南平市武夷山市', '武夷山市', ',1150,1216,', 1216, NULL, NULL, NULL, NULL, NULL, b'0'),
	(1225, '福建省南平市建瓯市', '建瓯市', ',1150,1216,', 1216, NULL, NULL, NULL, NULL, NULL, b'0'),
	(1226, '福建省南平市建阳市', '建阳市', ',1150,1216,', 1216, NULL, NULL, NULL, NULL, NULL, b'0'),
	(1227, '福建省龙岩市', '龙岩市', ',1150,', 1150, NULL, NULL, NULL, NULL, NULL, b'0'),
	(1228, '福建省龙岩市新罗区', '新罗区', ',1150,1227,', 1227, NULL, NULL, NULL, NULL, NULL, b'0'),
	(1229, '福建省龙岩市长汀县', '长汀县', ',1150,1227,', 1227, NULL, NULL, NULL, NULL, NULL, b'0'),
	(1230, '福建省龙岩市永定县', '永定县', ',1150,1227,', 1227, NULL, NULL, NULL, NULL, NULL, b'0'),
	(1231, '福建省龙岩市上杭县', '上杭县', ',1150,1227,', 1227, NULL, NULL, NULL, NULL, NULL, b'0'),
	(1232, '福建省龙岩市武平县', '武平县', ',1150,1227,', 1227, NULL, NULL, NULL, NULL, NULL, b'0'),
	(1233, '福建省龙岩市连城县', '连城县', ',1150,1227,', 1227, NULL, NULL, NULL, NULL, NULL, b'0'),
	(1234, '福建省龙岩市漳平市', '漳平市', ',1150,1227,', 1227, NULL, NULL, NULL, NULL, NULL, b'0'),
	(1235, '福建省宁德市', '宁德市', ',1150,', 1150, NULL, NULL, NULL, NULL, NULL, b'0'),
	(1236, '福建省宁德市蕉城区', '蕉城区', ',1150,1235,', 1235, NULL, NULL, NULL, NULL, NULL, b'0'),
	(1237, '福建省宁德市霞浦县', '霞浦县', ',1150,1235,', 1235, NULL, NULL, NULL, NULL, NULL, b'0'),
	(1238, '福建省宁德市古田县', '古田县', ',1150,1235,', 1235, NULL, NULL, NULL, NULL, NULL, b'0'),
	(1239, '福建省宁德市屏南县', '屏南县', ',1150,1235,', 1235, NULL, NULL, NULL, NULL, NULL, b'0'),
	(1240, '福建省宁德市寿宁县', '寿宁县', ',1150,1235,', 1235, NULL, NULL, NULL, NULL, NULL, b'0'),
	(1241, '福建省宁德市周宁县', '周宁县', ',1150,1235,', 1235, NULL, NULL, NULL, NULL, NULL, b'0'),
	(1242, '福建省宁德市柘荣县', '柘荣县', ',1150,1235,', 1235, NULL, NULL, NULL, NULL, NULL, b'0'),
	(1243, '福建省宁德市福安市', '福安市', ',1150,1235,', 1235, NULL, NULL, NULL, NULL, NULL, b'0'),
	(1244, '福建省宁德市福鼎市', '福鼎市', ',1150,1235,', 1235, NULL, NULL, NULL, NULL, NULL, b'0'),
	(1245, '江西省', '江西省', ',', NULL, NULL, NULL, NULL, NULL, NULL, b'0'),
	(1246, '江西省南昌市', '南昌市', ',1245,', 1245, NULL, NULL, NULL, NULL, NULL, b'0'),
	(1247, '江西省南昌市东湖区', '东湖区', ',1245,1246,', 1246, NULL, NULL, NULL, NULL, NULL, b'0'),
	(1248, '江西省南昌市西湖区', '西湖区', ',1245,1246,', 1246, NULL, NULL, NULL, NULL, NULL, b'0'),
	(1249, '江西省南昌市青云谱区', '青云谱区', ',1245,1246,', 1246, NULL, NULL, NULL, NULL, NULL, b'0'),
	(1250, '江西省南昌市湾里区', '湾里区', ',1245,1246,', 1246, NULL, NULL, NULL, NULL, NULL, b'0'),
	(1251, '江西省南昌市青山湖区', '青山湖区', ',1245,1246,', 1246, NULL, NULL, NULL, NULL, NULL, b'0'),
	(1252, '江西省南昌市南昌县', '南昌县', ',1245,1246,', 1246, NULL, NULL, NULL, NULL, NULL, b'0'),
	(1253, '江西省南昌市新建县', '新建县', ',1245,1246,', 1246, NULL, NULL, NULL, NULL, NULL, b'0'),
	(1254, '江西省南昌市安义县', '安义县', ',1245,1246,', 1246, NULL, NULL, NULL, NULL, NULL, b'0'),
	(1255, '江西省南昌市进贤县', '进贤县', ',1245,1246,', 1246, NULL, NULL, NULL, NULL, NULL, b'0'),
	(1256, '江西省景德镇市', '景德镇市', ',1245,', 1245, NULL, NULL, NULL, NULL, NULL, b'0'),
	(1257, '江西省景德镇市昌江区', '昌江区', ',1245,1256,', 1256, NULL, NULL, NULL, NULL, NULL, b'0'),
	(1258, '江西省景德镇市珠山区', '珠山区', ',1245,1256,', 1256, NULL, NULL, NULL, NULL, NULL, b'0'),
	(1259, '江西省景德镇市浮梁县', '浮梁县', ',1245,1256,', 1256, NULL, NULL, NULL, NULL, NULL, b'0'),
	(1260, '江西省景德镇市乐平市', '乐平市', ',1245,1256,', 1256, NULL, NULL, NULL, NULL, NULL, b'0'),
	(1261, '江西省萍乡市', '萍乡市', ',1245,', 1245, NULL, NULL, NULL, NULL, NULL, b'0'),
	(1262, '江西省萍乡市安源区', '安源区', ',1245,1261,', 1261, NULL, NULL, NULL, NULL, NULL, b'0'),
	(1263, '江西省萍乡市湘东区', '湘东区', ',1245,1261,', 1261, NULL, NULL, NULL, NULL, NULL, b'0'),
	(1264, '江西省萍乡市莲花县', '莲花县', ',1245,1261,', 1261, NULL, NULL, NULL, NULL, NULL, b'0'),
	(1265, '江西省萍乡市上栗县', '上栗县', ',1245,1261,', 1261, NULL, NULL, NULL, NULL, NULL, b'0'),
	(1266, '江西省萍乡市芦溪县', '芦溪县', ',1245,1261,', 1261, NULL, NULL, NULL, NULL, NULL, b'0'),
	(1267, '江西省九江市', '九江市', ',1245,', 1245, NULL, NULL, NULL, NULL, NULL, b'0'),
	(1268, '江西省九江市庐山区', '庐山区', ',1245,1267,', 1267, NULL, NULL, NULL, NULL, NULL, b'0'),
	(1269, '江西省九江市浔阳区', '浔阳区', ',1245,1267,', 1267, NULL, NULL, NULL, NULL, NULL, b'0'),
	(1270, '江西省九江市九江县', '九江县', ',1245,1267,', 1267, NULL, NULL, NULL, NULL, NULL, b'0'),
	(1271, '江西省九江市武宁县', '武宁县', ',1245,1267,', 1267, NULL, NULL, NULL, NULL, NULL, b'0'),
	(1272, '江西省九江市修水县', '修水县', ',1245,1267,', 1267, NULL, NULL, NULL, NULL, NULL, b'0'),
	(1273, '江西省九江市永修县', '永修县', ',1245,1267,', 1267, NULL, NULL, NULL, NULL, NULL, b'0'),
	(1274, '江西省九江市德安县', '德安县', ',1245,1267,', 1267, NULL, NULL, NULL, NULL, NULL, b'0'),
	(1275, '江西省九江市星子县', '星子县', ',1245,1267,', 1267, NULL, NULL, NULL, NULL, NULL, b'0'),
	(1276, '江西省九江市都昌县', '都昌县', ',1245,1267,', 1267, NULL, NULL, NULL, NULL, NULL, b'0'),
	(1277, '江西省九江市湖口县', '湖口县', ',1245,1267,', 1267, NULL, NULL, NULL, NULL, NULL, b'0'),
	(1278, '江西省九江市彭泽县', '彭泽县', ',1245,1267,', 1267, NULL, NULL, NULL, NULL, NULL, b'0'),
	(1279, '江西省九江市瑞昌市', '瑞昌市', ',1245,1267,', 1267, NULL, NULL, NULL, NULL, NULL, b'0'),
	(1280, '江西省九江市共青城市', '共青城市', ',1245,1267,', 1267, NULL, NULL, NULL, NULL, NULL, b'0'),
	(1281, '江西省新余市', '新余市', ',1245,', 1245, NULL, NULL, NULL, NULL, NULL, b'0'),
	(1282, '江西省新余市渝水区', '渝水区', ',1245,1281,', 1281, NULL, NULL, NULL, NULL, NULL, b'0'),
	(1283, '江西省新余市分宜县', '分宜县', ',1245,1281,', 1281, NULL, NULL, NULL, NULL, NULL, b'0'),
	(1284, '江西省鹰潭市', '鹰潭市', ',1245,', 1245, NULL, NULL, NULL, NULL, NULL, b'0'),
	(1285, '江西省鹰潭市月湖区', '月湖区', ',1245,1284,', 1284, NULL, NULL, NULL, NULL, NULL, b'0'),
	(1286, '江西省鹰潭市余江县', '余江县', ',1245,1284,', 1284, NULL, NULL, NULL, NULL, NULL, b'0'),
	(1287, '江西省鹰潭市贵溪市', '贵溪市', ',1245,1284,', 1284, NULL, NULL, NULL, NULL, NULL, b'0'),
	(1288, '江西省赣州市', '赣州市', ',1245,', 1245, NULL, NULL, NULL, NULL, NULL, b'0'),
	(1289, '江西省赣州市章贡区', '章贡区', ',1245,1288,', 1288, NULL, NULL, NULL, NULL, NULL, b'0'),
	(1290, '江西省赣州市赣县', '赣县', ',1245,1288,', 1288, NULL, NULL, NULL, NULL, NULL, b'0'),
	(1291, '江西省赣州市信丰县', '信丰县', ',1245,1288,', 1288, NULL, NULL, NULL, NULL, NULL, b'0'),
	(1292, '江西省赣州市大余县', '大余县', ',1245,1288,', 1288, NULL, NULL, NULL, NULL, NULL, b'0'),
	(1293, '江西省赣州市上犹县', '上犹县', ',1245,1288,', 1288, NULL, NULL, NULL, NULL, NULL, b'0'),
	(1294, '江西省赣州市崇义县', '崇义县', ',1245,1288,', 1288, NULL, NULL, NULL, NULL, NULL, b'0'),
	(1295, '江西省赣州市安远县', '安远县', ',1245,1288,', 1288, NULL, NULL, NULL, NULL, NULL, b'0'),
	(1296, '江西省赣州市龙南县', '龙南县', ',1245,1288,', 1288, NULL, NULL, NULL, NULL, NULL, b'0'),
	(1297, '江西省赣州市定南县', '定南县', ',1245,1288,', 1288, NULL, NULL, NULL, NULL, NULL, b'0'),
	(1298, '江西省赣州市全南县', '全南县', ',1245,1288,', 1288, NULL, NULL, NULL, NULL, NULL, b'0'),
	(1299, '江西省赣州市宁都县', '宁都县', ',1245,1288,', 1288, NULL, NULL, NULL, NULL, NULL, b'0'),
	(1300, '江西省赣州市于都县', '于都县', ',1245,1288,', 1288, NULL, NULL, NULL, NULL, NULL, b'0'),
	(1301, '江西省赣州市兴国县', '兴国县', ',1245,1288,', 1288, NULL, NULL, NULL, NULL, NULL, b'0'),
	(1302, '江西省赣州市会昌县', '会昌县', ',1245,1288,', 1288, NULL, NULL, NULL, NULL, NULL, b'0'),
	(1303, '江西省赣州市寻乌县', '寻乌县', ',1245,1288,', 1288, NULL, NULL, NULL, NULL, NULL, b'0'),
	(1304, '江西省赣州市石城县', '石城县', ',1245,1288,', 1288, NULL, NULL, NULL, NULL, NULL, b'0'),
	(1305, '江西省赣州市瑞金市', '瑞金市', ',1245,1288,', 1288, NULL, NULL, NULL, NULL, NULL, b'0'),
	(1306, '江西省赣州市南康市', '南康市', ',1245,1288,', 1288, NULL, NULL, NULL, NULL, NULL, b'0'),
	(1307, '江西省吉安市', '吉安市', ',1245,', 1245, NULL, NULL, NULL, NULL, NULL, b'0'),
	(1308, '江西省吉安市吉州区', '吉州区', ',1245,1307,', 1307, NULL, NULL, NULL, NULL, NULL, b'0'),
	(1309, '江西省吉安市青原区', '青原区', ',1245,1307,', 1307, NULL, NULL, NULL, NULL, NULL, b'0'),
	(1310, '江西省吉安市吉安县', '吉安县', ',1245,1307,', 1307, NULL, NULL, NULL, NULL, NULL, b'0'),
	(1311, '江西省吉安市吉水县', '吉水县', ',1245,1307,', 1307, NULL, NULL, NULL, NULL, NULL, b'0'),
	(1312, '江西省吉安市峡江县', '峡江县', ',1245,1307,', 1307, NULL, NULL, NULL, NULL, NULL, b'0'),
	(1313, '江西省吉安市新干县', '新干县', ',1245,1307,', 1307, NULL, NULL, NULL, NULL, NULL, b'0'),
	(1314, '江西省吉安市永丰县', '永丰县', ',1245,1307,', 1307, NULL, NULL, NULL, NULL, NULL, b'0'),
	(1315, '江西省吉安市泰和县', '泰和县', ',1245,1307,', 1307, NULL, NULL, NULL, NULL, NULL, b'0'),
	(1316, '江西省吉安市遂川县', '遂川县', ',1245,1307,', 1307, NULL, NULL, NULL, NULL, NULL, b'0'),
	(1317, '江西省吉安市万安县', '万安县', ',1245,1307,', 1307, NULL, NULL, NULL, NULL, NULL, b'0'),
	(1318, '江西省吉安市安福县', '安福县', ',1245,1307,', 1307, NULL, NULL, NULL, NULL, NULL, b'0'),
	(1319, '江西省吉安市永新县', '永新县', ',1245,1307,', 1307, NULL, NULL, NULL, NULL, NULL, b'0'),
	(1320, '江西省吉安市井冈山市', '井冈山市', ',1245,1307,', 1307, NULL, NULL, NULL, NULL, NULL, b'0'),
	(1321, '江西省宜春市', '宜春市', ',1245,', 1245, NULL, NULL, NULL, NULL, NULL, b'0'),
	(1322, '江西省宜春市袁州区', '袁州区', ',1245,1321,', 1321, NULL, NULL, NULL, NULL, NULL, b'0'),
	(1323, '江西省宜春市奉新县', '奉新县', ',1245,1321,', 1321, NULL, NULL, NULL, NULL, NULL, b'0'),
	(1324, '江西省宜春市万载县', '万载县', ',1245,1321,', 1321, NULL, NULL, NULL, NULL, NULL, b'0'),
	(1325, '江西省宜春市上高县', '上高县', ',1245,1321,', 1321, NULL, NULL, NULL, NULL, NULL, b'0'),
	(1326, '江西省宜春市宜丰县', '宜丰县', ',1245,1321,', 1321, NULL, NULL, NULL, NULL, NULL, b'0'),
	(1327, '江西省宜春市靖安县', '靖安县', ',1245,1321,', 1321, NULL, NULL, NULL, NULL, NULL, b'0'),
	(1328, '江西省宜春市铜鼓县', '铜鼓县', ',1245,1321,', 1321, NULL, NULL, NULL, NULL, NULL, b'0'),
	(1329, '江西省宜春市丰城市', '丰城市', ',1245,1321,', 1321, NULL, NULL, NULL, NULL, NULL, b'0'),
	(1330, '江西省宜春市樟树市', '樟树市', ',1245,1321,', 1321, NULL, NULL, NULL, NULL, NULL, b'0'),
	(1331, '江西省宜春市高安市', '高安市', ',1245,1321,', 1321, NULL, NULL, NULL, NULL, NULL, b'0'),
	(1332, '江西省抚州市', '抚州市', ',1245,', 1245, NULL, NULL, NULL, NULL, NULL, b'0'),
	(1333, '江西省抚州市临川区', '临川区', ',1245,1332,', 1332, NULL, NULL, NULL, NULL, NULL, b'0'),
	(1334, '江西省抚州市南城县', '南城县', ',1245,1332,', 1332, NULL, NULL, NULL, NULL, NULL, b'0'),
	(1335, '江西省抚州市黎川县', '黎川县', ',1245,1332,', 1332, NULL, NULL, NULL, NULL, NULL, b'0'),
	(1336, '江西省抚州市南丰县', '南丰县', ',1245,1332,', 1332, NULL, NULL, NULL, NULL, NULL, b'0'),
	(1337, '江西省抚州市崇仁县', '崇仁县', ',1245,1332,', 1332, NULL, NULL, NULL, NULL, NULL, b'0'),
	(1338, '江西省抚州市乐安县', '乐安县', ',1245,1332,', 1332, NULL, NULL, NULL, NULL, NULL, b'0'),
	(1339, '江西省抚州市宜黄县', '宜黄县', ',1245,1332,', 1332, NULL, NULL, NULL, NULL, NULL, b'0'),
	(1340, '江西省抚州市金溪县', '金溪县', ',1245,1332,', 1332, NULL, NULL, NULL, NULL, NULL, b'0'),
	(1341, '江西省抚州市资溪县', '资溪县', ',1245,1332,', 1332, NULL, NULL, NULL, NULL, NULL, b'0'),
	(1342, '江西省抚州市东乡县', '东乡县', ',1245,1332,', 1332, NULL, NULL, NULL, NULL, NULL, b'0'),
	(1343, '江西省抚州市广昌县', '广昌县', ',1245,1332,', 1332, NULL, NULL, NULL, NULL, NULL, b'0'),
	(1344, '江西省上饶市', '上饶市', ',1245,', 1245, NULL, NULL, NULL, NULL, NULL, b'0'),
	(1345, '江西省上饶市信州区', '信州区', ',1245,1344,', 1344, NULL, NULL, NULL, NULL, NULL, b'0'),
	(1346, '江西省上饶市上饶县', '上饶县', ',1245,1344,', 1344, NULL, NULL, NULL, NULL, NULL, b'0'),
	(1347, '江西省上饶市广丰县', '广丰县', ',1245,1344,', 1344, NULL, NULL, NULL, NULL, NULL, b'0'),
	(1348, '江西省上饶市玉山县', '玉山县', ',1245,1344,', 1344, NULL, NULL, NULL, NULL, NULL, b'0'),
	(1349, '江西省上饶市铅山县', '铅山县', ',1245,1344,', 1344, NULL, NULL, NULL, NULL, NULL, b'0'),
	(1350, '江西省上饶市横峰县', '横峰县', ',1245,1344,', 1344, NULL, NULL, NULL, NULL, NULL, b'0'),
	(1351, '江西省上饶市弋阳县', '弋阳县', ',1245,1344,', 1344, NULL, NULL, NULL, NULL, NULL, b'0'),
	(1352, '江西省上饶市余干县', '余干县', ',1245,1344,', 1344, NULL, NULL, NULL, NULL, NULL, b'0'),
	(1353, '江西省上饶市鄱阳县', '鄱阳县', ',1245,1344,', 1344, NULL, NULL, NULL, NULL, NULL, b'0'),
	(1354, '江西省上饶市万年县', '万年县', ',1245,1344,', 1344, NULL, NULL, NULL, NULL, NULL, b'0'),
	(1355, '江西省上饶市婺源县', '婺源县', ',1245,1344,', 1344, NULL, NULL, NULL, NULL, NULL, b'0'),
	(1356, '江西省上饶市德兴市', '德兴市', ',1245,1344,', 1344, NULL, NULL, NULL, NULL, NULL, b'0'),
	(1357, '山东省', '山东省', ',', NULL, NULL, NULL, NULL, NULL, NULL, b'0'),
	(1358, '山东省济南市', '济南市', ',1357,', 1357, NULL, NULL, NULL, NULL, NULL, b'0'),
	(1359, '山东省济南市历下区', '历下区', ',1357,1358,', 1358, NULL, NULL, NULL, NULL, NULL, b'0'),
	(1360, '山东省济南市市中区', '市中区', ',1357,1358,', 1358, NULL, NULL, NULL, NULL, NULL, b'0'),
	(1361, '山东省济南市槐荫区', '槐荫区', ',1357,1358,', 1358, NULL, NULL, NULL, NULL, NULL, b'0'),
	(1362, '山东省济南市天桥区', '天桥区', ',1357,1358,', 1358, NULL, NULL, NULL, NULL, NULL, b'0'),
	(1363, '山东省济南市历城区', '历城区', ',1357,1358,', 1358, NULL, NULL, NULL, NULL, NULL, b'0'),
	(1364, '山东省济南市长清区', '长清区', ',1357,1358,', 1358, NULL, NULL, NULL, NULL, NULL, b'0'),
	(1365, '山东省济南市平阴县', '平阴县', ',1357,1358,', 1358, NULL, NULL, NULL, NULL, NULL, b'0'),
	(1366, '山东省济南市济阳县', '济阳县', ',1357,1358,', 1358, NULL, NULL, NULL, NULL, NULL, b'0'),
	(1367, '山东省济南市商河县', '商河县', ',1357,1358,', 1358, NULL, NULL, NULL, NULL, NULL, b'0'),
	(1368, '山东省济南市章丘市', '章丘市', ',1357,1358,', 1358, NULL, NULL, NULL, NULL, NULL, b'0'),
	(1369, '山东省青岛市', '青岛市', ',1357,', 1357, NULL, NULL, NULL, NULL, NULL, b'0'),
	(1370, '山东省青岛市市南区', '市南区', ',1357,1369,', 1369, NULL, NULL, NULL, NULL, NULL, b'0'),
	(1371, '山东省青岛市市北区', '市北区', ',1357,1369,', 1369, NULL, NULL, NULL, NULL, NULL, b'0'),
	(1372, '山东省青岛市四方区', '四方区', ',1357,1369,', 1369, NULL, NULL, NULL, NULL, NULL, b'0'),
	(1373, '山东省青岛市黄岛区', '黄岛区', ',1357,1369,', 1369, NULL, NULL, NULL, NULL, NULL, b'0'),
	(1374, '山东省青岛市崂山区', '崂山区', ',1357,1369,', 1369, NULL, NULL, NULL, NULL, NULL, b'0'),
	(1375, '山东省青岛市李沧区', '李沧区', ',1357,1369,', 1369, NULL, NULL, NULL, NULL, NULL, b'0'),
	(1376, '山东省青岛市城阳区', '城阳区', ',1357,1369,', 1369, NULL, NULL, NULL, NULL, NULL, b'0'),
	(1377, '山东省青岛市胶州市', '胶州市', ',1357,1369,', 1369, NULL, NULL, NULL, NULL, NULL, b'0'),
	(1378, '山东省青岛市即墨市', '即墨市', ',1357,1369,', 1369, NULL, NULL, NULL, NULL, NULL, b'0'),
	(1379, '山东省青岛市平度市', '平度市', ',1357,1369,', 1369, NULL, NULL, NULL, NULL, NULL, b'0'),
	(1380, '山东省青岛市胶南市', '胶南市', ',1357,1369,', 1369, NULL, NULL, NULL, NULL, NULL, b'0'),
	(1381, '山东省青岛市莱西市', '莱西市', ',1357,1369,', 1369, NULL, NULL, NULL, NULL, NULL, b'0'),
	(1382, '山东省淄博市', '淄博市', ',1357,', 1357, NULL, NULL, NULL, NULL, NULL, b'0'),
	(1383, '山东省淄博市淄川区', '淄川区', ',1357,1382,', 1382, NULL, NULL, NULL, NULL, NULL, b'0'),
	(1384, '山东省淄博市张店区', '张店区', ',1357,1382,', 1382, NULL, NULL, NULL, NULL, NULL, b'0'),
	(1385, '山东省淄博市博山区', '博山区', ',1357,1382,', 1382, NULL, NULL, NULL, NULL, NULL, b'0'),
	(1386, '山东省淄博市临淄区', '临淄区', ',1357,1382,', 1382, NULL, NULL, NULL, NULL, NULL, b'0'),
	(1387, '山东省淄博市周村区', '周村区', ',1357,1382,', 1382, NULL, NULL, NULL, NULL, NULL, b'0'),
	(1388, '山东省淄博市桓台县', '桓台县', ',1357,1382,', 1382, NULL, NULL, NULL, NULL, NULL, b'0'),
	(1389, '山东省淄博市高青县', '高青县', ',1357,1382,', 1382, NULL, NULL, NULL, NULL, NULL, b'0'),
	(1390, '山东省淄博市沂源县', '沂源县', ',1357,1382,', 1382, NULL, NULL, NULL, NULL, NULL, b'0'),
	(1391, '山东省枣庄市', '枣庄市', ',1357,', 1357, NULL, NULL, NULL, NULL, NULL, b'0'),
	(1392, '山东省枣庄市市中区', '市中区', ',1357,1391,', 1391, NULL, NULL, NULL, NULL, NULL, b'0'),
	(1393, '山东省枣庄市薛城区', '薛城区', ',1357,1391,', 1391, NULL, NULL, NULL, NULL, NULL, b'0'),
	(1394, '山东省枣庄市峄城区', '峄城区', ',1357,1391,', 1391, NULL, NULL, NULL, NULL, NULL, b'0'),
	(1395, '山东省枣庄市台儿庄区', '台儿庄区', ',1357,1391,', 1391, NULL, NULL, NULL, NULL, NULL, b'0'),
	(1396, '山东省枣庄市山亭区', '山亭区', ',1357,1391,', 1391, NULL, NULL, NULL, NULL, NULL, b'0'),
	(1397, '山东省枣庄市滕州市', '滕州市', ',1357,1391,', 1391, NULL, NULL, NULL, NULL, NULL, b'0'),
	(1398, '山东省东营市', '东营市', ',1357,', 1357, NULL, NULL, NULL, NULL, NULL, b'0'),
	(1399, '山东省东营市东营区', '东营区', ',1357,1398,', 1398, NULL, NULL, NULL, NULL, NULL, b'0'),
	(1400, '山东省东营市河口区', '河口区', ',1357,1398,', 1398, NULL, NULL, NULL, NULL, NULL, b'0'),
	(1401, '山东省东营市垦利县', '垦利县', ',1357,1398,', 1398, NULL, NULL, NULL, NULL, NULL, b'0'),
	(1402, '山东省东营市利津县', '利津县', ',1357,1398,', 1398, NULL, NULL, NULL, NULL, NULL, b'0'),
	(1403, '山东省东营市广饶县', '广饶县', ',1357,1398,', 1398, NULL, NULL, NULL, NULL, NULL, b'0'),
	(1404, '山东省烟台市', '烟台市', ',1357,', 1357, NULL, NULL, NULL, NULL, NULL, b'0'),
	(1405, '山东省烟台市芝罘区', '芝罘区', ',1357,1404,', 1404, NULL, NULL, NULL, NULL, NULL, b'0'),
	(1406, '山东省烟台市福山区', '福山区', ',1357,1404,', 1404, NULL, NULL, NULL, NULL, NULL, b'0'),
	(1407, '山东省烟台市牟平区', '牟平区', ',1357,1404,', 1404, NULL, NULL, NULL, NULL, NULL, b'0'),
	(1408, '山东省烟台市莱山区', '莱山区', ',1357,1404,', 1404, NULL, NULL, NULL, NULL, NULL, b'0'),
	(1409, '山东省烟台市长岛县', '长岛县', ',1357,1404,', 1404, NULL, NULL, NULL, NULL, NULL, b'0'),
	(1410, '山东省烟台市龙口市', '龙口市', ',1357,1404,', 1404, NULL, NULL, NULL, NULL, NULL, b'0'),
	(1411, '山东省烟台市莱阳市', '莱阳市', ',1357,1404,', 1404, NULL, NULL, NULL, NULL, NULL, b'0'),
	(1412, '山东省烟台市莱州市', '莱州市', ',1357,1404,', 1404, NULL, NULL, NULL, NULL, NULL, b'0'),
	(1413, '山东省烟台市蓬莱市', '蓬莱市', ',1357,1404,', 1404, NULL, NULL, NULL, NULL, NULL, b'0'),
	(1414, '山东省烟台市招远市', '招远市', ',1357,1404,', 1404, NULL, NULL, NULL, NULL, NULL, b'0'),
	(1415, '山东省烟台市栖霞市', '栖霞市', ',1357,1404,', 1404, NULL, NULL, NULL, NULL, NULL, b'0'),
	(1416, '山东省烟台市海阳市', '海阳市', ',1357,1404,', 1404, NULL, NULL, NULL, NULL, NULL, b'0'),
	(1417, '山东省潍坊市', '潍坊市', ',1357,', 1357, NULL, NULL, NULL, NULL, NULL, b'0'),
	(1418, '山东省潍坊市潍城区', '潍城区', ',1357,1417,', 1417, NULL, NULL, NULL, NULL, NULL, b'0'),
	(1419, '山东省潍坊市寒亭区', '寒亭区', ',1357,1417,', 1417, NULL, NULL, NULL, NULL, NULL, b'0'),
	(1420, '山东省潍坊市坊子区', '坊子区', ',1357,1417,', 1417, NULL, NULL, NULL, NULL, NULL, b'0'),
	(1421, '山东省潍坊市奎文区', '奎文区', ',1357,1417,', 1417, NULL, NULL, NULL, NULL, NULL, b'0'),
	(1422, '山东省潍坊市临朐县', '临朐县', ',1357,1417,', 1417, NULL, NULL, NULL, NULL, NULL, b'0'),
	(1423, '山东省潍坊市昌乐县', '昌乐县', ',1357,1417,', 1417, NULL, NULL, NULL, NULL, NULL, b'0'),
	(1424, '山东省潍坊市青州市', '青州市', ',1357,1417,', 1417, NULL, NULL, NULL, NULL, NULL, b'0'),
	(1425, '山东省潍坊市诸城市', '诸城市', ',1357,1417,', 1417, NULL, NULL, NULL, NULL, NULL, b'0'),
	(1426, '山东省潍坊市寿光市', '寿光市', ',1357,1417,', 1417, NULL, NULL, NULL, NULL, NULL, b'0'),
	(1427, '山东省潍坊市安丘市', '安丘市', ',1357,1417,', 1417, NULL, NULL, NULL, NULL, NULL, b'0'),
	(1428, '山东省潍坊市高密市', '高密市', ',1357,1417,', 1417, NULL, NULL, NULL, NULL, NULL, b'0'),
	(1429, '山东省潍坊市昌邑市', '昌邑市', ',1357,1417,', 1417, NULL, NULL, NULL, NULL, NULL, b'0'),
	(1430, '山东省济宁市', '济宁市', ',1357,', 1357, NULL, NULL, NULL, NULL, NULL, b'0'),
	(1431, '山东省济宁市市中区', '市中区', ',1357,1430,', 1430, NULL, NULL, NULL, NULL, NULL, b'0'),
	(1432, '山东省济宁市任城区', '任城区', ',1357,1430,', 1430, NULL, NULL, NULL, NULL, NULL, b'0'),
	(1433, '山东省济宁市微山县', '微山县', ',1357,1430,', 1430, NULL, NULL, NULL, NULL, NULL, b'0'),
	(1434, '山东省济宁市鱼台县', '鱼台县', ',1357,1430,', 1430, NULL, NULL, NULL, NULL, NULL, b'0'),
	(1435, '山东省济宁市金乡县', '金乡县', ',1357,1430,', 1430, NULL, NULL, NULL, NULL, NULL, b'0'),
	(1436, '山东省济宁市嘉祥县', '嘉祥县', ',1357,1430,', 1430, NULL, NULL, NULL, NULL, NULL, b'0'),
	(1437, '山东省济宁市汶上县', '汶上县', ',1357,1430,', 1430, NULL, NULL, NULL, NULL, NULL, b'0'),
	(1438, '山东省济宁市泗水县', '泗水县', ',1357,1430,', 1430, NULL, NULL, NULL, NULL, NULL, b'0'),
	(1439, '山东省济宁市梁山县', '梁山县', ',1357,1430,', 1430, NULL, NULL, NULL, NULL, NULL, b'0'),
	(1440, '山东省济宁市曲阜市', '曲阜市', ',1357,1430,', 1430, NULL, NULL, NULL, NULL, NULL, b'0'),
	(1441, '山东省济宁市兖州市', '兖州市', ',1357,1430,', 1430, NULL, NULL, NULL, NULL, NULL, b'0'),
	(1442, '山东省济宁市邹城市', '邹城市', ',1357,1430,', 1430, NULL, NULL, NULL, NULL, NULL, b'0'),
	(1443, '山东省泰安市', '泰安市', ',1357,', 1357, NULL, NULL, NULL, NULL, NULL, b'0'),
	(1444, '山东省泰安市泰山区', '泰山区', ',1357,1443,', 1443, NULL, NULL, NULL, NULL, NULL, b'0'),
	(1445, '山东省泰安市岱岳区', '岱岳区', ',1357,1443,', 1443, NULL, NULL, NULL, NULL, NULL, b'0'),
	(1446, '山东省泰安市宁阳县', '宁阳县', ',1357,1443,', 1443, NULL, NULL, NULL, NULL, NULL, b'0'),
	(1447, '山东省泰安市东平县', '东平县', ',1357,1443,', 1443, NULL, NULL, NULL, NULL, NULL, b'0'),
	(1448, '山东省泰安市新泰市', '新泰市', ',1357,1443,', 1443, NULL, NULL, NULL, NULL, NULL, b'0'),
	(1449, '山东省泰安市肥城市', '肥城市', ',1357,1443,', 1443, NULL, NULL, NULL, NULL, NULL, b'0'),
	(1450, '山东省威海市', '威海市', ',1357,', 1357, NULL, NULL, NULL, NULL, NULL, b'0'),
	(1451, '山东省威海市环翠区', '环翠区', ',1357,1450,', 1450, NULL, NULL, NULL, NULL, NULL, b'0'),
	(1452, '山东省威海市文登市', '文登市', ',1357,1450,', 1450, NULL, NULL, NULL, NULL, NULL, b'0'),
	(1453, '山东省威海市荣成市', '荣成市', ',1357,1450,', 1450, NULL, NULL, NULL, NULL, NULL, b'0'),
	(1454, '山东省威海市乳山市', '乳山市', ',1357,1450,', 1450, NULL, NULL, NULL, NULL, NULL, b'0'),
	(1455, '山东省日照市', '日照市', ',1357,', 1357, NULL, NULL, NULL, NULL, NULL, b'0'),
	(1456, '山东省日照市东港区', '东港区', ',1357,1455,', 1455, NULL, NULL, NULL, NULL, NULL, b'0'),
	(1457, '山东省日照市岚山区', '岚山区', ',1357,1455,', 1455, NULL, NULL, NULL, NULL, NULL, b'0'),
	(1458, '山东省日照市五莲县', '五莲县', ',1357,1455,', 1455, NULL, NULL, NULL, NULL, NULL, b'0'),
	(1459, '山东省日照市莒县', '莒县', ',1357,1455,', 1455, NULL, NULL, NULL, NULL, NULL, b'0'),
	(1460, '山东省莱芜市', '莱芜市', ',1357,', 1357, NULL, NULL, NULL, NULL, NULL, b'0'),
	(1461, '山东省莱芜市莱城区', '莱城区', ',1357,1460,', 1460, NULL, NULL, NULL, NULL, NULL, b'0'),
	(1462, '山东省莱芜市钢城区', '钢城区', ',1357,1460,', 1460, NULL, NULL, NULL, NULL, NULL, b'0'),
	(1463, '山东省临沂市', '临沂市', ',1357,', 1357, NULL, NULL, NULL, NULL, NULL, b'0'),
	(1464, '山东省临沂市兰山区', '兰山区', ',1357,1463,', 1463, NULL, NULL, NULL, NULL, NULL, b'0'),
	(1465, '山东省临沂市罗庄区', '罗庄区', ',1357,1463,', 1463, NULL, NULL, NULL, NULL, NULL, b'0'),
	(1466, '山东省临沂市河东区', '河东区', ',1357,1463,', 1463, NULL, NULL, NULL, NULL, NULL, b'0'),
	(1467, '山东省临沂市沂南县', '沂南县', ',1357,1463,', 1463, NULL, NULL, NULL, NULL, NULL, b'0'),
	(1468, '山东省临沂市郯城县', '郯城县', ',1357,1463,', 1463, NULL, NULL, NULL, NULL, NULL, b'0'),
	(1469, '山东省临沂市沂水县', '沂水县', ',1357,1463,', 1463, NULL, NULL, NULL, NULL, NULL, b'0'),
	(1470, '山东省临沂市苍山县', '苍山县', ',1357,1463,', 1463, NULL, NULL, NULL, NULL, NULL, b'0'),
	(1471, '山东省临沂市费县', '费县', ',1357,1463,', 1463, NULL, NULL, NULL, NULL, NULL, b'0'),
	(1472, '山东省临沂市平邑县', '平邑县', ',1357,1463,', 1463, NULL, NULL, NULL, NULL, NULL, b'0'),
	(1473, '山东省临沂市莒南县', '莒南县', ',1357,1463,', 1463, NULL, NULL, NULL, NULL, NULL, b'0'),
	(1474, '山东省临沂市蒙阴县', '蒙阴县', ',1357,1463,', 1463, NULL, NULL, NULL, NULL, NULL, b'0'),
	(1475, '山东省临沂市临沭县', '临沭县', ',1357,1463,', 1463, NULL, NULL, NULL, NULL, NULL, b'0'),
	(1476, '山东省德州市', '德州市', ',1357,', 1357, NULL, NULL, NULL, NULL, NULL, b'0'),
	(1477, '山东省德州市德城区', '德城区', ',1357,1476,', 1476, NULL, NULL, NULL, NULL, NULL, b'0'),
	(1478, '山东省德州市陵县', '陵县', ',1357,1476,', 1476, NULL, NULL, NULL, NULL, NULL, b'0'),
	(1479, '山东省德州市宁津县', '宁津县', ',1357,1476,', 1476, NULL, NULL, NULL, NULL, NULL, b'0'),
	(1480, '山东省德州市庆云县', '庆云县', ',1357,1476,', 1476, NULL, NULL, NULL, NULL, NULL, b'0'),
	(1481, '山东省德州市临邑县', '临邑县', ',1357,1476,', 1476, NULL, NULL, NULL, NULL, NULL, b'0'),
	(1482, '山东省德州市齐河县', '齐河县', ',1357,1476,', 1476, NULL, NULL, NULL, NULL, NULL, b'0'),
	(1483, '山东省德州市平原县', '平原县', ',1357,1476,', 1476, NULL, NULL, NULL, NULL, NULL, b'0'),
	(1484, '山东省德州市夏津县', '夏津县', ',1357,1476,', 1476, NULL, NULL, NULL, NULL, NULL, b'0'),
	(1485, '山东省德州市武城县', '武城县', ',1357,1476,', 1476, NULL, NULL, NULL, NULL, NULL, b'0'),
	(1486, '山东省德州市乐陵市', '乐陵市', ',1357,1476,', 1476, NULL, NULL, NULL, NULL, NULL, b'0'),
	(1487, '山东省德州市禹城市', '禹城市', ',1357,1476,', 1476, NULL, NULL, NULL, NULL, NULL, b'0'),
	(1488, '山东省聊城市', '聊城市', ',1357,', 1357, NULL, NULL, NULL, NULL, NULL, b'0'),
	(1489, '山东省聊城市东昌府区', '东昌府区', ',1357,1488,', 1488, NULL, NULL, NULL, NULL, NULL, b'0'),
	(1490, '山东省聊城市阳谷县', '阳谷县', ',1357,1488,', 1488, NULL, NULL, NULL, NULL, NULL, b'0'),
	(1491, '山东省聊城市莘县', '莘县', ',1357,1488,', 1488, NULL, NULL, NULL, NULL, NULL, b'0'),
	(1492, '山东省聊城市茌平县', '茌平县', ',1357,1488,', 1488, NULL, NULL, NULL, NULL, NULL, b'0'),
	(1493, '山东省聊城市东阿县', '东阿县', ',1357,1488,', 1488, NULL, NULL, NULL, NULL, NULL, b'0'),
	(1494, '山东省聊城市冠县', '冠县', ',1357,1488,', 1488, NULL, NULL, NULL, NULL, NULL, b'0'),
	(1495, '山东省聊城市高唐县', '高唐县', ',1357,1488,', 1488, NULL, NULL, NULL, NULL, NULL, b'0'),
	(1496, '山东省聊城市临清市', '临清市', ',1357,1488,', 1488, NULL, NULL, NULL, NULL, NULL, b'0'),
	(1497, '山东省滨州市', '滨州市', ',1357,', 1357, NULL, NULL, NULL, NULL, NULL, b'0'),
	(1498, '山东省滨州市滨城区', '滨城区', ',1357,1497,', 1497, NULL, NULL, NULL, NULL, NULL, b'0'),
	(1499, '山东省滨州市惠民县', '惠民县', ',1357,1497,', 1497, NULL, NULL, NULL, NULL, NULL, b'0'),
	(1500, '山东省滨州市阳信县', '阳信县', ',1357,1497,', 1497, NULL, NULL, NULL, NULL, NULL, b'0'),
	(1501, '山东省滨州市无棣县', '无棣县', ',1357,1497,', 1497, NULL, NULL, NULL, NULL, NULL, b'0'),
	(1502, '山东省滨州市沾化县', '沾化县', ',1357,1497,', 1497, NULL, NULL, NULL, NULL, NULL, b'0'),
	(1503, '山东省滨州市博兴县', '博兴县', ',1357,1497,', 1497, NULL, NULL, NULL, NULL, NULL, b'0'),
	(1504, '山东省滨州市邹平县', '邹平县', ',1357,1497,', 1497, NULL, NULL, NULL, NULL, NULL, b'0'),
	(1505, '山东省菏泽市', '菏泽市', ',1357,', 1357, NULL, NULL, NULL, NULL, NULL, b'0'),
	(1506, '山东省菏泽市牡丹区', '牡丹区', ',1357,1505,', 1505, NULL, NULL, NULL, NULL, NULL, b'0'),
	(1507, '山东省菏泽市曹县', '曹县', ',1357,1505,', 1505, NULL, NULL, NULL, NULL, NULL, b'0'),
	(1508, '山东省菏泽市单县', '单县', ',1357,1505,', 1505, NULL, NULL, NULL, NULL, NULL, b'0'),
	(1509, '山东省菏泽市成武县', '成武县', ',1357,1505,', 1505, NULL, NULL, NULL, NULL, NULL, b'0'),
	(1510, '山东省菏泽市巨野县', '巨野县', ',1357,1505,', 1505, NULL, NULL, NULL, NULL, NULL, b'0'),
	(1511, '山东省菏泽市郓城县', '郓城县', ',1357,1505,', 1505, NULL, NULL, NULL, NULL, NULL, b'0'),
	(1512, '山东省菏泽市鄄城县', '鄄城县', ',1357,1505,', 1505, NULL, NULL, NULL, NULL, NULL, b'0'),
	(1513, '山东省菏泽市定陶县', '定陶县', ',1357,1505,', 1505, NULL, NULL, NULL, NULL, NULL, b'0'),
	(1514, '山东省菏泽市东明县', '东明县', ',1357,1505,', 1505, NULL, NULL, NULL, NULL, NULL, b'0'),
	(1515, '河南省', '河南省', ',', NULL, NULL, NULL, NULL, NULL, NULL, b'0'),
	(1516, '河南省郑州市', '郑州市', ',1515,', 1515, NULL, NULL, NULL, NULL, NULL, b'0'),
	(1517, '河南省郑州市中原区', '中原区', ',1515,1516,', 1516, NULL, NULL, NULL, NULL, NULL, b'0'),
	(1518, '河南省郑州市二七区', '二七区', ',1515,1516,', 1516, NULL, NULL, NULL, NULL, NULL, b'0'),
	(1519, '河南省郑州市管城回族区', '管城回族区', ',1515,1516,', 1516, NULL, NULL, NULL, NULL, NULL, b'0'),
	(1520, '河南省郑州市金水区', '金水区', ',1515,1516,', 1516, NULL, NULL, NULL, NULL, NULL, b'0'),
	(1521, '河南省郑州市上街区', '上街区', ',1515,1516,', 1516, NULL, NULL, NULL, NULL, NULL, b'0'),
	(1522, '河南省郑州市惠济区', '惠济区', ',1515,1516,', 1516, NULL, NULL, NULL, NULL, NULL, b'0'),
	(1523, '河南省郑州市中牟县', '中牟县', ',1515,1516,', 1516, NULL, NULL, NULL, NULL, NULL, b'0'),
	(1524, '河南省郑州市巩义市', '巩义市', ',1515,1516,', 1516, NULL, NULL, NULL, NULL, NULL, b'0'),
	(1525, '河南省郑州市荥阳市', '荥阳市', ',1515,1516,', 1516, NULL, NULL, NULL, NULL, NULL, b'0'),
	(1526, '河南省郑州市新密市', '新密市', ',1515,1516,', 1516, NULL, NULL, NULL, NULL, NULL, b'0'),
	(1527, '河南省郑州市新郑市', '新郑市', ',1515,1516,', 1516, NULL, NULL, NULL, NULL, NULL, b'0'),
	(1528, '河南省郑州市登封市', '登封市', ',1515,1516,', 1516, NULL, NULL, NULL, NULL, NULL, b'0'),
	(1529, '河南省开封市', '开封市', ',1515,', 1515, NULL, NULL, NULL, NULL, NULL, b'0'),
	(1530, '河南省开封市龙亭区', '龙亭区', ',1515,1529,', 1529, NULL, NULL, NULL, NULL, NULL, b'0'),
	(1531, '河南省开封市顺河回族区', '顺河回族区', ',1515,1529,', 1529, NULL, NULL, NULL, NULL, NULL, b'0'),
	(1532, '河南省开封市鼓楼区', '鼓楼区', ',1515,1529,', 1529, NULL, NULL, NULL, NULL, NULL, b'0'),
	(1533, '河南省开封市禹王台区', '禹王台区', ',1515,1529,', 1529, NULL, NULL, NULL, NULL, NULL, b'0'),
	(1534, '河南省开封市金明区', '金明区', ',1515,1529,', 1529, NULL, NULL, NULL, NULL, NULL, b'0'),
	(1535, '河南省开封市杞县', '杞县', ',1515,1529,', 1529, NULL, NULL, NULL, NULL, NULL, b'0'),
	(1536, '河南省开封市通许县', '通许县', ',1515,1529,', 1529, NULL, NULL, NULL, NULL, NULL, b'0'),
	(1537, '河南省开封市尉氏县', '尉氏县', ',1515,1529,', 1529, NULL, NULL, NULL, NULL, NULL, b'0'),
	(1538, '河南省开封市开封县', '开封县', ',1515,1529,', 1529, NULL, NULL, NULL, NULL, NULL, b'0'),
	(1539, '河南省开封市兰考县', '兰考县', ',1515,1529,', 1529, NULL, NULL, NULL, NULL, NULL, b'0'),
	(1540, '河南省洛阳市', '洛阳市', ',1515,', 1515, NULL, NULL, NULL, NULL, NULL, b'0'),
	(1541, '河南省洛阳市老城区', '老城区', ',1515,1540,', 1540, NULL, NULL, NULL, NULL, NULL, b'0'),
	(1542, '河南省洛阳市西工区', '西工区', ',1515,1540,', 1540, NULL, NULL, NULL, NULL, NULL, b'0'),
	(1543, '河南省洛阳市瀍河回族区', '瀍河回族区', ',1515,1540,', 1540, NULL, NULL, NULL, NULL, NULL, b'0'),
	(1544, '河南省洛阳市涧西区', '涧西区', ',1515,1540,', 1540, NULL, NULL, NULL, NULL, NULL, b'0'),
	(1545, '河南省洛阳市吉利区', '吉利区', ',1515,1540,', 1540, NULL, NULL, NULL, NULL, NULL, b'0'),
	(1546, '河南省洛阳市洛龙区', '洛龙区', ',1515,1540,', 1540, NULL, NULL, NULL, NULL, NULL, b'0'),
	(1547, '河南省洛阳市孟津县', '孟津县', ',1515,1540,', 1540, NULL, NULL, NULL, NULL, NULL, b'0'),
	(1548, '河南省洛阳市新安县', '新安县', ',1515,1540,', 1540, NULL, NULL, NULL, NULL, NULL, b'0'),
	(1549, '河南省洛阳市栾川县', '栾川县', ',1515,1540,', 1540, NULL, NULL, NULL, NULL, NULL, b'0'),
	(1550, '河南省洛阳市嵩县', '嵩县', ',1515,1540,', 1540, NULL, NULL, NULL, NULL, NULL, b'0'),
	(1551, '河南省洛阳市汝阳县', '汝阳县', ',1515,1540,', 1540, NULL, NULL, NULL, NULL, NULL, b'0'),
	(1552, '河南省洛阳市宜阳县', '宜阳县', ',1515,1540,', 1540, NULL, NULL, NULL, NULL, NULL, b'0'),
	(1553, '河南省洛阳市洛宁县', '洛宁县', ',1515,1540,', 1540, NULL, NULL, NULL, NULL, NULL, b'0'),
	(1554, '河南省洛阳市伊川县', '伊川县', ',1515,1540,', 1540, NULL, NULL, NULL, NULL, NULL, b'0'),
	(1555, '河南省洛阳市偃师市', '偃师市', ',1515,1540,', 1540, NULL, NULL, NULL, NULL, NULL, b'0'),
	(1556, '河南省平顶山市', '平顶山市', ',1515,', 1515, NULL, NULL, NULL, NULL, NULL, b'0'),
	(1557, '河南省平顶山市新华区', '新华区', ',1515,1556,', 1556, NULL, NULL, NULL, NULL, NULL, b'0'),
	(1558, '河南省平顶山市卫东区', '卫东区', ',1515,1556,', 1556, NULL, NULL, NULL, NULL, NULL, b'0'),
	(1559, '河南省平顶山市石龙区', '石龙区', ',1515,1556,', 1556, NULL, NULL, NULL, NULL, NULL, b'0'),
	(1560, '河南省平顶山市湛河区', '湛河区', ',1515,1556,', 1556, NULL, NULL, NULL, NULL, NULL, b'0'),
	(1561, '河南省平顶山市宝丰县', '宝丰县', ',1515,1556,', 1556, NULL, NULL, NULL, NULL, NULL, b'0'),
	(1562, '河南省平顶山市叶县', '叶县', ',1515,1556,', 1556, NULL, NULL, NULL, NULL, NULL, b'0'),
	(1563, '河南省平顶山市鲁山县', '鲁山县', ',1515,1556,', 1556, NULL, NULL, NULL, NULL, NULL, b'0'),
	(1564, '河南省平顶山市郏县', '郏县', ',1515,1556,', 1556, NULL, NULL, NULL, NULL, NULL, b'0'),
	(1565, '河南省平顶山市舞钢市', '舞钢市', ',1515,1556,', 1556, NULL, NULL, NULL, NULL, NULL, b'0'),
	(1566, '河南省平顶山市汝州市', '汝州市', ',1515,1556,', 1556, NULL, NULL, NULL, NULL, NULL, b'0'),
	(1567, '河南省安阳市', '安阳市', ',1515,', 1515, NULL, NULL, NULL, NULL, NULL, b'0'),
	(1568, '河南省安阳市文峰区', '文峰区', ',1515,1567,', 1567, NULL, NULL, NULL, NULL, NULL, b'0'),
	(1569, '河南省安阳市北关区', '北关区', ',1515,1567,', 1567, NULL, NULL, NULL, NULL, NULL, b'0'),
	(1570, '河南省安阳市殷都区', '殷都区', ',1515,1567,', 1567, NULL, NULL, NULL, NULL, NULL, b'0'),
	(1571, '河南省安阳市龙安区', '龙安区', ',1515,1567,', 1567, NULL, NULL, NULL, NULL, NULL, b'0'),
	(1572, '河南省安阳市安阳县', '安阳县', ',1515,1567,', 1567, NULL, NULL, NULL, NULL, NULL, b'0'),
	(1573, '河南省安阳市汤阴县', '汤阴县', ',1515,1567,', 1567, NULL, NULL, NULL, NULL, NULL, b'0'),
	(1574, '河南省安阳市滑县', '滑县', ',1515,1567,', 1567, NULL, NULL, NULL, NULL, NULL, b'0'),
	(1575, '河南省安阳市内黄县', '内黄县', ',1515,1567,', 1567, NULL, NULL, NULL, NULL, NULL, b'0'),
	(1576, '河南省安阳市林州市', '林州市', ',1515,1567,', 1567, NULL, NULL, NULL, NULL, NULL, b'0'),
	(1577, '河南省鹤壁市', '鹤壁市', ',1515,', 1515, NULL, NULL, NULL, NULL, NULL, b'0'),
	(1578, '河南省鹤壁市鹤山区', '鹤山区', ',1515,1577,', 1577, NULL, NULL, NULL, NULL, NULL, b'0'),
	(1579, '河南省鹤壁市山城区', '山城区', ',1515,1577,', 1577, NULL, NULL, NULL, NULL, NULL, b'0'),
	(1580, '河南省鹤壁市淇滨区', '淇滨区', ',1515,1577,', 1577, NULL, NULL, NULL, NULL, NULL, b'0'),
	(1581, '河南省鹤壁市浚县', '浚县', ',1515,1577,', 1577, NULL, NULL, NULL, NULL, NULL, b'0'),
	(1582, '河南省鹤壁市淇县', '淇县', ',1515,1577,', 1577, NULL, NULL, NULL, NULL, NULL, b'0'),
	(1583, '河南省新乡市', '新乡市', ',1515,', 1515, NULL, NULL, NULL, NULL, NULL, b'0'),
	(1584, '河南省新乡市红旗区', '红旗区', ',1515,1583,', 1583, NULL, NULL, NULL, NULL, NULL, b'0'),
	(1585, '河南省新乡市卫滨区', '卫滨区', ',1515,1583,', 1583, NULL, NULL, NULL, NULL, NULL, b'0'),
	(1586, '河南省新乡市凤泉区', '凤泉区', ',1515,1583,', 1583, NULL, NULL, NULL, NULL, NULL, b'0'),
	(1587, '河南省新乡市牧野区', '牧野区', ',1515,1583,', 1583, NULL, NULL, NULL, NULL, NULL, b'0'),
	(1588, '河南省新乡市新乡县', '新乡县', ',1515,1583,', 1583, NULL, NULL, NULL, NULL, NULL, b'0'),
	(1589, '河南省新乡市获嘉县', '获嘉县', ',1515,1583,', 1583, NULL, NULL, NULL, NULL, NULL, b'0'),
	(1590, '河南省新乡市原阳县', '原阳县', ',1515,1583,', 1583, NULL, NULL, NULL, NULL, NULL, b'0'),
	(1591, '河南省新乡市延津县', '延津县', ',1515,1583,', 1583, NULL, NULL, NULL, NULL, NULL, b'0'),
	(1592, '河南省新乡市封丘县', '封丘县', ',1515,1583,', 1583, NULL, NULL, NULL, NULL, NULL, b'0'),
	(1593, '河南省新乡市长垣县', '长垣县', ',1515,1583,', 1583, NULL, NULL, NULL, NULL, NULL, b'0'),
	(1594, '河南省新乡市卫辉市', '卫辉市', ',1515,1583,', 1583, NULL, NULL, NULL, NULL, NULL, b'0'),
	(1595, '河南省新乡市辉县市', '辉县市', ',1515,1583,', 1583, NULL, NULL, NULL, NULL, NULL, b'0'),
	(1596, '河南省焦作市', '焦作市', ',1515,', 1515, NULL, NULL, NULL, NULL, NULL, b'0'),
	(1597, '河南省焦作市解放区', '解放区', ',1515,1596,', 1596, NULL, NULL, NULL, NULL, NULL, b'0'),
	(1598, '河南省焦作市中站区', '中站区', ',1515,1596,', 1596, NULL, NULL, NULL, NULL, NULL, b'0'),
	(1599, '河南省焦作市马村区', '马村区', ',1515,1596,', 1596, NULL, NULL, NULL, NULL, NULL, b'0'),
	(1600, '河南省焦作市山阳区', '山阳区', ',1515,1596,', 1596, NULL, NULL, NULL, NULL, NULL, b'0'),
	(1601, '河南省焦作市修武县', '修武县', ',1515,1596,', 1596, NULL, NULL, NULL, NULL, NULL, b'0'),
	(1602, '河南省焦作市博爱县', '博爱县', ',1515,1596,', 1596, NULL, NULL, NULL, NULL, NULL, b'0'),
	(1603, '河南省焦作市武陟县', '武陟县', ',1515,1596,', 1596, NULL, NULL, NULL, NULL, NULL, b'0'),
	(1604, '河南省焦作市温县', '温县', ',1515,1596,', 1596, NULL, NULL, NULL, NULL, NULL, b'0'),
	(1605, '河南省焦作市沁阳市', '沁阳市', ',1515,1596,', 1596, NULL, NULL, NULL, NULL, NULL, b'0'),
	(1606, '河南省焦作市孟州市', '孟州市', ',1515,1596,', 1596, NULL, NULL, NULL, NULL, NULL, b'0'),
	(1607, '河南省濮阳市', '濮阳市', ',1515,', 1515, NULL, NULL, NULL, NULL, NULL, b'0'),
	(1608, '河南省濮阳市华龙区', '华龙区', ',1515,1607,', 1607, NULL, NULL, NULL, NULL, NULL, b'0'),
	(1609, '河南省濮阳市清丰县', '清丰县', ',1515,1607,', 1607, NULL, NULL, NULL, NULL, NULL, b'0'),
	(1610, '河南省濮阳市南乐县', '南乐县', ',1515,1607,', 1607, NULL, NULL, NULL, NULL, NULL, b'0'),
	(1611, '河南省濮阳市范县', '范县', ',1515,1607,', 1607, NULL, NULL, NULL, NULL, NULL, b'0'),
	(1612, '河南省濮阳市台前县', '台前县', ',1515,1607,', 1607, NULL, NULL, NULL, NULL, NULL, b'0'),
	(1613, '河南省濮阳市濮阳县', '濮阳县', ',1515,1607,', 1607, NULL, NULL, NULL, NULL, NULL, b'0'),
	(1614, '河南省许昌市', '许昌市', ',1515,', 1515, NULL, NULL, NULL, NULL, NULL, b'0'),
	(1615, '河南省许昌市魏都区', '魏都区', ',1515,1614,', 1614, NULL, NULL, NULL, NULL, NULL, b'0'),
	(1616, '河南省许昌市许昌县', '许昌县', ',1515,1614,', 1614, NULL, NULL, NULL, NULL, NULL, b'0'),
	(1617, '河南省许昌市鄢陵县', '鄢陵县', ',1515,1614,', 1614, NULL, NULL, NULL, NULL, NULL, b'0'),
	(1618, '河南省许昌市襄城县', '襄城县', ',1515,1614,', 1614, NULL, NULL, NULL, NULL, NULL, b'0'),
	(1619, '河南省许昌市禹州市', '禹州市', ',1515,1614,', 1614, NULL, NULL, NULL, NULL, NULL, b'0'),
	(1620, '河南省许昌市长葛市', '长葛市', ',1515,1614,', 1614, NULL, NULL, NULL, NULL, NULL, b'0'),
	(1621, '河南省漯河市', '漯河市', ',1515,', 1515, NULL, NULL, NULL, NULL, NULL, b'0'),
	(1622, '河南省漯河市源汇区', '源汇区', ',1515,1621,', 1621, NULL, NULL, NULL, NULL, NULL, b'0'),
	(1623, '河南省漯河市郾城区', '郾城区', ',1515,1621,', 1621, NULL, NULL, NULL, NULL, NULL, b'0'),
	(1624, '河南省漯河市召陵区', '召陵区', ',1515,1621,', 1621, NULL, NULL, NULL, NULL, NULL, b'0'),
	(1625, '河南省漯河市舞阳县', '舞阳县', ',1515,1621,', 1621, NULL, NULL, NULL, NULL, NULL, b'0'),
	(1626, '河南省漯河市临颍县', '临颍县', ',1515,1621,', 1621, NULL, NULL, NULL, NULL, NULL, b'0'),
	(1627, '河南省三门峡市', '三门峡市', ',1515,', 1515, NULL, NULL, NULL, NULL, NULL, b'0'),
	(1628, '河南省三门峡市湖滨区', '湖滨区', ',1515,1627,', 1627, NULL, NULL, NULL, NULL, NULL, b'0'),
	(1629, '河南省三门峡市渑池县', '渑池县', ',1515,1627,', 1627, NULL, NULL, NULL, NULL, NULL, b'0'),
	(1630, '河南省三门峡市陕县', '陕县', ',1515,1627,', 1627, NULL, NULL, NULL, NULL, NULL, b'0'),
	(1631, '河南省三门峡市卢氏县', '卢氏县', ',1515,1627,', 1627, NULL, NULL, NULL, NULL, NULL, b'0'),
	(1632, '河南省三门峡市义马市', '义马市', ',1515,1627,', 1627, NULL, NULL, NULL, NULL, NULL, b'0'),
	(1633, '河南省三门峡市灵宝市', '灵宝市', ',1515,1627,', 1627, NULL, NULL, NULL, NULL, NULL, b'0'),
	(1634, '河南省南阳市', '南阳市', ',1515,', 1515, NULL, NULL, NULL, NULL, NULL, b'0'),
	(1635, '河南省南阳市宛城区', '宛城区', ',1515,1634,', 1634, NULL, NULL, NULL, NULL, NULL, b'0'),
	(1636, '河南省南阳市卧龙区', '卧龙区', ',1515,1634,', 1634, NULL, NULL, NULL, NULL, NULL, b'0'),
	(1637, '河南省南阳市南召县', '南召县', ',1515,1634,', 1634, NULL, NULL, NULL, NULL, NULL, b'0'),
	(1638, '河南省南阳市方城县', '方城县', ',1515,1634,', 1634, NULL, NULL, NULL, NULL, NULL, b'0'),
	(1639, '河南省南阳市西峡县', '西峡县', ',1515,1634,', 1634, NULL, NULL, NULL, NULL, NULL, b'0'),
	(1640, '河南省南阳市镇平县', '镇平县', ',1515,1634,', 1634, NULL, NULL, NULL, NULL, NULL, b'0'),
	(1641, '河南省南阳市内乡县', '内乡县', ',1515,1634,', 1634, NULL, NULL, NULL, NULL, NULL, b'0'),
	(1642, '河南省南阳市淅川县', '淅川县', ',1515,1634,', 1634, NULL, NULL, NULL, NULL, NULL, b'0'),
	(1643, '河南省南阳市社旗县', '社旗县', ',1515,1634,', 1634, NULL, NULL, NULL, NULL, NULL, b'0'),
	(1644, '河南省南阳市唐河县', '唐河县', ',1515,1634,', 1634, NULL, NULL, NULL, NULL, NULL, b'0'),
	(1645, '河南省南阳市新野县', '新野县', ',1515,1634,', 1634, NULL, NULL, NULL, NULL, NULL, b'0'),
	(1646, '河南省南阳市桐柏县', '桐柏县', ',1515,1634,', 1634, NULL, NULL, NULL, NULL, NULL, b'0'),
	(1647, '河南省南阳市邓州市', '邓州市', ',1515,1634,', 1634, NULL, NULL, NULL, NULL, NULL, b'0'),
	(1648, '河南省商丘市', '商丘市', ',1515,', 1515, NULL, NULL, NULL, NULL, NULL, b'0'),
	(1649, '河南省商丘市梁园区', '梁园区', ',1515,1648,', 1648, NULL, NULL, NULL, NULL, NULL, b'0'),
	(1650, '河南省商丘市睢阳区', '睢阳区', ',1515,1648,', 1648, NULL, NULL, NULL, NULL, NULL, b'0'),
	(1651, '河南省商丘市民权县', '民权县', ',1515,1648,', 1648, NULL, NULL, NULL, NULL, NULL, b'0'),
	(1652, '河南省商丘市睢县', '睢县', ',1515,1648,', 1648, NULL, NULL, NULL, NULL, NULL, b'0'),
	(1653, '河南省商丘市宁陵县', '宁陵县', ',1515,1648,', 1648, NULL, NULL, NULL, NULL, NULL, b'0'),
	(1654, '河南省商丘市柘城县', '柘城县', ',1515,1648,', 1648, NULL, NULL, NULL, NULL, NULL, b'0'),
	(1655, '河南省商丘市虞城县', '虞城县', ',1515,1648,', 1648, NULL, NULL, NULL, NULL, NULL, b'0'),
	(1656, '河南省商丘市夏邑县', '夏邑县', ',1515,1648,', 1648, NULL, NULL, NULL, NULL, NULL, b'0'),
	(1657, '河南省商丘市永城市', '永城市', ',1515,1648,', 1648, NULL, NULL, NULL, NULL, NULL, b'0'),
	(1658, '河南省信阳市', '信阳市', ',1515,', 1515, NULL, NULL, NULL, NULL, NULL, b'0'),
	(1659, '河南省信阳市浉河区', '浉河区', ',1515,1658,', 1658, NULL, NULL, NULL, NULL, NULL, b'0'),
	(1660, '河南省信阳市平桥区', '平桥区', ',1515,1658,', 1658, NULL, NULL, NULL, NULL, NULL, b'0'),
	(1661, '河南省信阳市罗山县', '罗山县', ',1515,1658,', 1658, NULL, NULL, NULL, NULL, NULL, b'0'),
	(1662, '河南省信阳市光山县', '光山县', ',1515,1658,', 1658, NULL, NULL, NULL, NULL, NULL, b'0'),
	(1663, '河南省信阳市新县', '新县', ',1515,1658,', 1658, NULL, NULL, NULL, NULL, NULL, b'0'),
	(1664, '河南省信阳市商城县', '商城县', ',1515,1658,', 1658, NULL, NULL, NULL, NULL, NULL, b'0'),
	(1665, '河南省信阳市固始县', '固始县', ',1515,1658,', 1658, NULL, NULL, NULL, NULL, NULL, b'0'),
	(1666, '河南省信阳市潢川县', '潢川县', ',1515,1658,', 1658, NULL, NULL, NULL, NULL, NULL, b'0'),
	(1667, '河南省信阳市淮滨县', '淮滨县', ',1515,1658,', 1658, NULL, NULL, NULL, NULL, NULL, b'0'),
	(1668, '河南省信阳市息县', '息县', ',1515,1658,', 1658, NULL, NULL, NULL, NULL, NULL, b'0'),
	(1669, '河南省周口市', '周口市', ',1515,', 1515, NULL, NULL, NULL, NULL, NULL, b'0'),
	(1670, '河南省周口市川汇区', '川汇区', ',1515,1669,', 1669, NULL, NULL, NULL, NULL, NULL, b'0'),
	(1671, '河南省周口市扶沟县', '扶沟县', ',1515,1669,', 1669, NULL, NULL, NULL, NULL, NULL, b'0'),
	(1672, '河南省周口市西华县', '西华县', ',1515,1669,', 1669, NULL, NULL, NULL, NULL, NULL, b'0'),
	(1673, '河南省周口市商水县', '商水县', ',1515,1669,', 1669, NULL, NULL, NULL, NULL, NULL, b'0'),
	(1674, '河南省周口市沈丘县', '沈丘县', ',1515,1669,', 1669, NULL, NULL, NULL, NULL, NULL, b'0'),
	(1675, '河南省周口市郸城县', '郸城县', ',1515,1669,', 1669, NULL, NULL, NULL, NULL, NULL, b'0'),
	(1676, '河南省周口市淮阳县', '淮阳县', ',1515,1669,', 1669, NULL, NULL, NULL, NULL, NULL, b'0'),
	(1677, '河南省周口市太康县', '太康县', ',1515,1669,', 1669, NULL, NULL, NULL, NULL, NULL, b'0'),
	(1678, '河南省周口市鹿邑县', '鹿邑县', ',1515,1669,', 1669, NULL, NULL, NULL, NULL, NULL, b'0'),
	(1679, '河南省周口市项城市', '项城市', ',1515,1669,', 1669, NULL, NULL, NULL, NULL, NULL, b'0'),
	(1680, '河南省驻马店市', '驻马店市', ',1515,', 1515, NULL, NULL, NULL, NULL, NULL, b'0'),
	(1681, '河南省驻马店市驿城区', '驿城区', ',1515,1680,', 1680, NULL, NULL, NULL, NULL, NULL, b'0'),
	(1682, '河南省驻马店市西平县', '西平县', ',1515,1680,', 1680, NULL, NULL, NULL, NULL, NULL, b'0'),
	(1683, '河南省驻马店市上蔡县', '上蔡县', ',1515,1680,', 1680, NULL, NULL, NULL, NULL, NULL, b'0'),
	(1684, '河南省驻马店市平舆县', '平舆县', ',1515,1680,', 1680, NULL, NULL, NULL, NULL, NULL, b'0'),
	(1685, '河南省驻马店市正阳县', '正阳县', ',1515,1680,', 1680, NULL, NULL, NULL, NULL, NULL, b'0'),
	(1686, '河南省驻马店市确山县', '确山县', ',1515,1680,', 1680, NULL, NULL, NULL, NULL, NULL, b'0'),
	(1687, '河南省驻马店市泌阳县', '泌阳县', ',1515,1680,', 1680, NULL, NULL, NULL, NULL, NULL, b'0'),
	(1688, '河南省驻马店市汝南县', '汝南县', ',1515,1680,', 1680, NULL, NULL, NULL, NULL, NULL, b'0'),
	(1689, '河南省驻马店市遂平县', '遂平县', ',1515,1680,', 1680, NULL, NULL, NULL, NULL, NULL, b'0'),
	(1690, '河南省驻马店市新蔡县', '新蔡县', ',1515,1680,', 1680, NULL, NULL, NULL, NULL, NULL, b'0'),
	(1691, '河南省济源市', '济源市', ',1515,', 1515, NULL, NULL, NULL, NULL, NULL, b'0'),
	(1692, '湖北省', '湖北省', ',', NULL, NULL, NULL, NULL, NULL, NULL, b'0'),
	(1693, '湖北省武汉市', '武汉市', ',1692,', 1692, NULL, NULL, NULL, NULL, NULL, b'0'),
	(1694, '湖北省武汉市江岸区', '江岸区', ',1692,1693,', 1693, NULL, NULL, NULL, NULL, NULL, b'0'),
	(1695, '湖北省武汉市江汉区', '江汉区', ',1692,1693,', 1693, NULL, NULL, NULL, NULL, NULL, b'0'),
	(1696, '湖北省武汉市硚口区', '硚口区', ',1692,1693,', 1693, NULL, NULL, NULL, NULL, NULL, b'0'),
	(1697, '湖北省武汉市汉阳区', '汉阳区', ',1692,1693,', 1693, NULL, NULL, NULL, NULL, NULL, b'0'),
	(1698, '湖北省武汉市武昌区', '武昌区', ',1692,1693,', 1693, NULL, NULL, NULL, NULL, NULL, b'0'),
	(1699, '湖北省武汉市青山区', '青山区', ',1692,1693,', 1693, NULL, NULL, NULL, NULL, NULL, b'0'),
	(1700, '湖北省武汉市洪山区', '洪山区', ',1692,1693,', 1693, NULL, NULL, NULL, NULL, NULL, b'0'),
	(1701, '湖北省武汉市东西湖区', '东西湖区', ',1692,1693,', 1693, NULL, NULL, NULL, NULL, NULL, b'0'),
	(1702, '湖北省武汉市汉南区', '汉南区', ',1692,1693,', 1693, NULL, NULL, NULL, NULL, NULL, b'0'),
	(1703, '湖北省武汉市蔡甸区', '蔡甸区', ',1692,1693,', 1693, NULL, NULL, NULL, NULL, NULL, b'0'),
	(1704, '湖北省武汉市江夏区', '江夏区', ',1692,1693,', 1693, NULL, NULL, NULL, NULL, NULL, b'0'),
	(1705, '湖北省武汉市黄陂区', '黄陂区', ',1692,1693,', 1693, NULL, NULL, NULL, NULL, NULL, b'0'),
	(1706, '湖北省武汉市新洲区', '新洲区', ',1692,1693,', 1693, NULL, NULL, NULL, NULL, NULL, b'0'),
	(1707, '湖北省黄石市', '黄石市', ',1692,', 1692, NULL, NULL, NULL, NULL, NULL, b'0'),
	(1708, '湖北省黄石市黄石港区', '黄石港区', ',1692,1707,', 1707, NULL, NULL, NULL, NULL, NULL, b'0'),
	(1709, '湖北省黄石市西塞山区', '西塞山区', ',1692,1707,', 1707, NULL, NULL, NULL, NULL, NULL, b'0'),
	(1710, '湖北省黄石市下陆区', '下陆区', ',1692,1707,', 1707, NULL, NULL, NULL, NULL, NULL, b'0'),
	(1711, '湖北省黄石市铁山区', '铁山区', ',1692,1707,', 1707, NULL, NULL, NULL, NULL, NULL, b'0'),
	(1712, '湖北省黄石市阳新县', '阳新县', ',1692,1707,', 1707, NULL, NULL, NULL, NULL, NULL, b'0'),
	(1713, '湖北省黄石市大冶市', '大冶市', ',1692,1707,', 1707, NULL, NULL, NULL, NULL, NULL, b'0'),
	(1714, '湖北省十堰市', '十堰市', ',1692,', 1692, NULL, NULL, NULL, NULL, NULL, b'0'),
	(1715, '湖北省十堰市茅箭区', '茅箭区', ',1692,1714,', 1714, NULL, NULL, NULL, NULL, NULL, b'0'),
	(1716, '湖北省十堰市张湾区', '张湾区', ',1692,1714,', 1714, NULL, NULL, NULL, NULL, NULL, b'0'),
	(1717, '湖北省十堰市郧县', '郧县', ',1692,1714,', 1714, NULL, NULL, NULL, NULL, NULL, b'0'),
	(1718, '湖北省十堰市郧西县', '郧西县', ',1692,1714,', 1714, NULL, NULL, NULL, NULL, NULL, b'0'),
	(1719, '湖北省十堰市竹山县', '竹山县', ',1692,1714,', 1714, NULL, NULL, NULL, NULL, NULL, b'0'),
	(1720, '湖北省十堰市竹溪县', '竹溪县', ',1692,1714,', 1714, NULL, NULL, NULL, NULL, NULL, b'0'),
	(1721, '湖北省十堰市房县', '房县', ',1692,1714,', 1714, NULL, NULL, NULL, NULL, NULL, b'0'),
	(1722, '湖北省十堰市丹江口市', '丹江口市', ',1692,1714,', 1714, NULL, NULL, NULL, NULL, NULL, b'0'),
	(1723, '湖北省宜昌市', '宜昌市', ',1692,', 1692, NULL, NULL, NULL, NULL, NULL, b'0'),
	(1724, '湖北省宜昌市西陵区', '西陵区', ',1692,1723,', 1723, NULL, NULL, NULL, NULL, NULL, b'0'),
	(1725, '湖北省宜昌市伍家岗区', '伍家岗区', ',1692,1723,', 1723, NULL, NULL, NULL, NULL, NULL, b'0'),
	(1726, '湖北省宜昌市点军区', '点军区', ',1692,1723,', 1723, NULL, NULL, NULL, NULL, NULL, b'0'),
	(1727, '湖北省宜昌市猇亭区', '猇亭区', ',1692,1723,', 1723, NULL, NULL, NULL, NULL, NULL, b'0'),
	(1728, '湖北省宜昌市夷陵区', '夷陵区', ',1692,1723,', 1723, NULL, NULL, NULL, NULL, NULL, b'0'),
	(1729, '湖北省宜昌市远安县', '远安县', ',1692,1723,', 1723, NULL, NULL, NULL, NULL, NULL, b'0'),
	(1730, '湖北省宜昌市兴山县', '兴山县', ',1692,1723,', 1723, NULL, NULL, NULL, NULL, NULL, b'0'),
	(1731, '湖北省宜昌市秭归县', '秭归县', ',1692,1723,', 1723, NULL, NULL, NULL, NULL, NULL, b'0'),
	(1732, '湖北省宜昌市长阳土家族自治县', '长阳土家族自治县', ',1692,1723,', 1723, NULL, NULL, NULL, NULL, NULL, b'0'),
	(1733, '湖北省宜昌市五峰土家族自治县', '五峰土家族自治县', ',1692,1723,', 1723, NULL, NULL, NULL, NULL, NULL, b'0'),
	(1734, '湖北省宜昌市宜都市', '宜都市', ',1692,1723,', 1723, NULL, NULL, NULL, NULL, NULL, b'0'),
	(1735, '湖北省宜昌市当阳市', '当阳市', ',1692,1723,', 1723, NULL, NULL, NULL, NULL, NULL, b'0'),
	(1736, '湖北省宜昌市枝江市', '枝江市', ',1692,1723,', 1723, NULL, NULL, NULL, NULL, NULL, b'0'),
	(1737, '湖北省襄阳市', '襄阳市', ',1692,', 1692, NULL, NULL, NULL, NULL, NULL, b'0'),
	(1738, '湖北省襄阳市襄城区', '襄城区', ',1692,1737,', 1737, NULL, NULL, NULL, NULL, NULL, b'0'),
	(1739, '湖北省襄阳市樊城区', '樊城区', ',1692,1737,', 1737, NULL, NULL, NULL, NULL, NULL, b'0'),
	(1740, '湖北省襄阳市襄州区', '襄州区', ',1692,1737,', 1737, NULL, NULL, NULL, NULL, NULL, b'0'),
	(1741, '湖北省襄阳市南漳县', '南漳县', ',1692,1737,', 1737, NULL, NULL, NULL, NULL, NULL, b'0'),
	(1742, '湖北省襄阳市谷城县', '谷城县', ',1692,1737,', 1737, NULL, NULL, NULL, NULL, NULL, b'0'),
	(1743, '湖北省襄阳市保康县', '保康县', ',1692,1737,', 1737, NULL, NULL, NULL, NULL, NULL, b'0'),
	(1744, '湖北省襄阳市老河口市', '老河口市', ',1692,1737,', 1737, NULL, NULL, NULL, NULL, NULL, b'0'),
	(1745, '湖北省襄阳市枣阳市', '枣阳市', ',1692,1737,', 1737, NULL, NULL, NULL, NULL, NULL, b'0'),
	(1746, '湖北省襄阳市宜城市', '宜城市', ',1692,1737,', 1737, NULL, NULL, NULL, NULL, NULL, b'0'),
	(1747, '湖北省鄂州市', '鄂州市', ',1692,', 1692, NULL, NULL, NULL, NULL, NULL, b'0'),
	(1748, '湖北省鄂州市梁子湖区', '梁子湖区', ',1692,1747,', 1747, NULL, NULL, NULL, NULL, NULL, b'0'),
	(1749, '湖北省鄂州市华容区', '华容区', ',1692,1747,', 1747, NULL, NULL, NULL, NULL, NULL, b'0'),
	(1750, '湖北省鄂州市鄂城区', '鄂城区', ',1692,1747,', 1747, NULL, NULL, NULL, NULL, NULL, b'0'),
	(1751, '湖北省荆门市', '荆门市', ',1692,', 1692, NULL, NULL, NULL, NULL, NULL, b'0'),
	(1752, '湖北省荆门市东宝区', '东宝区', ',1692,1751,', 1751, NULL, NULL, NULL, NULL, NULL, b'0'),
	(1753, '湖北省荆门市掇刀区', '掇刀区', ',1692,1751,', 1751, NULL, NULL, NULL, NULL, NULL, b'0'),
	(1754, '湖北省荆门市京山县', '京山县', ',1692,1751,', 1751, NULL, NULL, NULL, NULL, NULL, b'0'),
	(1755, '湖北省荆门市沙洋县', '沙洋县', ',1692,1751,', 1751, NULL, NULL, NULL, NULL, NULL, b'0'),
	(1756, '湖北省荆门市钟祥市', '钟祥市', ',1692,1751,', 1751, NULL, NULL, NULL, NULL, NULL, b'0'),
	(1757, '湖北省孝感市', '孝感市', ',1692,', 1692, NULL, NULL, NULL, NULL, NULL, b'0'),
	(1758, '湖北省孝感市孝南区', '孝南区', ',1692,1757,', 1757, NULL, NULL, NULL, NULL, NULL, b'0'),
	(1759, '湖北省孝感市孝昌县', '孝昌县', ',1692,1757,', 1757, NULL, NULL, NULL, NULL, NULL, b'0'),
	(1760, '湖北省孝感市大悟县', '大悟县', ',1692,1757,', 1757, NULL, NULL, NULL, NULL, NULL, b'0'),
	(1761, '湖北省孝感市云梦县', '云梦县', ',1692,1757,', 1757, NULL, NULL, NULL, NULL, NULL, b'0'),
	(1762, '湖北省孝感市应城市', '应城市', ',1692,1757,', 1757, NULL, NULL, NULL, NULL, NULL, b'0'),
	(1763, '湖北省孝感市安陆市', '安陆市', ',1692,1757,', 1757, NULL, NULL, NULL, NULL, NULL, b'0'),
	(1764, '湖北省孝感市汉川市', '汉川市', ',1692,1757,', 1757, NULL, NULL, NULL, NULL, NULL, b'0'),
	(1765, '湖北省荆州市', '荆州市', ',1692,', 1692, NULL, NULL, NULL, NULL, NULL, b'0'),
	(1766, '湖北省荆州市沙市区', '沙市区', ',1692,1765,', 1765, NULL, NULL, NULL, NULL, NULL, b'0'),
	(1767, '湖北省荆州市荆州区', '荆州区', ',1692,1765,', 1765, NULL, NULL, NULL, NULL, NULL, b'0'),
	(1768, '湖北省荆州市公安县', '公安县', ',1692,1765,', 1765, NULL, NULL, NULL, NULL, NULL, b'0'),
	(1769, '湖北省荆州市监利县', '监利县', ',1692,1765,', 1765, NULL, NULL, NULL, NULL, NULL, b'0'),
	(1770, '湖北省荆州市江陵县', '江陵县', ',1692,1765,', 1765, NULL, NULL, NULL, NULL, NULL, b'0'),
	(1771, '湖北省荆州市石首市', '石首市', ',1692,1765,', 1765, NULL, NULL, NULL, NULL, NULL, b'0'),
	(1772, '湖北省荆州市洪湖市', '洪湖市', ',1692,1765,', 1765, NULL, NULL, NULL, NULL, NULL, b'0'),
	(1773, '湖北省荆州市松滋市', '松滋市', ',1692,1765,', 1765, NULL, NULL, NULL, NULL, NULL, b'0'),
	(1774, '湖北省黄冈市', '黄冈市', ',1692,', 1692, NULL, NULL, NULL, NULL, NULL, b'0'),
	(1775, '湖北省黄冈市黄州区', '黄州区', ',1692,1774,', 1774, NULL, NULL, NULL, NULL, NULL, b'0'),
	(1776, '湖北省黄冈市团风县', '团风县', ',1692,1774,', 1774, NULL, NULL, NULL, NULL, NULL, b'0'),
	(1777, '湖北省黄冈市红安县', '红安县', ',1692,1774,', 1774, NULL, NULL, NULL, NULL, NULL, b'0'),
	(1778, '湖北省黄冈市罗田县', '罗田县', ',1692,1774,', 1774, NULL, NULL, NULL, NULL, NULL, b'0'),
	(1779, '湖北省黄冈市英山县', '英山县', ',1692,1774,', 1774, NULL, NULL, NULL, NULL, NULL, b'0'),
	(1780, '湖北省黄冈市浠水县', '浠水县', ',1692,1774,', 1774, NULL, NULL, NULL, NULL, NULL, b'0'),
	(1781, '湖北省黄冈市蕲春县', '蕲春县', ',1692,1774,', 1774, NULL, NULL, NULL, NULL, NULL, b'0'),
	(1782, '湖北省黄冈市黄梅县', '黄梅县', ',1692,1774,', 1774, NULL, NULL, NULL, NULL, NULL, b'0'),
	(1783, '湖北省黄冈市麻城市', '麻城市', ',1692,1774,', 1774, NULL, NULL, NULL, NULL, NULL, b'0'),
	(1784, '湖北省黄冈市武穴市', '武穴市', ',1692,1774,', 1774, NULL, NULL, NULL, NULL, NULL, b'0'),
	(1785, '湖北省咸宁市', '咸宁市', ',1692,', 1692, NULL, NULL, NULL, NULL, NULL, b'0'),
	(1786, '湖北省咸宁市咸安区', '咸安区', ',1692,1785,', 1785, NULL, NULL, NULL, NULL, NULL, b'0'),
	(1787, '湖北省咸宁市嘉鱼县', '嘉鱼县', ',1692,1785,', 1785, NULL, NULL, NULL, NULL, NULL, b'0'),
	(1788, '湖北省咸宁市通城县', '通城县', ',1692,1785,', 1785, NULL, NULL, NULL, NULL, NULL, b'0'),
	(1789, '湖北省咸宁市崇阳县', '崇阳县', ',1692,1785,', 1785, NULL, NULL, NULL, NULL, NULL, b'0'),
	(1790, '湖北省咸宁市通山县', '通山县', ',1692,1785,', 1785, NULL, NULL, NULL, NULL, NULL, b'0'),
	(1791, '湖北省咸宁市赤壁市', '赤壁市', ',1692,1785,', 1785, NULL, NULL, NULL, NULL, NULL, b'0'),
	(1792, '湖北省随州市', '随州市', ',1692,', 1692, NULL, NULL, NULL, NULL, NULL, b'0'),
	(1793, '湖北省随州市曾都区', '曾都区', ',1692,1792,', 1792, NULL, NULL, NULL, NULL, NULL, b'0'),
	(1794, '湖北省随州市随县', '随县', ',1692,1792,', 1792, NULL, NULL, NULL, NULL, NULL, b'0'),
	(1795, '湖北省随州市广水市', '广水市', ',1692,1792,', 1792, NULL, NULL, NULL, NULL, NULL, b'0'),
	(1796, '湖北省恩施土家族苗族自治州', '恩施土家族苗族自治州', ',1692,', 1692, NULL, NULL, NULL, NULL, NULL, b'0'),
	(1797, '湖北省恩施土家族苗族自治州恩施市', '恩施市', ',1692,1796,', 1796, NULL, NULL, NULL, NULL, NULL, b'0'),
	(1798, '湖北省恩施土家族苗族自治州利川市', '利川市', ',1692,1796,', 1796, NULL, NULL, NULL, NULL, NULL, b'0'),
	(1799, '湖北省恩施土家族苗族自治州建始县', '建始县', ',1692,1796,', 1796, NULL, NULL, NULL, NULL, NULL, b'0'),
	(1800, '湖北省恩施土家族苗族自治州巴东县', '巴东县', ',1692,1796,', 1796, NULL, NULL, NULL, NULL, NULL, b'0'),
	(1801, '湖北省恩施土家族苗族自治州宣恩县', '宣恩县', ',1692,1796,', 1796, NULL, NULL, NULL, NULL, NULL, b'0'),
	(1802, '湖北省恩施土家族苗族自治州咸丰县', '咸丰县', ',1692,1796,', 1796, NULL, NULL, NULL, NULL, NULL, b'0'),
	(1803, '湖北省恩施土家族苗族自治州来凤县', '来凤县', ',1692,1796,', 1796, NULL, NULL, NULL, NULL, NULL, b'0'),
	(1804, '湖北省恩施土家族苗族自治州鹤峰县', '鹤峰县', ',1692,1796,', 1796, NULL, NULL, NULL, NULL, NULL, b'0'),
	(1805, '湖北省仙桃市', '仙桃市', ',1692,', 1692, NULL, NULL, NULL, NULL, NULL, b'0'),
	(1806, '湖北省潜江市', '潜江市', ',1692,', 1692, NULL, NULL, NULL, NULL, NULL, b'0'),
	(1807, '湖北省天门市', '天门市', ',1692,', 1692, NULL, NULL, NULL, NULL, NULL, b'0'),
	(1808, '湖北省神农架林区', '神农架林区', ',1692,', 1692, NULL, NULL, NULL, NULL, NULL, b'0'),
	(1809, '湖南省', '湖南省', ',', NULL, NULL, NULL, NULL, NULL, NULL, b'0'),
	(1810, '湖南省长沙市', '长沙市', ',1809,', 1809, NULL, NULL, NULL, NULL, NULL, b'0'),
	(1811, '湖南省长沙市芙蓉区', '芙蓉区', ',1809,1810,', 1810, NULL, NULL, NULL, NULL, NULL, b'0'),
	(1812, '湖南省长沙市天心区', '天心区', ',1809,1810,', 1810, NULL, NULL, NULL, NULL, NULL, b'0'),
	(1813, '湖南省长沙市岳麓区', '岳麓区', ',1809,1810,', 1810, NULL, NULL, NULL, NULL, NULL, b'0'),
	(1814, '湖南省长沙市开福区', '开福区', ',1809,1810,', 1810, NULL, NULL, NULL, NULL, NULL, b'0'),
	(1815, '湖南省长沙市雨花区', '雨花区', ',1809,1810,', 1810, NULL, NULL, NULL, NULL, NULL, b'0'),
	(1816, '湖南省长沙市望城区', '望城区', ',1809,1810,', 1810, NULL, NULL, NULL, NULL, NULL, b'0'),
	(1817, '湖南省长沙市长沙县', '长沙县', ',1809,1810,', 1810, NULL, NULL, NULL, NULL, NULL, b'0'),
	(1818, '湖南省长沙市宁乡县', '宁乡县', ',1809,1810,', 1810, NULL, NULL, NULL, NULL, NULL, b'0'),
	(1819, '湖南省长沙市浏阳市', '浏阳市', ',1809,1810,', 1810, NULL, NULL, NULL, NULL, NULL, b'0'),
	(1820, '湖南省株洲市', '株洲市', ',1809,', 1809, NULL, NULL, NULL, NULL, NULL, b'0'),
	(1821, '湖南省株洲市荷塘区', '荷塘区', ',1809,1820,', 1820, NULL, NULL, NULL, NULL, NULL, b'0'),
	(1822, '湖南省株洲市芦淞区', '芦淞区', ',1809,1820,', 1820, NULL, NULL, NULL, NULL, NULL, b'0'),
	(1823, '湖南省株洲市石峰区', '石峰区', ',1809,1820,', 1820, NULL, NULL, NULL, NULL, NULL, b'0'),
	(1824, '湖南省株洲市天元区', '天元区', ',1809,1820,', 1820, NULL, NULL, NULL, NULL, NULL, b'0'),
	(1825, '湖南省株洲市株洲县', '株洲县', ',1809,1820,', 1820, NULL, NULL, NULL, NULL, NULL, b'0'),
	(1826, '湖南省株洲市攸县', '攸县', ',1809,1820,', 1820, NULL, NULL, NULL, NULL, NULL, b'0'),
	(1827, '湖南省株洲市茶陵县', '茶陵县', ',1809,1820,', 1820, NULL, NULL, NULL, NULL, NULL, b'0'),
	(1828, '湖南省株洲市炎陵县', '炎陵县', ',1809,1820,', 1820, NULL, NULL, NULL, NULL, NULL, b'0'),
	(1829, '湖南省株洲市醴陵市', '醴陵市', ',1809,1820,', 1820, NULL, NULL, NULL, NULL, NULL, b'0'),
	(1830, '湖南省湘潭市', '湘潭市', ',1809,', 1809, NULL, NULL, NULL, NULL, NULL, b'0'),
	(1831, '湖南省湘潭市雨湖区', '雨湖区', ',1809,1830,', 1830, NULL, NULL, NULL, NULL, NULL, b'0'),
	(1832, '湖南省湘潭市岳塘区', '岳塘区', ',1809,1830,', 1830, NULL, NULL, NULL, NULL, NULL, b'0'),
	(1833, '湖南省湘潭市湘潭县', '湘潭县', ',1809,1830,', 1830, NULL, NULL, NULL, NULL, NULL, b'0'),
	(1834, '湖南省湘潭市湘乡市', '湘乡市', ',1809,1830,', 1830, NULL, NULL, NULL, NULL, NULL, b'0'),
	(1835, '湖南省湘潭市韶山市', '韶山市', ',1809,1830,', 1830, NULL, NULL, NULL, NULL, NULL, b'0'),
	(1836, '湖南省衡阳市', '衡阳市', ',1809,', 1809, NULL, NULL, NULL, NULL, NULL, b'0'),
	(1837, '湖南省衡阳市珠晖区', '珠晖区', ',1809,1836,', 1836, NULL, NULL, NULL, NULL, NULL, b'0'),
	(1838, '湖南省衡阳市雁峰区', '雁峰区', ',1809,1836,', 1836, NULL, NULL, NULL, NULL, NULL, b'0'),
	(1839, '湖南省衡阳市石鼓区', '石鼓区', ',1809,1836,', 1836, NULL, NULL, NULL, NULL, NULL, b'0'),
	(1840, '湖南省衡阳市蒸湘区', '蒸湘区', ',1809,1836,', 1836, NULL, NULL, NULL, NULL, NULL, b'0'),
	(1841, '湖南省衡阳市南岳区', '南岳区', ',1809,1836,', 1836, NULL, NULL, NULL, NULL, NULL, b'0'),
	(1842, '湖南省衡阳市衡阳县', '衡阳县', ',1809,1836,', 1836, NULL, NULL, NULL, NULL, NULL, b'0'),
	(1843, '湖南省衡阳市衡南县', '衡南县', ',1809,1836,', 1836, NULL, NULL, NULL, NULL, NULL, b'0'),
	(1844, '湖南省衡阳市衡山县', '衡山县', ',1809,1836,', 1836, NULL, NULL, NULL, NULL, NULL, b'0'),
	(1845, '湖南省衡阳市衡东县', '衡东县', ',1809,1836,', 1836, NULL, NULL, NULL, NULL, NULL, b'0'),
	(1846, '湖南省衡阳市祁东县', '祁东县', ',1809,1836,', 1836, NULL, NULL, NULL, NULL, NULL, b'0'),
	(1847, '湖南省衡阳市耒阳市', '耒阳市', ',1809,1836,', 1836, NULL, NULL, NULL, NULL, NULL, b'0'),
	(1848, '湖南省衡阳市常宁市', '常宁市', ',1809,1836,', 1836, NULL, NULL, NULL, NULL, NULL, b'0'),
	(1849, '湖南省邵阳市', '邵阳市', ',1809,', 1809, NULL, NULL, NULL, NULL, NULL, b'0'),
	(1850, '湖南省邵阳市双清区', '双清区', ',1809,1849,', 1849, NULL, NULL, NULL, NULL, NULL, b'0'),
	(1851, '湖南省邵阳市大祥区', '大祥区', ',1809,1849,', 1849, NULL, NULL, NULL, NULL, NULL, b'0'),
	(1852, '湖南省邵阳市北塔区', '北塔区', ',1809,1849,', 1849, NULL, NULL, NULL, NULL, NULL, b'0'),
	(1853, '湖南省邵阳市邵东县', '邵东县', ',1809,1849,', 1849, NULL, NULL, NULL, NULL, NULL, b'0'),
	(1854, '湖南省邵阳市新邵县', '新邵县', ',1809,1849,', 1849, NULL, NULL, NULL, NULL, NULL, b'0'),
	(1855, '湖南省邵阳市邵阳县', '邵阳县', ',1809,1849,', 1849, NULL, NULL, NULL, NULL, NULL, b'0'),
	(1856, '湖南省邵阳市隆回县', '隆回县', ',1809,1849,', 1849, NULL, NULL, NULL, NULL, NULL, b'0'),
	(1857, '湖南省邵阳市洞口县', '洞口县', ',1809,1849,', 1849, NULL, NULL, NULL, NULL, NULL, b'0'),
	(1858, '湖南省邵阳市绥宁县', '绥宁县', ',1809,1849,', 1849, NULL, NULL, NULL, NULL, NULL, b'0'),
	(1859, '湖南省邵阳市新宁县', '新宁县', ',1809,1849,', 1849, NULL, NULL, NULL, NULL, NULL, b'0'),
	(1860, '湖南省邵阳市城步苗族自治县', '城步苗族自治县', ',1809,1849,', 1849, NULL, NULL, NULL, NULL, NULL, b'0'),
	(1861, '湖南省邵阳市武冈市', '武冈市', ',1809,1849,', 1849, NULL, NULL, NULL, NULL, NULL, b'0'),
	(1862, '湖南省岳阳市', '岳阳市', ',1809,', 1809, NULL, NULL, NULL, NULL, NULL, b'0'),
	(1863, '湖南省岳阳市岳阳楼区', '岳阳楼区', ',1809,1862,', 1862, NULL, NULL, NULL, NULL, NULL, b'0'),
	(1864, '湖南省岳阳市云溪区', '云溪区', ',1809,1862,', 1862, NULL, NULL, NULL, NULL, NULL, b'0'),
	(1865, '湖南省岳阳市君山区', '君山区', ',1809,1862,', 1862, NULL, NULL, NULL, NULL, NULL, b'0'),
	(1866, '湖南省岳阳市岳阳县', '岳阳县', ',1809,1862,', 1862, NULL, NULL, NULL, NULL, NULL, b'0'),
	(1867, '湖南省岳阳市华容县', '华容县', ',1809,1862,', 1862, NULL, NULL, NULL, NULL, NULL, b'0'),
	(1868, '湖南省岳阳市湘阴县', '湘阴县', ',1809,1862,', 1862, NULL, NULL, NULL, NULL, NULL, b'0'),
	(1869, '湖南省岳阳市平江县', '平江县', ',1809,1862,', 1862, NULL, NULL, NULL, NULL, NULL, b'0'),
	(1870, '湖南省岳阳市汨罗市', '汨罗市', ',1809,1862,', 1862, NULL, NULL, NULL, NULL, NULL, b'0'),
	(1871, '湖南省岳阳市临湘市', '临湘市', ',1809,1862,', 1862, NULL, NULL, NULL, NULL, NULL, b'0'),
	(1872, '湖南省常德市', '常德市', ',1809,', 1809, NULL, NULL, NULL, NULL, NULL, b'0'),
	(1873, '湖南省常德市武陵区', '武陵区', ',1809,1872,', 1872, NULL, NULL, NULL, NULL, NULL, b'0'),
	(1874, '湖南省常德市鼎城区', '鼎城区', ',1809,1872,', 1872, NULL, NULL, NULL, NULL, NULL, b'0'),
	(1875, '湖南省常德市安乡县', '安乡县', ',1809,1872,', 1872, NULL, NULL, NULL, NULL, NULL, b'0'),
	(1876, '湖南省常德市汉寿县', '汉寿县', ',1809,1872,', 1872, NULL, NULL, NULL, NULL, NULL, b'0'),
	(1877, '湖南省常德市澧县', '澧县', ',1809,1872,', 1872, NULL, NULL, NULL, NULL, NULL, b'0'),
	(1878, '湖南省常德市临澧县', '临澧县', ',1809,1872,', 1872, NULL, NULL, NULL, NULL, NULL, b'0'),
	(1879, '湖南省常德市桃源县', '桃源县', ',1809,1872,', 1872, NULL, NULL, NULL, NULL, NULL, b'0'),
	(1880, '湖南省常德市石门县', '石门县', ',1809,1872,', 1872, NULL, NULL, NULL, NULL, NULL, b'0'),
	(1881, '湖南省常德市津市市', '津市市', ',1809,1872,', 1872, NULL, NULL, NULL, NULL, NULL, b'0'),
	(1882, '湖南省张家界市', '张家界市', ',1809,', 1809, NULL, NULL, NULL, NULL, NULL, b'0'),
	(1883, '湖南省张家界市永定区', '永定区', ',1809,1882,', 1882, NULL, NULL, NULL, NULL, NULL, b'0'),
	(1884, '湖南省张家界市武陵源区', '武陵源区', ',1809,1882,', 1882, NULL, NULL, NULL, NULL, NULL, b'0'),
	(1885, '湖南省张家界市慈利县', '慈利县', ',1809,1882,', 1882, NULL, NULL, NULL, NULL, NULL, b'0'),
	(1886, '湖南省张家界市桑植县', '桑植县', ',1809,1882,', 1882, NULL, NULL, NULL, NULL, NULL, b'0'),
	(1887, '湖南省益阳市', '益阳市', ',1809,', 1809, NULL, NULL, NULL, NULL, NULL, b'0'),
	(1888, '湖南省益阳市资阳区', '资阳区', ',1809,1887,', 1887, NULL, NULL, NULL, NULL, NULL, b'0'),
	(1889, '湖南省益阳市赫山区', '赫山区', ',1809,1887,', 1887, NULL, NULL, NULL, NULL, NULL, b'0'),
	(1890, '湖南省益阳市南县', '南县', ',1809,1887,', 1887, NULL, NULL, NULL, NULL, NULL, b'0'),
	(1891, '湖南省益阳市桃江县', '桃江县', ',1809,1887,', 1887, NULL, NULL, NULL, NULL, NULL, b'0'),
	(1892, '湖南省益阳市安化县', '安化县', ',1809,1887,', 1887, NULL, NULL, NULL, NULL, NULL, b'0'),
	(1893, '湖南省益阳市沅江市', '沅江市', ',1809,1887,', 1887, NULL, NULL, NULL, NULL, NULL, b'0'),
	(1894, '湖南省郴州市', '郴州市', ',1809,', 1809, NULL, NULL, NULL, NULL, NULL, b'0'),
	(1895, '湖南省郴州市北湖区', '北湖区', ',1809,1894,', 1894, NULL, NULL, NULL, NULL, NULL, b'0'),
	(1896, '湖南省郴州市苏仙区', '苏仙区', ',1809,1894,', 1894, NULL, NULL, NULL, NULL, NULL, b'0'),
	(1897, '湖南省郴州市桂阳县', '桂阳县', ',1809,1894,', 1894, NULL, NULL, NULL, NULL, NULL, b'0'),
	(1898, '湖南省郴州市宜章县', '宜章县', ',1809,1894,', 1894, NULL, NULL, NULL, NULL, NULL, b'0'),
	(1899, '湖南省郴州市永兴县', '永兴县', ',1809,1894,', 1894, NULL, NULL, NULL, NULL, NULL, b'0'),
	(1900, '湖南省郴州市嘉禾县', '嘉禾县', ',1809,1894,', 1894, NULL, NULL, NULL, NULL, NULL, b'0'),
	(1901, '湖南省郴州市临武县', '临武县', ',1809,1894,', 1894, NULL, NULL, NULL, NULL, NULL, b'0'),
	(1902, '湖南省郴州市汝城县', '汝城县', ',1809,1894,', 1894, NULL, NULL, NULL, NULL, NULL, b'0'),
	(1903, '湖南省郴州市桂东县', '桂东县', ',1809,1894,', 1894, NULL, NULL, NULL, NULL, NULL, b'0'),
	(1904, '湖南省郴州市安仁县', '安仁县', ',1809,1894,', 1894, NULL, NULL, NULL, NULL, NULL, b'0'),
	(1905, '湖南省郴州市资兴市', '资兴市', ',1809,1894,', 1894, NULL, NULL, NULL, NULL, NULL, b'0'),
	(1906, '湖南省永州市', '永州市', ',1809,', 1809, NULL, NULL, NULL, NULL, NULL, b'0'),
	(1907, '湖南省永州市零陵区', '零陵区', ',1809,1906,', 1906, NULL, NULL, NULL, NULL, NULL, b'0'),
	(1908, '湖南省永州市冷水滩区', '冷水滩区', ',1809,1906,', 1906, NULL, NULL, NULL, NULL, NULL, b'0'),
	(1909, '湖南省永州市祁阳县', '祁阳县', ',1809,1906,', 1906, NULL, NULL, NULL, NULL, NULL, b'0'),
	(1910, '湖南省永州市东安县', '东安县', ',1809,1906,', 1906, NULL, NULL, NULL, NULL, NULL, b'0'),
	(1911, '湖南省永州市双牌县', '双牌县', ',1809,1906,', 1906, NULL, NULL, NULL, NULL, NULL, b'0'),
	(1912, '湖南省永州市道县', '道县', ',1809,1906,', 1906, NULL, NULL, NULL, NULL, NULL, b'0'),
	(1913, '湖南省永州市江永县', '江永县', ',1809,1906,', 1906, NULL, NULL, NULL, NULL, NULL, b'0'),
	(1914, '湖南省永州市宁远县', '宁远县', ',1809,1906,', 1906, NULL, NULL, NULL, NULL, NULL, b'0'),
	(1915, '湖南省永州市蓝山县', '蓝山县', ',1809,1906,', 1906, NULL, NULL, NULL, NULL, NULL, b'0'),
	(1916, '湖南省永州市新田县', '新田县', ',1809,1906,', 1906, NULL, NULL, NULL, NULL, NULL, b'0'),
	(1917, '湖南省永州市江华瑶族自治县', '江华瑶族自治县', ',1809,1906,', 1906, NULL, NULL, NULL, NULL, NULL, b'0'),
	(1918, '湖南省怀化市', '怀化市', ',1809,', 1809, NULL, NULL, NULL, NULL, NULL, b'0'),
	(1919, '湖南省怀化市鹤城区', '鹤城区', ',1809,1918,', 1918, NULL, NULL, NULL, NULL, NULL, b'0'),
	(1920, '湖南省怀化市中方县', '中方县', ',1809,1918,', 1918, NULL, NULL, NULL, NULL, NULL, b'0'),
	(1921, '湖南省怀化市沅陵县', '沅陵县', ',1809,1918,', 1918, NULL, NULL, NULL, NULL, NULL, b'0'),
	(1922, '湖南省怀化市辰溪县', '辰溪县', ',1809,1918,', 1918, NULL, NULL, NULL, NULL, NULL, b'0'),
	(1923, '湖南省怀化市溆浦县', '溆浦县', ',1809,1918,', 1918, NULL, NULL, NULL, NULL, NULL, b'0'),
	(1924, '湖南省怀化市会同县', '会同县', ',1809,1918,', 1918, NULL, NULL, NULL, NULL, NULL, b'0'),
	(1925, '湖南省怀化市麻阳苗族自治县', '麻阳苗族自治县', ',1809,1918,', 1918, NULL, NULL, NULL, NULL, NULL, b'0'),
	(1926, '湖南省怀化市新晃侗族自治县', '新晃侗族自治县', ',1809,1918,', 1918, NULL, NULL, NULL, NULL, NULL, b'0'),
	(1927, '湖南省怀化市芷江侗族自治县', '芷江侗族自治县', ',1809,1918,', 1918, NULL, NULL, NULL, NULL, NULL, b'0'),
	(1928, '湖南省怀化市靖州苗族侗族自治县', '靖州苗族侗族自治县', ',1809,1918,', 1918, NULL, NULL, NULL, NULL, NULL, b'0'),
	(1929, '湖南省怀化市通道侗族自治县', '通道侗族自治县', ',1809,1918,', 1918, NULL, NULL, NULL, NULL, NULL, b'0'),
	(1930, '湖南省怀化市洪江市', '洪江市', ',1809,1918,', 1918, NULL, NULL, NULL, NULL, NULL, b'0'),
	(1931, '湖南省娄底市', '娄底市', ',1809,', 1809, NULL, NULL, NULL, NULL, NULL, b'0'),
	(1932, '湖南省娄底市娄星区', '娄星区', ',1809,1931,', 1931, NULL, NULL, NULL, NULL, NULL, b'0'),
	(1933, '湖南省娄底市双峰县', '双峰县', ',1809,1931,', 1931, NULL, NULL, NULL, NULL, NULL, b'0'),
	(1934, '湖南省娄底市新化县', '新化县', ',1809,1931,', 1931, NULL, NULL, NULL, NULL, NULL, b'0'),
	(1935, '湖南省娄底市冷水江市', '冷水江市', ',1809,1931,', 1931, NULL, NULL, NULL, NULL, NULL, b'0'),
	(1936, '湖南省娄底市涟源市', '涟源市', ',1809,1931,', 1931, NULL, NULL, NULL, NULL, NULL, b'0'),
	(1937, '湖南省湘西土家族苗族自治州', '湘西土家族苗族自治州', ',1809,', 1809, NULL, NULL, NULL, NULL, NULL, b'0'),
	(1938, '湖南省湘西土家族苗族自治州吉首市', '吉首市', ',1809,1937,', 1937, NULL, NULL, NULL, NULL, NULL, b'0'),
	(1939, '湖南省湘西土家族苗族自治州泸溪县', '泸溪县', ',1809,1937,', 1937, NULL, NULL, NULL, NULL, NULL, b'0'),
	(1940, '湖南省湘西土家族苗族自治州凤凰县', '凤凰县', ',1809,1937,', 1937, NULL, NULL, NULL, NULL, NULL, b'0'),
	(1941, '湖南省湘西土家族苗族自治州花垣县', '花垣县', ',1809,1937,', 1937, NULL, NULL, NULL, NULL, NULL, b'0'),
	(1942, '湖南省湘西土家族苗族自治州保靖县', '保靖县', ',1809,1937,', 1937, NULL, NULL, NULL, NULL, NULL, b'0'),
	(1943, '湖南省湘西土家族苗族自治州古丈县', '古丈县', ',1809,1937,', 1937, NULL, NULL, NULL, NULL, NULL, b'0'),
	(1944, '湖南省湘西土家族苗族自治州永顺县', '永顺县', ',1809,1937,', 1937, NULL, NULL, NULL, NULL, NULL, b'0'),
	(1945, '湖南省湘西土家族苗族自治州龙山县', '龙山县', ',1809,1937,', 1937, NULL, NULL, NULL, NULL, NULL, b'0'),
	(1946, '广东省', '广东省', ',', NULL, NULL, NULL, NULL, NULL, NULL, b'0'),
	(1947, '广东省广州市', '广州市', ',1946,', 1946, NULL, NULL, NULL, NULL, NULL, b'0'),
	(1948, '广东省广州市荔湾区', '荔湾区', ',1946,1947,', 1947, NULL, NULL, NULL, NULL, NULL, b'0'),
	(1949, '广东省广州市越秀区', '越秀区', ',1946,1947,', 1947, NULL, NULL, NULL, NULL, NULL, b'0'),
	(1950, '广东省广州市海珠区', '海珠区', ',1946,1947,', 1947, NULL, NULL, NULL, NULL, NULL, b'0'),
	(1951, '广东省广州市天河区', '天河区', ',1946,1947,', 1947, NULL, NULL, NULL, NULL, NULL, b'0'),
	(1952, '广东省广州市白云区', '白云区', ',1946,1947,', 1947, NULL, NULL, NULL, NULL, NULL, b'0'),
	(1953, '广东省广州市黄埔区', '黄埔区', ',1946,1947,', 1947, NULL, NULL, NULL, NULL, NULL, b'0'),
	(1954, '广东省广州市番禺区', '番禺区', ',1946,1947,', 1947, NULL, NULL, NULL, NULL, NULL, b'0'),
	(1955, '广东省广州市花都区', '花都区', ',1946,1947,', 1947, NULL, NULL, NULL, NULL, NULL, b'0'),
	(1956, '广东省广州市南沙区', '南沙区', ',1946,1947,', 1947, NULL, NULL, NULL, NULL, NULL, b'0'),
	(1957, '广东省广州市萝岗区', '萝岗区', ',1946,1947,', 1947, NULL, NULL, NULL, NULL, NULL, b'0'),
	(1958, '广东省广州市增城市', '增城市', ',1946,1947,', 1947, NULL, NULL, NULL, NULL, NULL, b'0'),
	(1959, '广东省广州市从化市', '从化市', ',1946,1947,', 1947, NULL, NULL, NULL, NULL, NULL, b'0'),
	(1960, '广东省韶关市', '韶关市', ',1946,', 1946, NULL, NULL, NULL, NULL, NULL, b'0'),
	(1961, '广东省韶关市武江区', '武江区', ',1946,1960,', 1960, NULL, NULL, NULL, NULL, NULL, b'0'),
	(1962, '广东省韶关市浈江区', '浈江区', ',1946,1960,', 1960, NULL, NULL, NULL, NULL, NULL, b'0'),
	(1963, '广东省韶关市曲江区', '曲江区', ',1946,1960,', 1960, NULL, NULL, NULL, NULL, NULL, b'0'),
	(1964, '广东省韶关市始兴县', '始兴县', ',1946,1960,', 1960, NULL, NULL, NULL, NULL, NULL, b'0'),
	(1965, '广东省韶关市仁化县', '仁化县', ',1946,1960,', 1960, NULL, NULL, NULL, NULL, NULL, b'0'),
	(1966, '广东省韶关市翁源县', '翁源县', ',1946,1960,', 1960, NULL, NULL, NULL, NULL, NULL, b'0'),
	(1967, '广东省韶关市乳源瑶族自治县', '乳源瑶族自治县', ',1946,1960,', 1960, NULL, NULL, NULL, NULL, NULL, b'0'),
	(1968, '广东省韶关市新丰县', '新丰县', ',1946,1960,', 1960, NULL, NULL, NULL, NULL, NULL, b'0'),
	(1969, '广东省韶关市乐昌市', '乐昌市', ',1946,1960,', 1960, NULL, NULL, NULL, NULL, NULL, b'0'),
	(1970, '广东省韶关市南雄市', '南雄市', ',1946,1960,', 1960, NULL, NULL, NULL, NULL, NULL, b'0'),
	(1971, '广东省深圳市', '深圳市', ',1946,', 1946, NULL, NULL, NULL, NULL, NULL, b'0'),
	(1972, '广东省深圳市罗湖区', '罗湖区', ',1946,1971,', 1971, NULL, NULL, NULL, NULL, NULL, b'0'),
	(1973, '广东省深圳市福田区', '福田区', ',1946,1971,', 1971, NULL, NULL, NULL, NULL, NULL, b'0'),
	(1974, '广东省深圳市南山区', '南山区', ',1946,1971,', 1971, NULL, NULL, NULL, NULL, NULL, b'0'),
	(1975, '广东省深圳市宝安区', '宝安区', ',1946,1971,', 1971, NULL, NULL, NULL, NULL, NULL, b'0'),
	(1976, '广东省深圳市龙岗区', '龙岗区', ',1946,1971,', 1971, NULL, NULL, NULL, NULL, NULL, b'0'),
	(1977, '广东省深圳市盐田区', '盐田区', ',1946,1971,', 1971, NULL, NULL, NULL, NULL, NULL, b'0'),
	(1978, '广东省珠海市', '珠海市', ',1946,', 1946, NULL, NULL, NULL, NULL, NULL, b'0'),
	(1979, '广东省珠海市香洲区', '香洲区', ',1946,1978,', 1978, NULL, NULL, NULL, NULL, NULL, b'0'),
	(1980, '广东省珠海市斗门区', '斗门区', ',1946,1978,', 1978, NULL, NULL, NULL, NULL, NULL, b'0'),
	(1981, '广东省珠海市金湾区', '金湾区', ',1946,1978,', 1978, NULL, NULL, NULL, NULL, NULL, b'0'),
	(1982, '广东省汕头市', '汕头市', ',1946,', 1946, NULL, NULL, NULL, NULL, NULL, b'0'),
	(1983, '广东省汕头市龙湖区', '龙湖区', ',1946,1982,', 1982, NULL, NULL, NULL, NULL, NULL, b'0'),
	(1984, '广东省汕头市金平区', '金平区', ',1946,1982,', 1982, NULL, NULL, NULL, NULL, NULL, b'0'),
	(1985, '广东省汕头市濠江区', '濠江区', ',1946,1982,', 1982, NULL, NULL, NULL, NULL, NULL, b'0'),
	(1986, '广东省汕头市潮阳区', '潮阳区', ',1946,1982,', 1982, NULL, NULL, NULL, NULL, NULL, b'0'),
	(1987, '广东省汕头市潮南区', '潮南区', ',1946,1982,', 1982, NULL, NULL, NULL, NULL, NULL, b'0'),
	(1988, '广东省汕头市澄海区', '澄海区', ',1946,1982,', 1982, NULL, NULL, NULL, NULL, NULL, b'0'),
	(1989, '广东省汕头市南澳县', '南澳县', ',1946,1982,', 1982, NULL, NULL, NULL, NULL, NULL, b'0'),
	(1990, '广东省佛山市', '佛山市', ',1946,', 1946, NULL, NULL, NULL, NULL, NULL, b'0'),
	(1991, '广东省佛山市禅城区', '禅城区', ',1946,1990,', 1990, NULL, NULL, NULL, NULL, NULL, b'0'),
	(1992, '广东省佛山市南海区', '南海区', ',1946,1990,', 1990, NULL, NULL, NULL, NULL, NULL, b'0'),
	(1993, '广东省佛山市顺德区', '顺德区', ',1946,1990,', 1990, NULL, NULL, NULL, NULL, NULL, b'0'),
	(1994, '广东省佛山市三水区', '三水区', ',1946,1990,', 1990, NULL, NULL, NULL, NULL, NULL, b'0'),
	(1995, '广东省佛山市高明区', '高明区', ',1946,1990,', 1990, NULL, NULL, NULL, NULL, NULL, b'0'),
	(1996, '广东省江门市', '江门市', ',1946,', 1946, NULL, NULL, NULL, NULL, NULL, b'0'),
	(1997, '广东省江门市蓬江区', '蓬江区', ',1946,1996,', 1996, NULL, NULL, NULL, NULL, NULL, b'0'),
	(1998, '广东省江门市江海区', '江海区', ',1946,1996,', 1996, NULL, NULL, NULL, NULL, NULL, b'0'),
	(1999, '广东省江门市新会区', '新会区', ',1946,1996,', 1996, NULL, NULL, NULL, NULL, NULL, b'0'),
	(2000, '广东省江门市台山市', '台山市', ',1946,1996,', 1996, NULL, NULL, NULL, NULL, NULL, b'0'),
	(2001, '广东省江门市开平市', '开平市', ',1946,1996,', 1996, NULL, NULL, NULL, NULL, NULL, b'0'),
	(2002, '广东省江门市鹤山市', '鹤山市', ',1946,1996,', 1996, NULL, NULL, NULL, NULL, NULL, b'0'),
	(2003, '广东省江门市恩平市', '恩平市', ',1946,1996,', 1996, NULL, NULL, NULL, NULL, NULL, b'0'),
	(2004, '广东省湛江市', '湛江市', ',1946,', 1946, NULL, NULL, NULL, NULL, NULL, b'0'),
	(2005, '广东省湛江市赤坎区', '赤坎区', ',1946,2004,', 2004, NULL, NULL, NULL, NULL, NULL, b'0'),
	(2006, '广东省湛江市霞山区', '霞山区', ',1946,2004,', 2004, NULL, NULL, NULL, NULL, NULL, b'0'),
	(2007, '广东省湛江市坡头区', '坡头区', ',1946,2004,', 2004, NULL, NULL, NULL, NULL, NULL, b'0'),
	(2008, '广东省湛江市麻章区', '麻章区', ',1946,2004,', 2004, NULL, NULL, NULL, NULL, NULL, b'0'),
	(2009, '广东省湛江市遂溪县', '遂溪县', ',1946,2004,', 2004, NULL, NULL, NULL, NULL, NULL, b'0'),
	(2010, '广东省湛江市徐闻县', '徐闻县', ',1946,2004,', 2004, NULL, NULL, NULL, NULL, NULL, b'0'),
	(2011, '广东省湛江市廉江市', '廉江市', ',1946,2004,', 2004, NULL, NULL, NULL, NULL, NULL, b'0'),
	(2012, '广东省湛江市雷州市', '雷州市', ',1946,2004,', 2004, NULL, NULL, NULL, NULL, NULL, b'0'),
	(2013, '广东省湛江市吴川市', '吴川市', ',1946,2004,', 2004, NULL, NULL, NULL, NULL, NULL, b'0'),
	(2014, '广东省茂名市', '茂名市', ',1946,', 1946, NULL, NULL, NULL, NULL, NULL, b'0'),
	(2015, '广东省茂名市茂南区', '茂南区', ',1946,2014,', 2014, NULL, NULL, NULL, NULL, NULL, b'0'),
	(2016, '广东省茂名市茂港区', '茂港区', ',1946,2014,', 2014, NULL, NULL, NULL, NULL, NULL, b'0'),
	(2017, '广东省茂名市电白县', '电白县', ',1946,2014,', 2014, NULL, NULL, NULL, NULL, NULL, b'0'),
	(2018, '广东省茂名市高州市', '高州市', ',1946,2014,', 2014, NULL, NULL, NULL, NULL, NULL, b'0'),
	(2019, '广东省茂名市化州市', '化州市', ',1946,2014,', 2014, NULL, NULL, NULL, NULL, NULL, b'0'),
	(2020, '广东省茂名市信宜市', '信宜市', ',1946,2014,', 2014, NULL, NULL, NULL, NULL, NULL, b'0'),
	(2021, '广东省肇庆市', '肇庆市', ',1946,', 1946, NULL, NULL, NULL, NULL, NULL, b'0'),
	(2022, '广东省肇庆市端州区', '端州区', ',1946,2021,', 2021, NULL, NULL, NULL, NULL, NULL, b'0'),
	(2023, '广东省肇庆市鼎湖区', '鼎湖区', ',1946,2021,', 2021, NULL, NULL, NULL, NULL, NULL, b'0'),
	(2024, '广东省肇庆市广宁县', '广宁县', ',1946,2021,', 2021, NULL, NULL, NULL, NULL, NULL, b'0'),
	(2025, '广东省肇庆市怀集县', '怀集县', ',1946,2021,', 2021, NULL, NULL, NULL, NULL, NULL, b'0'),
	(2026, '广东省肇庆市封开县', '封开县', ',1946,2021,', 2021, NULL, NULL, NULL, NULL, NULL, b'0'),
	(2027, '广东省肇庆市德庆县', '德庆县', ',1946,2021,', 2021, NULL, NULL, NULL, NULL, NULL, b'0'),
	(2028, '广东省肇庆市高要市', '高要市', ',1946,2021,', 2021, NULL, NULL, NULL, NULL, NULL, b'0'),
	(2029, '广东省肇庆市四会市', '四会市', ',1946,2021,', 2021, NULL, NULL, NULL, NULL, NULL, b'0'),
	(2030, '广东省惠州市', '惠州市', ',1946,', 1946, NULL, NULL, NULL, NULL, NULL, b'0'),
	(2031, '广东省惠州市惠城区', '惠城区', ',1946,2030,', 2030, NULL, NULL, NULL, NULL, NULL, b'0'),
	(2032, '广东省惠州市惠阳区', '惠阳区', ',1946,2030,', 2030, NULL, NULL, NULL, NULL, NULL, b'0'),
	(2033, '广东省惠州市博罗县', '博罗县', ',1946,2030,', 2030, NULL, NULL, NULL, NULL, NULL, b'0'),
	(2034, '广东省惠州市惠东县', '惠东县', ',1946,2030,', 2030, NULL, NULL, NULL, NULL, NULL, b'0'),
	(2035, '广东省惠州市龙门县', '龙门县', ',1946,2030,', 2030, NULL, NULL, NULL, NULL, NULL, b'0'),
	(2036, '广东省梅州市', '梅州市', ',1946,', 1946, NULL, NULL, NULL, NULL, NULL, b'0'),
	(2037, '广东省梅州市梅江区', '梅江区', ',1946,2036,', 2036, NULL, NULL, NULL, NULL, NULL, b'0'),
	(2038, '广东省梅州市梅县', '梅县', ',1946,2036,', 2036, NULL, NULL, NULL, NULL, NULL, b'0'),
	(2039, '广东省梅州市大埔县', '大埔县', ',1946,2036,', 2036, NULL, NULL, NULL, NULL, NULL, b'0'),
	(2040, '广东省梅州市丰顺县', '丰顺县', ',1946,2036,', 2036, NULL, NULL, NULL, NULL, NULL, b'0'),
	(2041, '广东省梅州市五华县', '五华县', ',1946,2036,', 2036, NULL, NULL, NULL, NULL, NULL, b'0'),
	(2042, '广东省梅州市平远县', '平远县', ',1946,2036,', 2036, NULL, NULL, NULL, NULL, NULL, b'0'),
	(2043, '广东省梅州市蕉岭县', '蕉岭县', ',1946,2036,', 2036, NULL, NULL, NULL, NULL, NULL, b'0'),
	(2044, '广东省梅州市兴宁市', '兴宁市', ',1946,2036,', 2036, NULL, NULL, NULL, NULL, NULL, b'0'),
	(2045, '广东省汕尾市', '汕尾市', ',1946,', 1946, NULL, NULL, NULL, NULL, NULL, b'0'),
	(2046, '广东省汕尾市城区', '城区', ',1946,2045,', 2045, NULL, NULL, NULL, NULL, NULL, b'0'),
	(2047, '广东省汕尾市海丰县', '海丰县', ',1946,2045,', 2045, NULL, NULL, NULL, NULL, NULL, b'0'),
	(2048, '广东省汕尾市陆河县', '陆河县', ',1946,2045,', 2045, NULL, NULL, NULL, NULL, NULL, b'0'),
	(2049, '广东省汕尾市陆丰市', '陆丰市', ',1946,2045,', 2045, NULL, NULL, NULL, NULL, NULL, b'0'),
	(2050, '广东省河源市', '河源市', ',1946,', 1946, NULL, NULL, NULL, NULL, NULL, b'0'),
	(2051, '广东省河源市源城区', '源城区', ',1946,2050,', 2050, NULL, NULL, NULL, NULL, NULL, b'0'),
	(2052, '广东省河源市紫金县', '紫金县', ',1946,2050,', 2050, NULL, NULL, NULL, NULL, NULL, b'0'),
	(2053, '广东省河源市龙川县', '龙川县', ',1946,2050,', 2050, NULL, NULL, NULL, NULL, NULL, b'0'),
	(2054, '广东省河源市连平县', '连平县', ',1946,2050,', 2050, NULL, NULL, NULL, NULL, NULL, b'0'),
	(2055, '广东省河源市和平县', '和平县', ',1946,2050,', 2050, NULL, NULL, NULL, NULL, NULL, b'0'),
	(2056, '广东省河源市东源县', '东源县', ',1946,2050,', 2050, NULL, NULL, NULL, NULL, NULL, b'0'),
	(2057, '广东省阳江市', '阳江市', ',1946,', 1946, NULL, NULL, NULL, NULL, NULL, b'0'),
	(2058, '广东省阳江市江城区', '江城区', ',1946,2057,', 2057, NULL, NULL, NULL, NULL, NULL, b'0'),
	(2059, '广东省阳江市阳西县', '阳西县', ',1946,2057,', 2057, NULL, NULL, NULL, NULL, NULL, b'0'),
	(2060, '广东省阳江市阳东县', '阳东县', ',1946,2057,', 2057, NULL, NULL, NULL, NULL, NULL, b'0'),
	(2061, '广东省阳江市阳春市', '阳春市', ',1946,2057,', 2057, NULL, NULL, NULL, NULL, NULL, b'0'),
	(2062, '广东省清远市', '清远市', ',1946,', 1946, NULL, NULL, NULL, NULL, NULL, b'0'),
	(2063, '广东省清远市清城区', '清城区', ',1946,2062,', 2062, NULL, NULL, NULL, NULL, NULL, b'0'),
	(2064, '广东省清远市佛冈县', '佛冈县', ',1946,2062,', 2062, NULL, NULL, NULL, NULL, NULL, b'0'),
	(2065, '广东省清远市阳山县', '阳山县', ',1946,2062,', 2062, NULL, NULL, NULL, NULL, NULL, b'0'),
	(2066, '广东省清远市连山壮族瑶族自治县', '连山壮族瑶族自治县', ',1946,2062,', 2062, NULL, NULL, NULL, NULL, NULL, b'0'),
	(2067, '广东省清远市连南瑶族自治县', '连南瑶族自治县', ',1946,2062,', 2062, NULL, NULL, NULL, NULL, NULL, b'0'),
	(2068, '广东省清远市清新县', '清新县', ',1946,2062,', 2062, NULL, NULL, NULL, NULL, NULL, b'0'),
	(2069, '广东省清远市英德市', '英德市', ',1946,2062,', 2062, NULL, NULL, NULL, NULL, NULL, b'0'),
	(2070, '广东省清远市连州市', '连州市', ',1946,2062,', 2062, NULL, NULL, NULL, NULL, NULL, b'0'),
	(2071, '广东省东莞市', '东莞市', ',1946,', 1946, NULL, NULL, NULL, NULL, NULL, b'0'),
	(2072, '广东省中山市', '中山市', ',1946,', 1946, NULL, NULL, NULL, NULL, NULL, b'0'),
	(2073, '广东省潮州市', '潮州市', ',1946,', 1946, NULL, NULL, NULL, NULL, NULL, b'0'),
	(2074, '广东省潮州市湘桥区', '湘桥区', ',1946,2073,', 2073, NULL, NULL, NULL, NULL, NULL, b'0'),
	(2075, '广东省潮州市潮安县', '潮安县', ',1946,2073,', 2073, NULL, NULL, NULL, NULL, NULL, b'0'),
	(2076, '广东省潮州市饶平县', '饶平县', ',1946,2073,', 2073, NULL, NULL, NULL, NULL, NULL, b'0'),
	(2077, '广东省揭阳市', '揭阳市', ',1946,', 1946, NULL, NULL, NULL, NULL, NULL, b'0'),
	(2078, '广东省揭阳市榕城区', '榕城区', ',1946,2077,', 2077, NULL, NULL, NULL, NULL, NULL, b'0'),
	(2079, '广东省揭阳市揭东县', '揭东县', ',1946,2077,', 2077, NULL, NULL, NULL, NULL, NULL, b'0'),
	(2080, '广东省揭阳市揭西县', '揭西县', ',1946,2077,', 2077, NULL, NULL, NULL, NULL, NULL, b'0'),
	(2081, '广东省揭阳市惠来县', '惠来县', ',1946,2077,', 2077, NULL, NULL, NULL, NULL, NULL, b'0'),
	(2082, '广东省揭阳市普宁市', '普宁市', ',1946,2077,', 2077, NULL, NULL, NULL, NULL, NULL, b'0'),
	(2083, '广东省云浮市', '云浮市', ',1946,', 1946, NULL, NULL, NULL, NULL, NULL, b'0'),
	(2084, '广东省云浮市云城区', '云城区', ',1946,2083,', 2083, NULL, NULL, NULL, NULL, NULL, b'0'),
	(2085, '广东省云浮市新兴县', '新兴县', ',1946,2083,', 2083, NULL, NULL, NULL, NULL, NULL, b'0'),
	(2086, '广东省云浮市郁南县', '郁南县', ',1946,2083,', 2083, NULL, NULL, NULL, NULL, NULL, b'0'),
	(2087, '广东省云浮市云安县', '云安县', ',1946,2083,', 2083, NULL, NULL, NULL, NULL, NULL, b'0'),
	(2088, '广东省云浮市罗定市', '罗定市', ',1946,2083,', 2083, NULL, NULL, NULL, NULL, NULL, b'0'),
	(2089, '广西壮族自治区', '广西壮族自治区', ',', NULL, NULL, NULL, NULL, NULL, NULL, b'0'),
	(2090, '广西壮族自治区南宁市', '南宁市', ',2089,', 2089, NULL, NULL, NULL, NULL, NULL, b'0'),
	(2091, '广西壮族自治区南宁市兴宁区', '兴宁区', ',2089,2090,', 2090, NULL, NULL, NULL, NULL, NULL, b'0'),
	(2092, '广西壮族自治区南宁市青秀区', '青秀区', ',2089,2090,', 2090, NULL, NULL, NULL, NULL, NULL, b'0'),
	(2093, '广西壮族自治区南宁市江南区', '江南区', ',2089,2090,', 2090, NULL, NULL, NULL, NULL, NULL, b'0'),
	(2094, '广西壮族自治区南宁市西乡塘区', '西乡塘区', ',2089,2090,', 2090, NULL, NULL, NULL, NULL, NULL, b'0'),
	(2095, '广西壮族自治区南宁市良庆区', '良庆区', ',2089,2090,', 2090, NULL, NULL, NULL, NULL, NULL, b'0'),
	(2096, '广西壮族自治区南宁市邕宁区', '邕宁区', ',2089,2090,', 2090, NULL, NULL, NULL, NULL, NULL, b'0'),
	(2097, '广西壮族自治区南宁市武鸣县', '武鸣县', ',2089,2090,', 2090, NULL, NULL, NULL, NULL, NULL, b'0'),
	(2098, '广西壮族自治区南宁市隆安县', '隆安县', ',2089,2090,', 2090, NULL, NULL, NULL, NULL, NULL, b'0'),
	(2099, '广西壮族自治区南宁市马山县', '马山县', ',2089,2090,', 2090, NULL, NULL, NULL, NULL, NULL, b'0'),
	(2100, '广西壮族自治区南宁市上林县', '上林县', ',2089,2090,', 2090, NULL, NULL, NULL, NULL, NULL, b'0'),
	(2101, '广西壮族自治区南宁市宾阳县', '宾阳县', ',2089,2090,', 2090, NULL, NULL, NULL, NULL, NULL, b'0'),
	(2102, '广西壮族自治区南宁市横县', '横县', ',2089,2090,', 2090, NULL, NULL, NULL, NULL, NULL, b'0'),
	(2103, '广西壮族自治区柳州市', '柳州市', ',2089,', 2089, NULL, NULL, NULL, NULL, NULL, b'0'),
	(2104, '广西壮族自治区柳州市城中区', '城中区', ',2089,2103,', 2103, NULL, NULL, NULL, NULL, NULL, b'0'),
	(2105, '广西壮族自治区柳州市鱼峰区', '鱼峰区', ',2089,2103,', 2103, NULL, NULL, NULL, NULL, NULL, b'0'),
	(2106, '广西壮族自治区柳州市柳南区', '柳南区', ',2089,2103,', 2103, NULL, NULL, NULL, NULL, NULL, b'0'),
	(2107, '广西壮族自治区柳州市柳北区', '柳北区', ',2089,2103,', 2103, NULL, NULL, NULL, NULL, NULL, b'0'),
	(2108, '广西壮族自治区柳州市柳江县', '柳江县', ',2089,2103,', 2103, NULL, NULL, NULL, NULL, NULL, b'0'),
	(2109, '广西壮族自治区柳州市柳城县', '柳城县', ',2089,2103,', 2103, NULL, NULL, NULL, NULL, NULL, b'0'),
	(2110, '广西壮族自治区柳州市鹿寨县', '鹿寨县', ',2089,2103,', 2103, NULL, NULL, NULL, NULL, NULL, b'0'),
	(2111, '广西壮族自治区柳州市融安县', '融安县', ',2089,2103,', 2103, NULL, NULL, NULL, NULL, NULL, b'0'),
	(2112, '广西壮族自治区柳州市融水苗族自治县', '融水苗族自治县', ',2089,2103,', 2103, NULL, NULL, NULL, NULL, NULL, b'0'),
	(2113, '广西壮族自治区柳州市三江侗族自治县', '三江侗族自治县', ',2089,2103,', 2103, NULL, NULL, NULL, NULL, NULL, b'0'),
	(2114, '广西壮族自治区桂林市', '桂林市', ',2089,', 2089, NULL, NULL, NULL, NULL, NULL, b'0'),
	(2115, '广西壮族自治区桂林市秀峰区', '秀峰区', ',2089,2114,', 2114, NULL, NULL, NULL, NULL, NULL, b'0'),
	(2116, '广西壮族自治区桂林市叠彩区', '叠彩区', ',2089,2114,', 2114, NULL, NULL, NULL, NULL, NULL, b'0'),
	(2117, '广西壮族自治区桂林市象山区', '象山区', ',2089,2114,', 2114, NULL, NULL, NULL, NULL, NULL, b'0'),
	(2118, '广西壮族自治区桂林市七星区', '七星区', ',2089,2114,', 2114, NULL, NULL, NULL, NULL, NULL, b'0'),
	(2119, '广西壮族自治区桂林市雁山区', '雁山区', ',2089,2114,', 2114, NULL, NULL, NULL, NULL, NULL, b'0'),
	(2120, '广西壮族自治区桂林市阳朔县', '阳朔县', ',2089,2114,', 2114, NULL, NULL, NULL, NULL, NULL, b'0'),
	(2121, '广西壮族自治区桂林市临桂县', '临桂县', ',2089,2114,', 2114, NULL, NULL, NULL, NULL, NULL, b'0'),
	(2122, '广西壮族自治区桂林市灵川县', '灵川县', ',2089,2114,', 2114, NULL, NULL, NULL, NULL, NULL, b'0'),
	(2123, '广西壮族自治区桂林市全州县', '全州县', ',2089,2114,', 2114, NULL, NULL, NULL, NULL, NULL, b'0'),
	(2124, '广西壮族自治区桂林市兴安县', '兴安县', ',2089,2114,', 2114, NULL, NULL, NULL, NULL, NULL, b'0'),
	(2125, '广西壮族自治区桂林市永福县', '永福县', ',2089,2114,', 2114, NULL, NULL, NULL, NULL, NULL, b'0'),
	(2126, '广西壮族自治区桂林市灌阳县', '灌阳县', ',2089,2114,', 2114, NULL, NULL, NULL, NULL, NULL, b'0'),
	(2127, '广西壮族自治区桂林市龙胜各族自治县', '龙胜各族自治县', ',2089,2114,', 2114, NULL, NULL, NULL, NULL, NULL, b'0'),
	(2128, '广西壮族自治区桂林市资源县', '资源县', ',2089,2114,', 2114, NULL, NULL, NULL, NULL, NULL, b'0'),
	(2129, '广西壮族自治区桂林市平乐县', '平乐县', ',2089,2114,', 2114, NULL, NULL, NULL, NULL, NULL, b'0'),
	(2130, '广西壮族自治区桂林市荔浦县', '荔浦县', ',2089,2114,', 2114, NULL, NULL, NULL, NULL, NULL, b'0'),
	(2131, '广西壮族自治区桂林市恭城瑶族自治县', '恭城瑶族自治县', ',2089,2114,', 2114, NULL, NULL, NULL, NULL, NULL, b'0'),
	(2132, '广西壮族自治区梧州市', '梧州市', ',2089,', 2089, NULL, NULL, NULL, NULL, NULL, b'0'),
	(2133, '广西壮族自治区梧州市万秀区', '万秀区', ',2089,2132,', 2132, NULL, NULL, NULL, NULL, NULL, b'0'),
	(2134, '广西壮族自治区梧州市蝶山区', '蝶山区', ',2089,2132,', 2132, NULL, NULL, NULL, NULL, NULL, b'0'),
	(2135, '广西壮族自治区梧州市长洲区', '长洲区', ',2089,2132,', 2132, NULL, NULL, NULL, NULL, NULL, b'0'),
	(2136, '广西壮族自治区梧州市苍梧县', '苍梧县', ',2089,2132,', 2132, NULL, NULL, NULL, NULL, NULL, b'0'),
	(2137, '广西壮族自治区梧州市藤县', '藤县', ',2089,2132,', 2132, NULL, NULL, NULL, NULL, NULL, b'0'),
	(2138, '广西壮族自治区梧州市蒙山县', '蒙山县', ',2089,2132,', 2132, NULL, NULL, NULL, NULL, NULL, b'0'),
	(2139, '广西壮族自治区梧州市岑溪市', '岑溪市', ',2089,2132,', 2132, NULL, NULL, NULL, NULL, NULL, b'0'),
	(2140, '广西壮族自治区北海市', '北海市', ',2089,', 2089, NULL, NULL, NULL, NULL, NULL, b'0'),
	(2141, '广西壮族自治区北海市海城区', '海城区', ',2089,2140,', 2140, NULL, NULL, NULL, NULL, NULL, b'0'),
	(2142, '广西壮族自治区北海市银海区', '银海区', ',2089,2140,', 2140, NULL, NULL, NULL, NULL, NULL, b'0'),
	(2143, '广西壮族自治区北海市铁山港区', '铁山港区', ',2089,2140,', 2140, NULL, NULL, NULL, NULL, NULL, b'0'),
	(2144, '广西壮族自治区北海市合浦县', '合浦县', ',2089,2140,', 2140, NULL, NULL, NULL, NULL, NULL, b'0'),
	(2145, '广西壮族自治区防城港市', '防城港市', ',2089,', 2089, NULL, NULL, NULL, NULL, NULL, b'0'),
	(2146, '广西壮族自治区防城港市港口区', '港口区', ',2089,2145,', 2145, NULL, NULL, NULL, NULL, NULL, b'0'),
	(2147, '广西壮族自治区防城港市防城区', '防城区', ',2089,2145,', 2145, NULL, NULL, NULL, NULL, NULL, b'0'),
	(2148, '广西壮族自治区防城港市上思县', '上思县', ',2089,2145,', 2145, NULL, NULL, NULL, NULL, NULL, b'0'),
	(2149, '广西壮族自治区防城港市东兴市', '东兴市', ',2089,2145,', 2145, NULL, NULL, NULL, NULL, NULL, b'0'),
	(2150, '广西壮族自治区钦州市', '钦州市', ',2089,', 2089, NULL, NULL, NULL, NULL, NULL, b'0'),
	(2151, '广西壮族自治区钦州市钦南区', '钦南区', ',2089,2150,', 2150, NULL, NULL, NULL, NULL, NULL, b'0'),
	(2152, '广西壮族自治区钦州市钦北区', '钦北区', ',2089,2150,', 2150, NULL, NULL, NULL, NULL, NULL, b'0'),
	(2153, '广西壮族自治区钦州市灵山县', '灵山县', ',2089,2150,', 2150, NULL, NULL, NULL, NULL, NULL, b'0'),
	(2154, '广西壮族自治区钦州市浦北县', '浦北县', ',2089,2150,', 2150, NULL, NULL, NULL, NULL, NULL, b'0'),
	(2155, '广西壮族自治区贵港市', '贵港市', ',2089,', 2089, NULL, NULL, NULL, NULL, NULL, b'0'),
	(2156, '广西壮族自治区贵港市港北区', '港北区', ',2089,2155,', 2155, NULL, NULL, NULL, NULL, NULL, b'0'),
	(2157, '广西壮族自治区贵港市港南区', '港南区', ',2089,2155,', 2155, NULL, NULL, NULL, NULL, NULL, b'0'),
	(2158, '广西壮族自治区贵港市覃塘区', '覃塘区', ',2089,2155,', 2155, NULL, NULL, NULL, NULL, NULL, b'0'),
	(2159, '广西壮族自治区贵港市平南县', '平南县', ',2089,2155,', 2155, NULL, NULL, NULL, NULL, NULL, b'0'),
	(2160, '广西壮族自治区贵港市桂平市', '桂平市', ',2089,2155,', 2155, NULL, NULL, NULL, NULL, NULL, b'0'),
	(2161, '广西壮族自治区玉林市', '玉林市', ',2089,', 2089, NULL, NULL, NULL, NULL, NULL, b'0'),
	(2162, '广西壮族自治区玉林市玉州区', '玉州区', ',2089,2161,', 2161, NULL, NULL, NULL, NULL, NULL, b'0'),
	(2163, '广西壮族自治区玉林市容县', '容县', ',2089,2161,', 2161, NULL, NULL, NULL, NULL, NULL, b'0'),
	(2164, '广西壮族自治区玉林市陆川县', '陆川县', ',2089,2161,', 2161, NULL, NULL, NULL, NULL, NULL, b'0'),
	(2165, '广西壮族自治区玉林市博白县', '博白县', ',2089,2161,', 2161, NULL, NULL, NULL, NULL, NULL, b'0'),
	(2166, '广西壮族自治区玉林市兴业县', '兴业县', ',2089,2161,', 2161, NULL, NULL, NULL, NULL, NULL, b'0'),
	(2167, '广西壮族自治区玉林市北流市', '北流市', ',2089,2161,', 2161, NULL, NULL, NULL, NULL, NULL, b'0'),
	(2168, '广西壮族自治区百色市', '百色市', ',2089,', 2089, NULL, NULL, NULL, NULL, NULL, b'0'),
	(2169, '广西壮族自治区百色市右江区', '右江区', ',2089,2168,', 2168, NULL, NULL, NULL, NULL, NULL, b'0'),
	(2170, '广西壮族自治区百色市田阳县', '田阳县', ',2089,2168,', 2168, NULL, NULL, NULL, NULL, NULL, b'0'),
	(2171, '广西壮族自治区百色市田东县', '田东县', ',2089,2168,', 2168, NULL, NULL, NULL, NULL, NULL, b'0'),
	(2172, '广西壮族自治区百色市平果县', '平果县', ',2089,2168,', 2168, NULL, NULL, NULL, NULL, NULL, b'0'),
	(2173, '广西壮族自治区百色市德保县', '德保县', ',2089,2168,', 2168, NULL, NULL, NULL, NULL, NULL, b'0'),
	(2174, '广西壮族自治区百色市靖西县', '靖西县', ',2089,2168,', 2168, NULL, NULL, NULL, NULL, NULL, b'0'),
	(2175, '广西壮族自治区百色市那坡县', '那坡县', ',2089,2168,', 2168, NULL, NULL, NULL, NULL, NULL, b'0'),
	(2176, '广西壮族自治区百色市凌云县', '凌云县', ',2089,2168,', 2168, NULL, NULL, NULL, NULL, NULL, b'0'),
	(2177, '广西壮族自治区百色市乐业县', '乐业县', ',2089,2168,', 2168, NULL, NULL, NULL, NULL, NULL, b'0'),
	(2178, '广西壮族自治区百色市田林县', '田林县', ',2089,2168,', 2168, NULL, NULL, NULL, NULL, NULL, b'0'),
	(2179, '广西壮族自治区百色市西林县', '西林县', ',2089,2168,', 2168, NULL, NULL, NULL, NULL, NULL, b'0'),
	(2180, '广西壮族自治区百色市隆林各族自治县', '隆林各族自治县', ',2089,2168,', 2168, NULL, NULL, NULL, NULL, NULL, b'0'),
	(2181, '广西壮族自治区贺州市', '贺州市', ',2089,', 2089, NULL, NULL, NULL, NULL, NULL, b'0'),
	(2182, '广西壮族自治区贺州市八步区', '八步区', ',2089,2181,', 2181, NULL, NULL, NULL, NULL, NULL, b'0'),
	(2183, '广西壮族自治区贺州市昭平县', '昭平县', ',2089,2181,', 2181, NULL, NULL, NULL, NULL, NULL, b'0'),
	(2184, '广西壮族自治区贺州市钟山县', '钟山县', ',2089,2181,', 2181, NULL, NULL, NULL, NULL, NULL, b'0'),
	(2185, '广西壮族自治区贺州市富川瑶族自治县', '富川瑶族自治县', ',2089,2181,', 2181, NULL, NULL, NULL, NULL, NULL, b'0'),
	(2186, '广西壮族自治区河池市', '河池市', ',2089,', 2089, NULL, NULL, NULL, NULL, NULL, b'0'),
	(2187, '广西壮族自治区河池市金城江区', '金城江区', ',2089,2186,', 2186, NULL, NULL, NULL, NULL, NULL, b'0'),
	(2188, '广西壮族自治区河池市南丹县', '南丹县', ',2089,2186,', 2186, NULL, NULL, NULL, NULL, NULL, b'0'),
	(2189, '广西壮族自治区河池市天峨县', '天峨县', ',2089,2186,', 2186, NULL, NULL, NULL, NULL, NULL, b'0'),
	(2190, '广西壮族自治区河池市凤山县', '凤山县', ',2089,2186,', 2186, NULL, NULL, NULL, NULL, NULL, b'0'),
	(2191, '广西壮族自治区河池市东兰县', '东兰县', ',2089,2186,', 2186, NULL, NULL, NULL, NULL, NULL, b'0'),
	(2192, '广西壮族自治区河池市罗城仫佬族自治县', '罗城仫佬族自治县', ',2089,2186,', 2186, NULL, NULL, NULL, NULL, NULL, b'0'),
	(2193, '广西壮族自治区河池市环江毛南族自治县', '环江毛南族自治县', ',2089,2186,', 2186, NULL, NULL, NULL, NULL, NULL, b'0'),
	(2194, '广西壮族自治区河池市巴马瑶族自治县', '巴马瑶族自治县', ',2089,2186,', 2186, NULL, NULL, NULL, NULL, NULL, b'0'),
	(2195, '广西壮族自治区河池市都安瑶族自治县', '都安瑶族自治县', ',2089,2186,', 2186, NULL, NULL, NULL, NULL, NULL, b'0'),
	(2196, '广西壮族自治区河池市大化瑶族自治县', '大化瑶族自治县', ',2089,2186,', 2186, NULL, NULL, NULL, NULL, NULL, b'0'),
	(2197, '广西壮族自治区河池市宜州市', '宜州市', ',2089,2186,', 2186, NULL, NULL, NULL, NULL, NULL, b'0'),
	(2198, '广西壮族自治区来宾市', '来宾市', ',2089,', 2089, NULL, NULL, NULL, NULL, NULL, b'0'),
	(2199, '广西壮族自治区来宾市兴宾区', '兴宾区', ',2089,2198,', 2198, NULL, NULL, NULL, NULL, NULL, b'0'),
	(2200, '广西壮族自治区来宾市忻城县', '忻城县', ',2089,2198,', 2198, NULL, NULL, NULL, NULL, NULL, b'0'),
	(2201, '广西壮族自治区来宾市象州县', '象州县', ',2089,2198,', 2198, NULL, NULL, NULL, NULL, NULL, b'0'),
	(2202, '广西壮族自治区来宾市武宣县', '武宣县', ',2089,2198,', 2198, NULL, NULL, NULL, NULL, NULL, b'0'),
	(2203, '广西壮族自治区来宾市金秀瑶族自治县', '金秀瑶族自治县', ',2089,2198,', 2198, NULL, NULL, NULL, NULL, NULL, b'0'),
	(2204, '广西壮族自治区来宾市合山市', '合山市', ',2089,2198,', 2198, NULL, NULL, NULL, NULL, NULL, b'0'),
	(2205, '广西壮族自治区崇左市', '崇左市', ',2089,', 2089, NULL, NULL, NULL, NULL, NULL, b'0'),
	(2206, '广西壮族自治区崇左市江洲区', '江洲区', ',2089,2205,', 2205, NULL, NULL, NULL, NULL, NULL, b'0'),
	(2207, '广西壮族自治区崇左市扶绥县', '扶绥县', ',2089,2205,', 2205, NULL, NULL, NULL, NULL, NULL, b'0'),
	(2208, '广西壮族自治区崇左市宁明县', '宁明县', ',2089,2205,', 2205, NULL, NULL, NULL, NULL, NULL, b'0'),
	(2209, '广西壮族自治区崇左市龙州县', '龙州县', ',2089,2205,', 2205, NULL, NULL, NULL, NULL, NULL, b'0'),
	(2210, '广西壮族自治区崇左市大新县', '大新县', ',2089,2205,', 2205, NULL, NULL, NULL, NULL, NULL, b'0'),
	(2211, '广西壮族自治区崇左市天等县', '天等县', ',2089,2205,', 2205, NULL, NULL, NULL, NULL, NULL, b'0'),
	(2212, '广西壮族自治区崇左市凭祥市', '凭祥市', ',2089,2205,', 2205, NULL, NULL, NULL, NULL, NULL, b'0'),
	(2213, '海南省', '海南省', ',', NULL, NULL, NULL, NULL, NULL, NULL, b'0'),
	(2214, '海南省海口市', '海口市', ',2213,', 2213, NULL, NULL, NULL, NULL, NULL, b'0'),
	(2215, '海南省海口市秀英区', '秀英区', ',2213,2214,', 2214, NULL, NULL, NULL, NULL, NULL, b'0'),
	(2216, '海南省海口市龙华区', '龙华区', ',2213,2214,', 2214, NULL, NULL, NULL, NULL, NULL, b'0'),
	(2217, '海南省海口市琼山区', '琼山区', ',2213,2214,', 2214, NULL, NULL, NULL, NULL, NULL, b'0'),
	(2218, '海南省海口市美兰区', '美兰区', ',2213,2214,', 2214, NULL, NULL, NULL, NULL, NULL, b'0'),
	(2219, '海南省三亚市', '三亚市', ',2213,', 2213, NULL, NULL, NULL, NULL, NULL, b'0'),
	(2220, '海南省三沙市', '三沙市', ',2213,', 2213, NULL, NULL, NULL, NULL, NULL, b'0'),
	(2221, '海南省三沙市西沙群岛', '西沙群岛', ',2213,2220,', 2220, NULL, NULL, NULL, NULL, NULL, b'0'),
	(2222, '海南省三沙市南沙群岛', '南沙群岛', ',2213,2220,', 2220, NULL, NULL, NULL, NULL, NULL, b'0'),
	(2223, '海南省三沙市中沙群岛的岛礁及其海域', '中沙群岛的岛礁及其海域', ',2213,2220,', 2220, NULL, NULL, NULL, NULL, NULL, b'0'),
	(2224, '海南省五指山市', '五指山市', ',2213,', 2213, NULL, NULL, NULL, NULL, NULL, b'0'),
	(2225, '海南省琼海市', '琼海市', ',2213,', 2213, NULL, NULL, NULL, NULL, NULL, b'0'),
	(2226, '海南省儋州市', '儋州市', ',2213,', 2213, NULL, NULL, NULL, NULL, NULL, b'0'),
	(2227, '海南省文昌市', '文昌市', ',2213,', 2213, NULL, NULL, NULL, NULL, NULL, b'0'),
	(2228, '海南省万宁市', '万宁市', ',2213,', 2213, NULL, NULL, NULL, NULL, NULL, b'0'),
	(2229, '海南省东方市', '东方市', ',2213,', 2213, NULL, NULL, NULL, NULL, NULL, b'0'),
	(2230, '海南省定安县', '定安县', ',2213,', 2213, NULL, NULL, NULL, NULL, NULL, b'0'),
	(2231, '海南省屯昌县', '屯昌县', ',2213,', 2213, NULL, NULL, NULL, NULL, NULL, b'0'),
	(2232, '海南省澄迈县', '澄迈县', ',2213,', 2213, NULL, NULL, NULL, NULL, NULL, b'0'),
	(2233, '海南省临高县', '临高县', ',2213,', 2213, NULL, NULL, NULL, NULL, NULL, b'0'),
	(2234, '海南省白沙黎族自治县', '白沙黎族自治县', ',2213,', 2213, NULL, NULL, NULL, NULL, NULL, b'0'),
	(2235, '海南省昌江黎族自治县', '昌江黎族自治县', ',2213,', 2213, NULL, NULL, NULL, NULL, NULL, b'0'),
	(2236, '海南省乐东黎族自治县', '乐东黎族自治县', ',2213,', 2213, NULL, NULL, NULL, NULL, NULL, b'0'),
	(2237, '海南省陵水黎族自治县', '陵水黎族自治县', ',2213,', 2213, NULL, NULL, NULL, NULL, NULL, b'0'),
	(2238, '海南省保亭黎族苗族自治县', '保亭黎族苗族自治县', ',2213,', 2213, NULL, NULL, NULL, NULL, NULL, b'0'),
	(2239, '海南省琼中黎族苗族自治县', '琼中黎族苗族自治县', ',2213,', 2213, NULL, NULL, NULL, NULL, NULL, b'0'),
	(2240, '重庆市', '重庆市', ',', NULL, NULL, NULL, NULL, NULL, NULL, b'0'),
	(2241, '重庆市万州区', '万州区', ',2240,', 2240, NULL, NULL, NULL, NULL, NULL, b'0'),
	(2242, '重庆市涪陵区', '涪陵区', ',2240,', 2240, NULL, NULL, NULL, NULL, NULL, b'0'),
	(2243, '重庆市渝中区', '渝中区', ',2240,', 2240, NULL, NULL, NULL, NULL, NULL, b'0'),
	(2244, '重庆市大渡口区', '大渡口区', ',2240,', 2240, NULL, NULL, NULL, NULL, NULL, b'0'),
	(2245, '重庆市江北区', '江北区', ',2240,', 2240, NULL, NULL, NULL, NULL, NULL, b'0'),
	(2246, '重庆市沙坪坝区', '沙坪坝区', ',2240,', 2240, NULL, NULL, NULL, NULL, NULL, b'0'),
	(2247, '重庆市九龙坡区', '九龙坡区', ',2240,', 2240, NULL, NULL, NULL, NULL, NULL, b'0'),
	(2248, '重庆市南岸区', '南岸区', ',2240,', 2240, NULL, NULL, NULL, NULL, NULL, b'0'),
	(2249, '重庆市北碚区', '北碚区', ',2240,', 2240, NULL, NULL, NULL, NULL, NULL, b'0'),
	(2250, '重庆市綦江区', '綦江区', ',2240,', 2240, NULL, NULL, NULL, NULL, NULL, b'0'),
	(2251, '重庆市大足区', '大足区', ',2240,', 2240, NULL, NULL, NULL, NULL, NULL, b'0'),
	(2252, '重庆市渝北区', '渝北区', ',2240,', 2240, NULL, NULL, NULL, NULL, NULL, b'0'),
	(2253, '重庆市巴南区', '巴南区', ',2240,', 2240, NULL, NULL, NULL, NULL, NULL, b'0'),
	(2254, '重庆市黔江区', '黔江区', ',2240,', 2240, NULL, NULL, NULL, NULL, NULL, b'0'),
	(2255, '重庆市长寿区', '长寿区', ',2240,', 2240, NULL, NULL, NULL, NULL, NULL, b'0'),
	(2256, '重庆市江津区', '江津区', ',2240,', 2240, NULL, NULL, NULL, NULL, NULL, b'0'),
	(2257, '重庆市合川区', '合川区', ',2240,', 2240, NULL, NULL, NULL, NULL, NULL, b'0'),
	(2258, '重庆市永川区', '永川区', ',2240,', 2240, NULL, NULL, NULL, NULL, NULL, b'0'),
	(2259, '重庆市南川区', '南川区', ',2240,', 2240, NULL, NULL, NULL, NULL, NULL, b'0'),
	(2260, '重庆市潼南县', '潼南县', ',2240,', 2240, NULL, NULL, NULL, NULL, NULL, b'0'),
	(2261, '重庆市铜梁县', '铜梁县', ',2240,', 2240, NULL, NULL, NULL, NULL, NULL, b'0'),
	(2262, '重庆市荣昌县', '荣昌县', ',2240,', 2240, NULL, NULL, NULL, NULL, NULL, b'0'),
	(2263, '重庆市璧山县', '璧山县', ',2240,', 2240, NULL, NULL, NULL, NULL, NULL, b'0'),
	(2264, '重庆市梁平县', '梁平县', ',2240,', 2240, NULL, NULL, NULL, NULL, NULL, b'0'),
	(2265, '重庆市城口县', '城口县', ',2240,', 2240, NULL, NULL, NULL, NULL, NULL, b'0'),
	(2266, '重庆市丰都县', '丰都县', ',2240,', 2240, NULL, NULL, NULL, NULL, NULL, b'0'),
	(2267, '重庆市垫江县', '垫江县', ',2240,', 2240, NULL, NULL, NULL, NULL, NULL, b'0'),
	(2268, '重庆市武隆县', '武隆县', ',2240,', 2240, NULL, NULL, NULL, NULL, NULL, b'0'),
	(2269, '重庆市忠县', '忠县', ',2240,', 2240, NULL, NULL, NULL, NULL, NULL, b'0'),
	(2270, '重庆市开县', '开县', ',2240,', 2240, NULL, NULL, NULL, NULL, NULL, b'0'),
	(2271, '重庆市云阳县', '云阳县', ',2240,', 2240, NULL, NULL, NULL, NULL, NULL, b'0'),
	(2272, '重庆市奉节县', '奉节县', ',2240,', 2240, NULL, NULL, NULL, NULL, NULL, b'0'),
	(2273, '重庆市巫山县', '巫山县', ',2240,', 2240, NULL, NULL, NULL, NULL, NULL, b'0'),
	(2274, '重庆市巫溪县', '巫溪县', ',2240,', 2240, NULL, NULL, NULL, NULL, NULL, b'0'),
	(2275, '重庆市石柱土家族自治县', '石柱土家族自治县', ',2240,', 2240, NULL, NULL, NULL, NULL, NULL, b'0'),
	(2276, '重庆市秀山土家族苗族自治县', '秀山土家族苗族自治县', ',2240,', 2240, NULL, NULL, NULL, NULL, NULL, b'0'),
	(2277, '重庆市酉阳土家族苗族自治县', '酉阳土家族苗族自治县', ',2240,', 2240, NULL, NULL, NULL, NULL, NULL, b'0'),
	(2278, '重庆市彭水苗族土家族自治县', '彭水苗族土家族自治县', ',2240,', 2240, NULL, NULL, NULL, NULL, NULL, b'0'),
	(2279, '四川省', '四川省', ',', NULL, NULL, NULL, NULL, NULL, NULL, b'0'),
	(2280, '四川省成都市', '成都市', ',2279,', 2279, NULL, NULL, NULL, NULL, NULL, b'0'),
	(2281, '四川省成都市锦江区', '锦江区', ',2279,2280,', 2280, NULL, NULL, NULL, NULL, NULL, b'0'),
	(2282, '四川省成都市青羊区', '青羊区', ',2279,2280,', 2280, NULL, NULL, NULL, NULL, NULL, b'0'),
	(2283, '四川省成都市金牛区', '金牛区', ',2279,2280,', 2280, NULL, NULL, NULL, NULL, NULL, b'0'),
	(2284, '四川省成都市武侯区', '武侯区', ',2279,2280,', 2280, NULL, NULL, NULL, NULL, NULL, b'0'),
	(2285, '四川省成都市成华区', '成华区', ',2279,2280,', 2280, NULL, NULL, NULL, NULL, NULL, b'0'),
	(2286, '四川省成都市龙泉驿区', '龙泉驿区', ',2279,2280,', 2280, NULL, NULL, NULL, NULL, NULL, b'0'),
	(2287, '四川省成都市青白江区', '青白江区', ',2279,2280,', 2280, NULL, NULL, NULL, NULL, NULL, b'0'),
	(2288, '四川省成都市新都区', '新都区', ',2279,2280,', 2280, NULL, NULL, NULL, NULL, NULL, b'0'),
	(2289, '四川省成都市温江区', '温江区', ',2279,2280,', 2280, NULL, NULL, NULL, NULL, NULL, b'0'),
	(2290, '四川省成都市金堂县', '金堂县', ',2279,2280,', 2280, NULL, NULL, NULL, NULL, NULL, b'0'),
	(2291, '四川省成都市双流县', '双流县', ',2279,2280,', 2280, NULL, NULL, NULL, NULL, NULL, b'0'),
	(2292, '四川省成都市郫县', '郫县', ',2279,2280,', 2280, NULL, NULL, NULL, NULL, NULL, b'0'),
	(2293, '四川省成都市大邑县', '大邑县', ',2279,2280,', 2280, NULL, NULL, NULL, NULL, NULL, b'0'),
	(2294, '四川省成都市蒲江县', '蒲江县', ',2279,2280,', 2280, NULL, NULL, NULL, NULL, NULL, b'0'),
	(2295, '四川省成都市新津县', '新津县', ',2279,2280,', 2280, NULL, NULL, NULL, NULL, NULL, b'0'),
	(2296, '四川省成都市都江堰市', '都江堰市', ',2279,2280,', 2280, NULL, NULL, NULL, NULL, NULL, b'0'),
	(2297, '四川省成都市彭州市', '彭州市', ',2279,2280,', 2280, NULL, NULL, NULL, NULL, NULL, b'0'),
	(2298, '四川省成都市邛崃市', '邛崃市', ',2279,2280,', 2280, NULL, NULL, NULL, NULL, NULL, b'0'),
	(2299, '四川省成都市崇州市', '崇州市', ',2279,2280,', 2280, NULL, NULL, NULL, NULL, NULL, b'0'),
	(2300, '四川省自贡市', '自贡市', ',2279,', 2279, NULL, NULL, NULL, NULL, NULL, b'0'),
	(2301, '四川省自贡市自流井区', '自流井区', ',2279,2300,', 2300, NULL, NULL, NULL, NULL, NULL, b'0'),
	(2302, '四川省自贡市贡井区', '贡井区', ',2279,2300,', 2300, NULL, NULL, NULL, NULL, NULL, b'0'),
	(2303, '四川省自贡市大安区', '大安区', ',2279,2300,', 2300, NULL, NULL, NULL, NULL, NULL, b'0'),
	(2304, '四川省自贡市沿滩区', '沿滩区', ',2279,2300,', 2300, NULL, NULL, NULL, NULL, NULL, b'0'),
	(2305, '四川省自贡市荣县', '荣县', ',2279,2300,', 2300, NULL, NULL, NULL, NULL, NULL, b'0'),
	(2306, '四川省自贡市富顺县', '富顺县', ',2279,2300,', 2300, NULL, NULL, NULL, NULL, NULL, b'0'),
	(2307, '四川省攀枝花市', '攀枝花市', ',2279,', 2279, NULL, NULL, NULL, NULL, NULL, b'0'),
	(2308, '四川省攀枝花市东区', '东区', ',2279,2307,', 2307, NULL, NULL, NULL, NULL, NULL, b'0'),
	(2309, '四川省攀枝花市西区', '西区', ',2279,2307,', 2307, NULL, NULL, NULL, NULL, NULL, b'0'),
	(2310, '四川省攀枝花市仁和区', '仁和区', ',2279,2307,', 2307, NULL, NULL, NULL, NULL, NULL, b'0'),
	(2311, '四川省攀枝花市米易县', '米易县', ',2279,2307,', 2307, NULL, NULL, NULL, NULL, NULL, b'0'),
	(2312, '四川省攀枝花市盐边县', '盐边县', ',2279,2307,', 2307, NULL, NULL, NULL, NULL, NULL, b'0'),
	(2313, '四川省泸州市', '泸州市', ',2279,', 2279, NULL, NULL, NULL, NULL, NULL, b'0'),
	(2314, '四川省泸州市江阳区', '江阳区', ',2279,2313,', 2313, NULL, NULL, NULL, NULL, NULL, b'0'),
	(2315, '四川省泸州市纳溪区', '纳溪区', ',2279,2313,', 2313, NULL, NULL, NULL, NULL, NULL, b'0'),
	(2316, '四川省泸州市龙马潭区', '龙马潭区', ',2279,2313,', 2313, NULL, NULL, NULL, NULL, NULL, b'0'),
	(2317, '四川省泸州市泸县', '泸县', ',2279,2313,', 2313, NULL, NULL, NULL, NULL, NULL, b'0'),
	(2318, '四川省泸州市合江县', '合江县', ',2279,2313,', 2313, NULL, NULL, NULL, NULL, NULL, b'0'),
	(2319, '四川省泸州市叙永县', '叙永县', ',2279,2313,', 2313, NULL, NULL, NULL, NULL, NULL, b'0'),
	(2320, '四川省泸州市古蔺县', '古蔺县', ',2279,2313,', 2313, NULL, NULL, NULL, NULL, NULL, b'0'),
	(2321, '四川省德阳市', '德阳市', ',2279,', 2279, NULL, NULL, NULL, NULL, NULL, b'0'),
	(2322, '四川省德阳市旌阳区', '旌阳区', ',2279,2321,', 2321, NULL, NULL, NULL, NULL, NULL, b'0'),
	(2323, '四川省德阳市中江县', '中江县', ',2279,2321,', 2321, NULL, NULL, NULL, NULL, NULL, b'0'),
	(2324, '四川省德阳市罗江县', '罗江县', ',2279,2321,', 2321, NULL, NULL, NULL, NULL, NULL, b'0'),
	(2325, '四川省德阳市广汉市', '广汉市', ',2279,2321,', 2321, NULL, NULL, NULL, NULL, NULL, b'0'),
	(2326, '四川省德阳市什邡市', '什邡市', ',2279,2321,', 2321, NULL, NULL, NULL, NULL, NULL, b'0'),
	(2327, '四川省德阳市绵竹市', '绵竹市', ',2279,2321,', 2321, NULL, NULL, NULL, NULL, NULL, b'0'),
	(2328, '四川省绵阳市', '绵阳市', ',2279,', 2279, NULL, NULL, NULL, NULL, NULL, b'0'),
	(2329, '四川省绵阳市涪城区', '涪城区', ',2279,2328,', 2328, NULL, NULL, NULL, NULL, NULL, b'0'),
	(2330, '四川省绵阳市游仙区', '游仙区', ',2279,2328,', 2328, NULL, NULL, NULL, NULL, NULL, b'0'),
	(2331, '四川省绵阳市三台县', '三台县', ',2279,2328,', 2328, NULL, NULL, NULL, NULL, NULL, b'0'),
	(2332, '四川省绵阳市盐亭县', '盐亭县', ',2279,2328,', 2328, NULL, NULL, NULL, NULL, NULL, b'0'),
	(2333, '四川省绵阳市安县', '安县', ',2279,2328,', 2328, NULL, NULL, NULL, NULL, NULL, b'0'),
	(2334, '四川省绵阳市梓潼县', '梓潼县', ',2279,2328,', 2328, NULL, NULL, NULL, NULL, NULL, b'0'),
	(2335, '四川省绵阳市北川羌族自治县', '北川羌族自治县', ',2279,2328,', 2328, NULL, NULL, NULL, NULL, NULL, b'0'),
	(2336, '四川省绵阳市平武县', '平武县', ',2279,2328,', 2328, NULL, NULL, NULL, NULL, NULL, b'0'),
	(2337, '四川省绵阳市江油市', '江油市', ',2279,2328,', 2328, NULL, NULL, NULL, NULL, NULL, b'0'),
	(2338, '四川省广元市', '广元市', ',2279,', 2279, NULL, NULL, NULL, NULL, NULL, b'0'),
	(2339, '四川省广元市利州区', '利州区', ',2279,2338,', 2338, NULL, NULL, NULL, NULL, NULL, b'0'),
	(2340, '四川省广元市元坝区', '元坝区', ',2279,2338,', 2338, NULL, NULL, NULL, NULL, NULL, b'0'),
	(2341, '四川省广元市朝天区', '朝天区', ',2279,2338,', 2338, NULL, NULL, NULL, NULL, NULL, b'0'),
	(2342, '四川省广元市旺苍县', '旺苍县', ',2279,2338,', 2338, NULL, NULL, NULL, NULL, NULL, b'0'),
	(2343, '四川省广元市青川县', '青川县', ',2279,2338,', 2338, NULL, NULL, NULL, NULL, NULL, b'0'),
	(2344, '四川省广元市剑阁县', '剑阁县', ',2279,2338,', 2338, NULL, NULL, NULL, NULL, NULL, b'0'),
	(2345, '四川省广元市苍溪县', '苍溪县', ',2279,2338,', 2338, NULL, NULL, NULL, NULL, NULL, b'0'),
	(2346, '四川省遂宁市', '遂宁市', ',2279,', 2279, NULL, NULL, NULL, NULL, NULL, b'0'),
	(2347, '四川省遂宁市船山区', '船山区', ',2279,2346,', 2346, NULL, NULL, NULL, NULL, NULL, b'0'),
	(2348, '四川省遂宁市安居区', '安居区', ',2279,2346,', 2346, NULL, NULL, NULL, NULL, NULL, b'0'),
	(2349, '四川省遂宁市蓬溪县', '蓬溪县', ',2279,2346,', 2346, NULL, NULL, NULL, NULL, NULL, b'0'),
	(2350, '四川省遂宁市射洪县', '射洪县', ',2279,2346,', 2346, NULL, NULL, NULL, NULL, NULL, b'0'),
	(2351, '四川省遂宁市大英县', '大英县', ',2279,2346,', 2346, NULL, NULL, NULL, NULL, NULL, b'0'),
	(2352, '四川省内江市', '内江市', ',2279,', 2279, NULL, NULL, NULL, NULL, NULL, b'0'),
	(2353, '四川省内江市市中区', '市中区', ',2279,2352,', 2352, NULL, NULL, NULL, NULL, NULL, b'0'),
	(2354, '四川省内江市东兴区', '东兴区', ',2279,2352,', 2352, NULL, NULL, NULL, NULL, NULL, b'0'),
	(2355, '四川省内江市威远县', '威远县', ',2279,2352,', 2352, NULL, NULL, NULL, NULL, NULL, b'0'),
	(2356, '四川省内江市资中县', '资中县', ',2279,2352,', 2352, NULL, NULL, NULL, NULL, NULL, b'0'),
	(2357, '四川省内江市隆昌县', '隆昌县', ',2279,2352,', 2352, NULL, NULL, NULL, NULL, NULL, b'0'),
	(2358, '四川省乐山市', '乐山市', ',2279,', 2279, NULL, NULL, NULL, NULL, NULL, b'0'),
	(2359, '四川省乐山市市中区', '市中区', ',2279,2358,', 2358, NULL, NULL, NULL, NULL, NULL, b'0'),
	(2360, '四川省乐山市沙湾区', '沙湾区', ',2279,2358,', 2358, NULL, NULL, NULL, NULL, NULL, b'0'),
	(2361, '四川省乐山市五通桥区', '五通桥区', ',2279,2358,', 2358, NULL, NULL, NULL, NULL, NULL, b'0'),
	(2362, '四川省乐山市金口河区', '金口河区', ',2279,2358,', 2358, NULL, NULL, NULL, NULL, NULL, b'0'),
	(2363, '四川省乐山市犍为县', '犍为县', ',2279,2358,', 2358, NULL, NULL, NULL, NULL, NULL, b'0'),
	(2364, '四川省乐山市井研县', '井研县', ',2279,2358,', 2358, NULL, NULL, NULL, NULL, NULL, b'0'),
	(2365, '四川省乐山市夹江县', '夹江县', ',2279,2358,', 2358, NULL, NULL, NULL, NULL, NULL, b'0'),
	(2366, '四川省乐山市沐川县', '沐川县', ',2279,2358,', 2358, NULL, NULL, NULL, NULL, NULL, b'0'),
	(2367, '四川省乐山市峨边彝族自治县', '峨边彝族自治县', ',2279,2358,', 2358, NULL, NULL, NULL, NULL, NULL, b'0'),
	(2368, '四川省乐山市马边彝族自治县', '马边彝族自治县', ',2279,2358,', 2358, NULL, NULL, NULL, NULL, NULL, b'0'),
	(2369, '四川省乐山市峨眉山市', '峨眉山市', ',2279,2358,', 2358, NULL, NULL, NULL, NULL, NULL, b'0'),
	(2370, '四川省南充市', '南充市', ',2279,', 2279, NULL, NULL, NULL, NULL, NULL, b'0'),
	(2371, '四川省南充市顺庆区', '顺庆区', ',2279,2370,', 2370, NULL, NULL, NULL, NULL, NULL, b'0'),
	(2372, '四川省南充市高坪区', '高坪区', ',2279,2370,', 2370, NULL, NULL, NULL, NULL, NULL, b'0'),
	(2373, '四川省南充市嘉陵区', '嘉陵区', ',2279,2370,', 2370, NULL, NULL, NULL, NULL, NULL, b'0'),
	(2374, '四川省南充市南部县', '南部县', ',2279,2370,', 2370, NULL, NULL, NULL, NULL, NULL, b'0'),
	(2375, '四川省南充市营山县', '营山县', ',2279,2370,', 2370, NULL, NULL, NULL, NULL, NULL, b'0'),
	(2376, '四川省南充市蓬安县', '蓬安县', ',2279,2370,', 2370, NULL, NULL, NULL, NULL, NULL, b'0'),
	(2377, '四川省南充市仪陇县', '仪陇县', ',2279,2370,', 2370, NULL, NULL, NULL, NULL, NULL, b'0'),
	(2378, '四川省南充市西充县', '西充县', ',2279,2370,', 2370, NULL, NULL, NULL, NULL, NULL, b'0'),
	(2379, '四川省南充市阆中市', '阆中市', ',2279,2370,', 2370, NULL, NULL, NULL, NULL, NULL, b'0'),
	(2380, '四川省眉山市', '眉山市', ',2279,', 2279, NULL, NULL, NULL, NULL, NULL, b'0'),
	(2381, '四川省眉山市东坡区', '东坡区', ',2279,2380,', 2380, NULL, NULL, NULL, NULL, NULL, b'0'),
	(2382, '四川省眉山市仁寿县', '仁寿县', ',2279,2380,', 2380, NULL, NULL, NULL, NULL, NULL, b'0'),
	(2383, '四川省眉山市彭山县', '彭山县', ',2279,2380,', 2380, NULL, NULL, NULL, NULL, NULL, b'0'),
	(2384, '四川省眉山市洪雅县', '洪雅县', ',2279,2380,', 2380, NULL, NULL, NULL, NULL, NULL, b'0'),
	(2385, '四川省眉山市丹棱县', '丹棱县', ',2279,2380,', 2380, NULL, NULL, NULL, NULL, NULL, b'0'),
	(2386, '四川省眉山市青神县', '青神县', ',2279,2380,', 2380, NULL, NULL, NULL, NULL, NULL, b'0'),
	(2387, '四川省宜宾市', '宜宾市', ',2279,', 2279, NULL, NULL, NULL, NULL, NULL, b'0'),
	(2388, '四川省宜宾市翠屏区', '翠屏区', ',2279,2387,', 2387, NULL, NULL, NULL, NULL, NULL, b'0'),
	(2389, '四川省宜宾市南溪区', '南溪区', ',2279,2387,', 2387, NULL, NULL, NULL, NULL, NULL, b'0'),
	(2390, '四川省宜宾市宜宾县', '宜宾县', ',2279,2387,', 2387, NULL, NULL, NULL, NULL, NULL, b'0'),
	(2391, '四川省宜宾市江安县', '江安县', ',2279,2387,', 2387, NULL, NULL, NULL, NULL, NULL, b'0'),
	(2392, '四川省宜宾市长宁县', '长宁县', ',2279,2387,', 2387, NULL, NULL, NULL, NULL, NULL, b'0'),
	(2393, '四川省宜宾市高县', '高县', ',2279,2387,', 2387, NULL, NULL, NULL, NULL, NULL, b'0'),
	(2394, '四川省宜宾市珙县', '珙县', ',2279,2387,', 2387, NULL, NULL, NULL, NULL, NULL, b'0'),
	(2395, '四川省宜宾市筠连县', '筠连县', ',2279,2387,', 2387, NULL, NULL, NULL, NULL, NULL, b'0'),
	(2396, '四川省宜宾市兴文县', '兴文县', ',2279,2387,', 2387, NULL, NULL, NULL, NULL, NULL, b'0'),
	(2397, '四川省宜宾市屏山县', '屏山县', ',2279,2387,', 2387, NULL, NULL, NULL, NULL, NULL, b'0'),
	(2398, '四川省广安市', '广安市', ',2279,', 2279, NULL, NULL, NULL, NULL, NULL, b'0'),
	(2399, '四川省广安市广安区', '广安区', ',2279,2398,', 2398, NULL, NULL, NULL, NULL, NULL, b'0'),
	(2400, '四川省广安市岳池县', '岳池县', ',2279,2398,', 2398, NULL, NULL, NULL, NULL, NULL, b'0'),
	(2401, '四川省广安市武胜县', '武胜县', ',2279,2398,', 2398, NULL, NULL, NULL, NULL, NULL, b'0'),
	(2402, '四川省广安市邻水县', '邻水县', ',2279,2398,', 2398, NULL, NULL, NULL, NULL, NULL, b'0'),
	(2403, '四川省广安市华蓥市', '华蓥市', ',2279,2398,', 2398, NULL, NULL, NULL, NULL, NULL, b'0'),
	(2404, '四川省达州市', '达州市', ',2279,', 2279, NULL, NULL, NULL, NULL, NULL, b'0'),
	(2405, '四川省达州市通川区', '通川区', ',2279,2404,', 2404, NULL, NULL, NULL, NULL, NULL, b'0'),
	(2406, '四川省达州市达县', '达县', ',2279,2404,', 2404, NULL, NULL, NULL, NULL, NULL, b'0'),
	(2407, '四川省达州市宣汉县', '宣汉县', ',2279,2404,', 2404, NULL, NULL, NULL, NULL, NULL, b'0'),
	(2408, '四川省达州市开江县', '开江县', ',2279,2404,', 2404, NULL, NULL, NULL, NULL, NULL, b'0'),
	(2409, '四川省达州市大竹县', '大竹县', ',2279,2404,', 2404, NULL, NULL, NULL, NULL, NULL, b'0'),
	(2410, '四川省达州市渠县', '渠县', ',2279,2404,', 2404, NULL, NULL, NULL, NULL, NULL, b'0'),
	(2411, '四川省达州市万源市', '万源市', ',2279,2404,', 2404, NULL, NULL, NULL, NULL, NULL, b'0'),
	(2412, '四川省雅安市', '雅安市', ',2279,', 2279, NULL, NULL, NULL, NULL, NULL, b'0'),
	(2413, '四川省雅安市雨城区', '雨城区', ',2279,2412,', 2412, NULL, NULL, NULL, NULL, NULL, b'0'),
	(2414, '四川省雅安市名山区', '名山区', ',2279,2412,', 2412, NULL, NULL, NULL, NULL, NULL, b'0'),
	(2415, '四川省雅安市荥经县', '荥经县', ',2279,2412,', 2412, NULL, NULL, NULL, NULL, NULL, b'0'),
	(2416, '四川省雅安市汉源县', '汉源县', ',2279,2412,', 2412, NULL, NULL, NULL, NULL, NULL, b'0'),
	(2417, '四川省雅安市石棉县', '石棉县', ',2279,2412,', 2412, NULL, NULL, NULL, NULL, NULL, b'0'),
	(2418, '四川省雅安市天全县', '天全县', ',2279,2412,', 2412, NULL, NULL, NULL, NULL, NULL, b'0'),
	(2419, '四川省雅安市芦山县', '芦山县', ',2279,2412,', 2412, NULL, NULL, NULL, NULL, NULL, b'0'),
	(2420, '四川省雅安市宝兴县', '宝兴县', ',2279,2412,', 2412, NULL, NULL, NULL, NULL, NULL, b'0'),
	(2421, '四川省巴中市', '巴中市', ',2279,', 2279, NULL, NULL, NULL, NULL, NULL, b'0'),
	(2422, '四川省巴中市巴州区', '巴州区', ',2279,2421,', 2421, NULL, NULL, NULL, NULL, NULL, b'0'),
	(2423, '四川省巴中市通江县', '通江县', ',2279,2421,', 2421, NULL, NULL, NULL, NULL, NULL, b'0'),
	(2424, '四川省巴中市南江县', '南江县', ',2279,2421,', 2421, NULL, NULL, NULL, NULL, NULL, b'0'),
	(2425, '四川省巴中市平昌县', '平昌县', ',2279,2421,', 2421, NULL, NULL, NULL, NULL, NULL, b'0'),
	(2426, '四川省资阳市', '资阳市', ',2279,', 2279, NULL, NULL, NULL, NULL, NULL, b'0'),
	(2427, '四川省资阳市雁江区', '雁江区', ',2279,2426,', 2426, NULL, NULL, NULL, NULL, NULL, b'0'),
	(2428, '四川省资阳市安岳县', '安岳县', ',2279,2426,', 2426, NULL, NULL, NULL, NULL, NULL, b'0'),
	(2429, '四川省资阳市乐至县', '乐至县', ',2279,2426,', 2426, NULL, NULL, NULL, NULL, NULL, b'0'),
	(2430, '四川省资阳市简阳市', '简阳市', ',2279,2426,', 2426, NULL, NULL, NULL, NULL, NULL, b'0'),
	(2431, '四川省阿坝藏族羌族自治州', '阿坝藏族羌族自治州', ',2279,', 2279, NULL, NULL, NULL, NULL, NULL, b'0'),
	(2432, '四川省阿坝藏族羌族自治州汶川县', '汶川县', ',2279,2431,', 2431, NULL, NULL, NULL, NULL, NULL, b'0'),
	(2433, '四川省阿坝藏族羌族自治州理县', '理县', ',2279,2431,', 2431, NULL, NULL, NULL, NULL, NULL, b'0'),
	(2434, '四川省阿坝藏族羌族自治州茂县', '茂县', ',2279,2431,', 2431, NULL, NULL, NULL, NULL, NULL, b'0'),
	(2435, '四川省阿坝藏族羌族自治州松潘县', '松潘县', ',2279,2431,', 2431, NULL, NULL, NULL, NULL, NULL, b'0'),
	(2436, '四川省阿坝藏族羌族自治州九寨沟县', '九寨沟县', ',2279,2431,', 2431, NULL, NULL, NULL, NULL, NULL, b'0'),
	(2437, '四川省阿坝藏族羌族自治州金川县', '金川县', ',2279,2431,', 2431, NULL, NULL, NULL, NULL, NULL, b'0'),
	(2438, '四川省阿坝藏族羌族自治州小金县', '小金县', ',2279,2431,', 2431, NULL, NULL, NULL, NULL, NULL, b'0'),
	(2439, '四川省阿坝藏族羌族自治州黑水县', '黑水县', ',2279,2431,', 2431, NULL, NULL, NULL, NULL, NULL, b'0'),
	(2440, '四川省阿坝藏族羌族自治州马尔康县', '马尔康县', ',2279,2431,', 2431, NULL, NULL, NULL, NULL, NULL, b'0'),
	(2441, '四川省阿坝藏族羌族自治州壤塘县', '壤塘县', ',2279,2431,', 2431, NULL, NULL, NULL, NULL, NULL, b'0'),
	(2442, '四川省阿坝藏族羌族自治州阿坝县', '阿坝县', ',2279,2431,', 2431, NULL, NULL, NULL, NULL, NULL, b'0'),
	(2443, '四川省阿坝藏族羌族自治州若尔盖县', '若尔盖县', ',2279,2431,', 2431, NULL, NULL, NULL, NULL, NULL, b'0'),
	(2444, '四川省阿坝藏族羌族自治州红原县', '红原县', ',2279,2431,', 2431, NULL, NULL, NULL, NULL, NULL, b'0'),
	(2445, '四川省甘孜藏族自治州', '甘孜藏族自治州', ',2279,', 2279, NULL, NULL, NULL, NULL, NULL, b'0'),
	(2446, '四川省甘孜藏族自治州康定县', '康定县', ',2279,2445,', 2445, NULL, NULL, NULL, NULL, NULL, b'0'),
	(2447, '四川省甘孜藏族自治州泸定县', '泸定县', ',2279,2445,', 2445, NULL, NULL, NULL, NULL, NULL, b'0'),
	(2448, '四川省甘孜藏族自治州丹巴县', '丹巴县', ',2279,2445,', 2445, NULL, NULL, NULL, NULL, NULL, b'0'),
	(2449, '四川省甘孜藏族自治州九龙县', '九龙县', ',2279,2445,', 2445, NULL, NULL, NULL, NULL, NULL, b'0'),
	(2450, '四川省甘孜藏族自治州雅江县', '雅江县', ',2279,2445,', 2445, NULL, NULL, NULL, NULL, NULL, b'0'),
	(2451, '四川省甘孜藏族自治州道孚县', '道孚县', ',2279,2445,', 2445, NULL, NULL, NULL, NULL, NULL, b'0'),
	(2452, '四川省甘孜藏族自治州炉霍县', '炉霍县', ',2279,2445,', 2445, NULL, NULL, NULL, NULL, NULL, b'0'),
	(2453, '四川省甘孜藏族自治州甘孜县', '甘孜县', ',2279,2445,', 2445, NULL, NULL, NULL, NULL, NULL, b'0'),
	(2454, '四川省甘孜藏族自治州新龙县', '新龙县', ',2279,2445,', 2445, NULL, NULL, NULL, NULL, NULL, b'0'),
	(2455, '四川省甘孜藏族自治州德格县', '德格县', ',2279,2445,', 2445, NULL, NULL, NULL, NULL, NULL, b'0'),
	(2456, '四川省甘孜藏族自治州白玉县', '白玉县', ',2279,2445,', 2445, NULL, NULL, NULL, NULL, NULL, b'0'),
	(2457, '四川省甘孜藏族自治州石渠县', '石渠县', ',2279,2445,', 2445, NULL, NULL, NULL, NULL, NULL, b'0'),
	(2458, '四川省甘孜藏族自治州色达县', '色达县', ',2279,2445,', 2445, NULL, NULL, NULL, NULL, NULL, b'0'),
	(2459, '四川省甘孜藏族自治州理塘县', '理塘县', ',2279,2445,', 2445, NULL, NULL, NULL, NULL, NULL, b'0'),
	(2460, '四川省甘孜藏族自治州巴塘县', '巴塘县', ',2279,2445,', 2445, NULL, NULL, NULL, NULL, NULL, b'0'),
	(2461, '四川省甘孜藏族自治州乡城县', '乡城县', ',2279,2445,', 2445, NULL, NULL, NULL, NULL, NULL, b'0'),
	(2462, '四川省甘孜藏族自治州稻城县', '稻城县', ',2279,2445,', 2445, NULL, NULL, NULL, NULL, NULL, b'0'),
	(2463, '四川省甘孜藏族自治州得荣县', '得荣县', ',2279,2445,', 2445, NULL, NULL, NULL, NULL, NULL, b'0'),
	(2464, '四川省凉山彝族自治州', '凉山彝族自治州', ',2279,', 2279, NULL, NULL, NULL, NULL, NULL, b'0'),
	(2465, '四川省凉山彝族自治州西昌市', '西昌市', ',2279,2464,', 2464, NULL, NULL, NULL, NULL, NULL, b'0'),
	(2466, '四川省凉山彝族自治州木里藏族自治县', '木里藏族自治县', ',2279,2464,', 2464, NULL, NULL, NULL, NULL, NULL, b'0'),
	(2467, '四川省凉山彝族自治州盐源县', '盐源县', ',2279,2464,', 2464, NULL, NULL, NULL, NULL, NULL, b'0'),
	(2468, '四川省凉山彝族自治州德昌县', '德昌县', ',2279,2464,', 2464, NULL, NULL, NULL, NULL, NULL, b'0'),
	(2469, '四川省凉山彝族自治州会理县', '会理县', ',2279,2464,', 2464, NULL, NULL, NULL, NULL, NULL, b'0'),
	(2470, '四川省凉山彝族自治州会东县', '会东县', ',2279,2464,', 2464, NULL, NULL, NULL, NULL, NULL, b'0'),
	(2471, '四川省凉山彝族自治州宁南县', '宁南县', ',2279,2464,', 2464, NULL, NULL, NULL, NULL, NULL, b'0'),
	(2472, '四川省凉山彝族自治州普格县', '普格县', ',2279,2464,', 2464, NULL, NULL, NULL, NULL, NULL, b'0'),
	(2473, '四川省凉山彝族自治州布拖县', '布拖县', ',2279,2464,', 2464, NULL, NULL, NULL, NULL, NULL, b'0'),
	(2474, '四川省凉山彝族自治州金阳县', '金阳县', ',2279,2464,', 2464, NULL, NULL, NULL, NULL, NULL, b'0'),
	(2475, '四川省凉山彝族自治州昭觉县', '昭觉县', ',2279,2464,', 2464, NULL, NULL, NULL, NULL, NULL, b'0'),
	(2476, '四川省凉山彝族自治州喜德县', '喜德县', ',2279,2464,', 2464, NULL, NULL, NULL, NULL, NULL, b'0'),
	(2477, '四川省凉山彝族自治州冕宁县', '冕宁县', ',2279,2464,', 2464, NULL, NULL, NULL, NULL, NULL, b'0'),
	(2478, '四川省凉山彝族自治州越西县', '越西县', ',2279,2464,', 2464, NULL, NULL, NULL, NULL, NULL, b'0'),
	(2479, '四川省凉山彝族自治州甘洛县', '甘洛县', ',2279,2464,', 2464, NULL, NULL, NULL, NULL, NULL, b'0'),
	(2480, '四川省凉山彝族自治州美姑县', '美姑县', ',2279,2464,', 2464, NULL, NULL, NULL, NULL, NULL, b'0'),
	(2481, '四川省凉山彝族自治州雷波县', '雷波县', ',2279,2464,', 2464, NULL, NULL, NULL, NULL, NULL, b'0'),
	(2482, '贵州省', '贵州省', ',', NULL, NULL, NULL, NULL, NULL, NULL, b'0'),
	(2483, '贵州省贵阳市', '贵阳市', ',2482,', 2482, NULL, NULL, NULL, NULL, NULL, b'0'),
	(2484, '贵州省贵阳市南明区', '南明区', ',2482,2483,', 2483, NULL, NULL, NULL, NULL, NULL, b'0'),
	(2485, '贵州省贵阳市云岩区', '云岩区', ',2482,2483,', 2483, NULL, NULL, NULL, NULL, NULL, b'0'),
	(2486, '贵州省贵阳市花溪区', '花溪区', ',2482,2483,', 2483, NULL, NULL, NULL, NULL, NULL, b'0'),
	(2487, '贵州省贵阳市乌当区', '乌当区', ',2482,2483,', 2483, NULL, NULL, NULL, NULL, NULL, b'0'),
	(2488, '贵州省贵阳市白云区', '白云区', ',2482,2483,', 2483, NULL, NULL, NULL, NULL, NULL, b'0'),
	(2489, '贵州省贵阳市小河区', '小河区', ',2482,2483,', 2483, NULL, NULL, NULL, NULL, NULL, b'0'),
	(2490, '贵州省贵阳市开阳县', '开阳县', ',2482,2483,', 2483, NULL, NULL, NULL, NULL, NULL, b'0'),
	(2491, '贵州省贵阳市息烽县', '息烽县', ',2482,2483,', 2483, NULL, NULL, NULL, NULL, NULL, b'0'),
	(2492, '贵州省贵阳市修文县', '修文县', ',2482,2483,', 2483, NULL, NULL, NULL, NULL, NULL, b'0'),
	(2493, '贵州省贵阳市清镇市', '清镇市', ',2482,2483,', 2483, NULL, NULL, NULL, NULL, NULL, b'0'),
	(2494, '贵州省六盘水市', '六盘水市', ',2482,', 2482, NULL, NULL, NULL, NULL, NULL, b'0'),
	(2495, '贵州省六盘水市钟山区', '钟山区', ',2482,2494,', 2494, NULL, NULL, NULL, NULL, NULL, b'0'),
	(2496, '贵州省六盘水市六枝特区', '六枝特区', ',2482,2494,', 2494, NULL, NULL, NULL, NULL, NULL, b'0'),
	(2497, '贵州省六盘水市水城县', '水城县', ',2482,2494,', 2494, NULL, NULL, NULL, NULL, NULL, b'0'),
	(2498, '贵州省六盘水市盘县', '盘县', ',2482,2494,', 2494, NULL, NULL, NULL, NULL, NULL, b'0'),
	(2499, '贵州省遵义市', '遵义市', ',2482,', 2482, NULL, NULL, NULL, NULL, NULL, b'0'),
	(2500, '贵州省遵义市红花岗区', '红花岗区', ',2482,2499,', 2499, NULL, NULL, NULL, NULL, NULL, b'0'),
	(2501, '贵州省遵义市汇川区', '汇川区', ',2482,2499,', 2499, NULL, NULL, NULL, NULL, NULL, b'0'),
	(2502, '贵州省遵义市遵义县', '遵义县', ',2482,2499,', 2499, NULL, NULL, NULL, NULL, NULL, b'0'),
	(2503, '贵州省遵义市桐梓县', '桐梓县', ',2482,2499,', 2499, NULL, NULL, NULL, NULL, NULL, b'0'),
	(2504, '贵州省遵义市绥阳县', '绥阳县', ',2482,2499,', 2499, NULL, NULL, NULL, NULL, NULL, b'0'),
	(2505, '贵州省遵义市正安县', '正安县', ',2482,2499,', 2499, NULL, NULL, NULL, NULL, NULL, b'0'),
	(2506, '贵州省遵义市道真仡佬族苗族自治县', '道真仡佬族苗族自治县', ',2482,2499,', 2499, NULL, NULL, NULL, NULL, NULL, b'0'),
	(2507, '贵州省遵义市务川仡佬族苗族自治县', '务川仡佬族苗族自治县', ',2482,2499,', 2499, NULL, NULL, NULL, NULL, NULL, b'0'),
	(2508, '贵州省遵义市凤冈县', '凤冈县', ',2482,2499,', 2499, NULL, NULL, NULL, NULL, NULL, b'0'),
	(2509, '贵州省遵义市湄潭县', '湄潭县', ',2482,2499,', 2499, NULL, NULL, NULL, NULL, NULL, b'0'),
	(2510, '贵州省遵义市余庆县', '余庆县', ',2482,2499,', 2499, NULL, NULL, NULL, NULL, NULL, b'0'),
	(2511, '贵州省遵义市习水县', '习水县', ',2482,2499,', 2499, NULL, NULL, NULL, NULL, NULL, b'0'),
	(2512, '贵州省遵义市赤水市', '赤水市', ',2482,2499,', 2499, NULL, NULL, NULL, NULL, NULL, b'0'),
	(2513, '贵州省遵义市仁怀市', '仁怀市', ',2482,2499,', 2499, NULL, NULL, NULL, NULL, NULL, b'0'),
	(2514, '贵州省安顺市', '安顺市', ',2482,', 2482, NULL, NULL, NULL, NULL, NULL, b'0'),
	(2515, '贵州省安顺市西秀区', '西秀区', ',2482,2514,', 2514, NULL, NULL, NULL, NULL, NULL, b'0'),
	(2516, '贵州省安顺市平坝县', '平坝县', ',2482,2514,', 2514, NULL, NULL, NULL, NULL, NULL, b'0'),
	(2517, '贵州省安顺市普定县', '普定县', ',2482,2514,', 2514, NULL, NULL, NULL, NULL, NULL, b'0'),
	(2518, '贵州省安顺市镇宁布依族苗族自治县', '镇宁布依族苗族自治县', ',2482,2514,', 2514, NULL, NULL, NULL, NULL, NULL, b'0'),
	(2519, '贵州省安顺市关岭布依族苗族自治县', '关岭布依族苗族自治县', ',2482,2514,', 2514, NULL, NULL, NULL, NULL, NULL, b'0'),
	(2520, '贵州省安顺市紫云苗族布依族自治县', '紫云苗族布依族自治县', ',2482,2514,', 2514, NULL, NULL, NULL, NULL, NULL, b'0'),
	(2521, '贵州省毕节市', '毕节市', ',2482,', 2482, NULL, NULL, NULL, NULL, NULL, b'0'),
	(2522, '贵州省毕节市七星关区', '七星关区', ',2482,2521,', 2521, NULL, NULL, NULL, NULL, NULL, b'0'),
	(2523, '贵州省毕节市大方县', '大方县', ',2482,2521,', 2521, NULL, NULL, NULL, NULL, NULL, b'0'),
	(2524, '贵州省毕节市黔西县', '黔西县', ',2482,2521,', 2521, NULL, NULL, NULL, NULL, NULL, b'0'),
	(2525, '贵州省毕节市金沙县', '金沙县', ',2482,2521,', 2521, NULL, NULL, NULL, NULL, NULL, b'0'),
	(2526, '贵州省毕节市织金县', '织金县', ',2482,2521,', 2521, NULL, NULL, NULL, NULL, NULL, b'0'),
	(2527, '贵州省毕节市纳雍县', '纳雍县', ',2482,2521,', 2521, NULL, NULL, NULL, NULL, NULL, b'0'),
	(2528, '贵州省毕节市威宁彝族回族苗族自治县', '威宁彝族回族苗族自治县', ',2482,2521,', 2521, NULL, NULL, NULL, NULL, NULL, b'0'),
	(2529, '贵州省毕节市赫章县', '赫章县', ',2482,2521,', 2521, NULL, NULL, NULL, NULL, NULL, b'0'),
	(2530, '贵州省铜仁市', '铜仁市', ',2482,', 2482, NULL, NULL, NULL, NULL, NULL, b'0'),
	(2531, '贵州省铜仁市碧江区', '碧江区', ',2482,2530,', 2530, NULL, NULL, NULL, NULL, NULL, b'0'),
	(2532, '贵州省铜仁市万山区', '万山区', ',2482,2530,', 2530, NULL, NULL, NULL, NULL, NULL, b'0'),
	(2533, '贵州省铜仁市江口县', '江口县', ',2482,2530,', 2530, NULL, NULL, NULL, NULL, NULL, b'0'),
	(2534, '贵州省铜仁市玉屏侗族自治县', '玉屏侗族自治县', ',2482,2530,', 2530, NULL, NULL, NULL, NULL, NULL, b'0'),
	(2535, '贵州省铜仁市石阡县', '石阡县', ',2482,2530,', 2530, NULL, NULL, NULL, NULL, NULL, b'0'),
	(2536, '贵州省铜仁市思南县', '思南县', ',2482,2530,', 2530, NULL, NULL, NULL, NULL, NULL, b'0'),
	(2537, '贵州省铜仁市印江土家族苗族自治县', '印江土家族苗族自治县', ',2482,2530,', 2530, NULL, NULL, NULL, NULL, NULL, b'0'),
	(2538, '贵州省铜仁市德江县', '德江县', ',2482,2530,', 2530, NULL, NULL, NULL, NULL, NULL, b'0'),
	(2539, '贵州省铜仁市沿河土家族自治县', '沿河土家族自治县', ',2482,2530,', 2530, NULL, NULL, NULL, NULL, NULL, b'0'),
	(2540, '贵州省铜仁市松桃苗族自治县', '松桃苗族自治县', ',2482,2530,', 2530, NULL, NULL, NULL, NULL, NULL, b'0'),
	(2541, '贵州省黔西南布依族苗族自治州', '黔西南布依族苗族自治州', ',2482,', 2482, NULL, NULL, NULL, NULL, NULL, b'0'),
	(2542, '贵州省黔西南布依族苗族自治州兴义市', '兴义市', ',2482,2541,', 2541, NULL, NULL, NULL, NULL, NULL, b'0'),
	(2543, '贵州省黔西南布依族苗族自治州兴仁县', '兴仁县', ',2482,2541,', 2541, NULL, NULL, NULL, NULL, NULL, b'0'),
	(2544, '贵州省黔西南布依族苗族自治州普安县', '普安县', ',2482,2541,', 2541, NULL, NULL, NULL, NULL, NULL, b'0'),
	(2545, '贵州省黔西南布依族苗族自治州晴隆县', '晴隆县', ',2482,2541,', 2541, NULL, NULL, NULL, NULL, NULL, b'0'),
	(2546, '贵州省黔西南布依族苗族自治州贞丰县', '贞丰县', ',2482,2541,', 2541, NULL, NULL, NULL, NULL, NULL, b'0'),
	(2547, '贵州省黔西南布依族苗族自治州望谟县', '望谟县', ',2482,2541,', 2541, NULL, NULL, NULL, NULL, NULL, b'0'),
	(2548, '贵州省黔西南布依族苗族自治州册亨县', '册亨县', ',2482,2541,', 2541, NULL, NULL, NULL, NULL, NULL, b'0'),
	(2549, '贵州省黔西南布依族苗族自治州安龙县', '安龙县', ',2482,2541,', 2541, NULL, NULL, NULL, NULL, NULL, b'0'),
	(2550, '贵州省黔东南苗族侗族自治州', '黔东南苗族侗族自治州', ',2482,', 2482, NULL, NULL, NULL, NULL, NULL, b'0'),
	(2551, '贵州省黔东南苗族侗族自治州凯里市', '凯里市', ',2482,2550,', 2550, NULL, NULL, NULL, NULL, NULL, b'0'),
	(2552, '贵州省黔东南苗族侗族自治州黄平县', '黄平县', ',2482,2550,', 2550, NULL, NULL, NULL, NULL, NULL, b'0'),
	(2553, '贵州省黔东南苗族侗族自治州施秉县', '施秉县', ',2482,2550,', 2550, NULL, NULL, NULL, NULL, NULL, b'0'),
	(2554, '贵州省黔东南苗族侗族自治州三穗县', '三穗县', ',2482,2550,', 2550, NULL, NULL, NULL, NULL, NULL, b'0'),
	(2555, '贵州省黔东南苗族侗族自治州镇远县', '镇远县', ',2482,2550,', 2550, NULL, NULL, NULL, NULL, NULL, b'0'),
	(2556, '贵州省黔东南苗族侗族自治州岑巩县', '岑巩县', ',2482,2550,', 2550, NULL, NULL, NULL, NULL, NULL, b'0'),
	(2557, '贵州省黔东南苗族侗族自治州天柱县', '天柱县', ',2482,2550,', 2550, NULL, NULL, NULL, NULL, NULL, b'0'),
	(2558, '贵州省黔东南苗族侗族自治州锦屏县', '锦屏县', ',2482,2550,', 2550, NULL, NULL, NULL, NULL, NULL, b'0'),
	(2559, '贵州省黔东南苗族侗族自治州剑河县', '剑河县', ',2482,2550,', 2550, NULL, NULL, NULL, NULL, NULL, b'0'),
	(2560, '贵州省黔东南苗族侗族自治州台江县', '台江县', ',2482,2550,', 2550, NULL, NULL, NULL, NULL, NULL, b'0'),
	(2561, '贵州省黔东南苗族侗族自治州黎平县', '黎平县', ',2482,2550,', 2550, NULL, NULL, NULL, NULL, NULL, b'0'),
	(2562, '贵州省黔东南苗族侗族自治州榕江县', '榕江县', ',2482,2550,', 2550, NULL, NULL, NULL, NULL, NULL, b'0'),
	(2563, '贵州省黔东南苗族侗族自治州从江县', '从江县', ',2482,2550,', 2550, NULL, NULL, NULL, NULL, NULL, b'0'),
	(2564, '贵州省黔东南苗族侗族自治州雷山县', '雷山县', ',2482,2550,', 2550, NULL, NULL, NULL, NULL, NULL, b'0'),
	(2565, '贵州省黔东南苗族侗族自治州麻江县', '麻江县', ',2482,2550,', 2550, NULL, NULL, NULL, NULL, NULL, b'0'),
	(2566, '贵州省黔东南苗族侗族自治州丹寨县', '丹寨县', ',2482,2550,', 2550, NULL, NULL, NULL, NULL, NULL, b'0'),
	(2567, '贵州省黔南布依族苗族自治州', '黔南布依族苗族自治州', ',2482,', 2482, NULL, NULL, NULL, NULL, NULL, b'0'),
	(2568, '贵州省黔南布依族苗族自治州都匀市', '都匀市', ',2482,2567,', 2567, NULL, NULL, NULL, NULL, NULL, b'0'),
	(2569, '贵州省黔南布依族苗族自治州福泉市', '福泉市', ',2482,2567,', 2567, NULL, NULL, NULL, NULL, NULL, b'0'),
	(2570, '贵州省黔南布依族苗族自治州荔波县', '荔波县', ',2482,2567,', 2567, NULL, NULL, NULL, NULL, NULL, b'0'),
	(2571, '贵州省黔南布依族苗族自治州贵定县', '贵定县', ',2482,2567,', 2567, NULL, NULL, NULL, NULL, NULL, b'0'),
	(2572, '贵州省黔南布依族苗族自治州瓮安县', '瓮安县', ',2482,2567,', 2567, NULL, NULL, NULL, NULL, NULL, b'0'),
	(2573, '贵州省黔南布依族苗族自治州独山县', '独山县', ',2482,2567,', 2567, NULL, NULL, NULL, NULL, NULL, b'0'),
	(2574, '贵州省黔南布依族苗族自治州平塘县', '平塘县', ',2482,2567,', 2567, NULL, NULL, NULL, NULL, NULL, b'0'),
	(2575, '贵州省黔南布依族苗族自治州罗甸县', '罗甸县', ',2482,2567,', 2567, NULL, NULL, NULL, NULL, NULL, b'0'),
	(2576, '贵州省黔南布依族苗族自治州长顺县', '长顺县', ',2482,2567,', 2567, NULL, NULL, NULL, NULL, NULL, b'0'),
	(2577, '贵州省黔南布依族苗族自治州龙里县', '龙里县', ',2482,2567,', 2567, NULL, NULL, NULL, NULL, NULL, b'0'),
	(2578, '贵州省黔南布依族苗族自治州惠水县', '惠水县', ',2482,2567,', 2567, NULL, NULL, NULL, NULL, NULL, b'0'),
	(2579, '贵州省黔南布依族苗族自治州三都水族自治县', '三都水族自治县', ',2482,2567,', 2567, NULL, NULL, NULL, NULL, NULL, b'0'),
	(2580, '云南省', '云南省', ',', NULL, NULL, NULL, NULL, NULL, NULL, b'0'),
	(2581, '云南省昆明市', '昆明市', ',2580,', 2580, NULL, NULL, NULL, NULL, NULL, b'0'),
	(2582, '云南省昆明市五华区', '五华区', ',2580,2581,', 2581, NULL, NULL, NULL, NULL, NULL, b'0'),
	(2583, '云南省昆明市盘龙区', '盘龙区', ',2580,2581,', 2581, NULL, NULL, NULL, NULL, NULL, b'0'),
	(2584, '云南省昆明市官渡区', '官渡区', ',2580,2581,', 2581, NULL, NULL, NULL, NULL, NULL, b'0'),
	(2585, '云南省昆明市西山区', '西山区', ',2580,2581,', 2581, NULL, NULL, NULL, NULL, NULL, b'0'),
	(2586, '云南省昆明市东川区', '东川区', ',2580,2581,', 2581, NULL, NULL, NULL, NULL, NULL, b'0'),
	(2587, '云南省昆明市呈贡区', '呈贡区', ',2580,2581,', 2581, NULL, NULL, NULL, NULL, NULL, b'0'),
	(2588, '云南省昆明市晋宁县', '晋宁县', ',2580,2581,', 2581, NULL, NULL, NULL, NULL, NULL, b'0'),
	(2589, '云南省昆明市富民县', '富民县', ',2580,2581,', 2581, NULL, NULL, NULL, NULL, NULL, b'0'),
	(2590, '云南省昆明市宜良县', '宜良县', ',2580,2581,', 2581, NULL, NULL, NULL, NULL, NULL, b'0'),
	(2591, '云南省昆明市石林彝族自治县', '石林彝族自治县', ',2580,2581,', 2581, NULL, NULL, NULL, NULL, NULL, b'0'),
	(2592, '云南省昆明市嵩明县', '嵩明县', ',2580,2581,', 2581, NULL, NULL, NULL, NULL, NULL, b'0'),
	(2593, '云南省昆明市禄劝彝族苗族自治县', '禄劝彝族苗族自治县', ',2580,2581,', 2581, NULL, NULL, NULL, NULL, NULL, b'0'),
	(2594, '云南省昆明市寻甸回族彝族自治县', '寻甸回族彝族自治县', ',2580,2581,', 2581, NULL, NULL, NULL, NULL, NULL, b'0'),
	(2595, '云南省昆明市安宁市', '安宁市', ',2580,2581,', 2581, NULL, NULL, NULL, NULL, NULL, b'0'),
	(2596, '云南省曲靖市', '曲靖市', ',2580,', 2580, NULL, NULL, NULL, NULL, NULL, b'0'),
	(2597, '云南省曲靖市麒麟区', '麒麟区', ',2580,2596,', 2596, NULL, NULL, NULL, NULL, NULL, b'0'),
	(2598, '云南省曲靖市马龙县', '马龙县', ',2580,2596,', 2596, NULL, NULL, NULL, NULL, NULL, b'0'),
	(2599, '云南省曲靖市陆良县', '陆良县', ',2580,2596,', 2596, NULL, NULL, NULL, NULL, NULL, b'0'),
	(2600, '云南省曲靖市师宗县', '师宗县', ',2580,2596,', 2596, NULL, NULL, NULL, NULL, NULL, b'0'),
	(2601, '云南省曲靖市罗平县', '罗平县', ',2580,2596,', 2596, NULL, NULL, NULL, NULL, NULL, b'0'),
	(2602, '云南省曲靖市富源县', '富源县', ',2580,2596,', 2596, NULL, NULL, NULL, NULL, NULL, b'0'),
	(2603, '云南省曲靖市会泽县', '会泽县', ',2580,2596,', 2596, NULL, NULL, NULL, NULL, NULL, b'0'),
	(2604, '云南省曲靖市沾益县', '沾益县', ',2580,2596,', 2596, NULL, NULL, NULL, NULL, NULL, b'0'),
	(2605, '云南省曲靖市宣威市', '宣威市', ',2580,2596,', 2596, NULL, NULL, NULL, NULL, NULL, b'0'),
	(2606, '云南省玉溪市', '玉溪市', ',2580,', 2580, NULL, NULL, NULL, NULL, NULL, b'0'),
	(2607, '云南省玉溪市红塔区', '红塔区', ',2580,2606,', 2606, NULL, NULL, NULL, NULL, NULL, b'0'),
	(2608, '云南省玉溪市江川县', '江川县', ',2580,2606,', 2606, NULL, NULL, NULL, NULL, NULL, b'0'),
	(2609, '云南省玉溪市澄江县', '澄江县', ',2580,2606,', 2606, NULL, NULL, NULL, NULL, NULL, b'0'),
	(2610, '云南省玉溪市通海县', '通海县', ',2580,2606,', 2606, NULL, NULL, NULL, NULL, NULL, b'0'),
	(2611, '云南省玉溪市华宁县', '华宁县', ',2580,2606,', 2606, NULL, NULL, NULL, NULL, NULL, b'0'),
	(2612, '云南省玉溪市易门县', '易门县', ',2580,2606,', 2606, NULL, NULL, NULL, NULL, NULL, b'0'),
	(2613, '云南省玉溪市峨山彝族自治县', '峨山彝族自治县', ',2580,2606,', 2606, NULL, NULL, NULL, NULL, NULL, b'0'),
	(2614, '云南省玉溪市新平彝族傣族自治县', '新平彝族傣族自治县', ',2580,2606,', 2606, NULL, NULL, NULL, NULL, NULL, b'0'),
	(2615, '云南省玉溪市元江哈尼族彝族傣族自治县', '元江哈尼族彝族傣族自治县', ',2580,2606,', 2606, NULL, NULL, NULL, NULL, NULL, b'0'),
	(2616, '云南省保山市', '保山市', ',2580,', 2580, NULL, NULL, NULL, NULL, NULL, b'0'),
	(2617, '云南省保山市隆阳区', '隆阳区', ',2580,2616,', 2616, NULL, NULL, NULL, NULL, NULL, b'0'),
	(2618, '云南省保山市施甸县', '施甸县', ',2580,2616,', 2616, NULL, NULL, NULL, NULL, NULL, b'0'),
	(2619, '云南省保山市腾冲县', '腾冲县', ',2580,2616,', 2616, NULL, NULL, NULL, NULL, NULL, b'0'),
	(2620, '云南省保山市龙陵县', '龙陵县', ',2580,2616,', 2616, NULL, NULL, NULL, NULL, NULL, b'0'),
	(2621, '云南省保山市昌宁县', '昌宁县', ',2580,2616,', 2616, NULL, NULL, NULL, NULL, NULL, b'0'),
	(2622, '云南省昭通市', '昭通市', ',2580,', 2580, NULL, NULL, NULL, NULL, NULL, b'0'),
	(2623, '云南省昭通市昭阳区', '昭阳区', ',2580,2622,', 2622, NULL, NULL, NULL, NULL, NULL, b'0'),
	(2624, '云南省昭通市鲁甸县', '鲁甸县', ',2580,2622,', 2622, NULL, NULL, NULL, NULL, NULL, b'0'),
	(2625, '云南省昭通市巧家县', '巧家县', ',2580,2622,', 2622, NULL, NULL, NULL, NULL, NULL, b'0'),
	(2626, '云南省昭通市盐津县', '盐津县', ',2580,2622,', 2622, NULL, NULL, NULL, NULL, NULL, b'0'),
	(2627, '云南省昭通市大关县', '大关县', ',2580,2622,', 2622, NULL, NULL, NULL, NULL, NULL, b'0'),
	(2628, '云南省昭通市永善县', '永善县', ',2580,2622,', 2622, NULL, NULL, NULL, NULL, NULL, b'0'),
	(2629, '云南省昭通市绥江县', '绥江县', ',2580,2622,', 2622, NULL, NULL, NULL, NULL, NULL, b'0'),
	(2630, '云南省昭通市镇雄县', '镇雄县', ',2580,2622,', 2622, NULL, NULL, NULL, NULL, NULL, b'0'),
	(2631, '云南省昭通市彝良县', '彝良县', ',2580,2622,', 2622, NULL, NULL, NULL, NULL, NULL, b'0'),
	(2632, '云南省昭通市威信县', '威信县', ',2580,2622,', 2622, NULL, NULL, NULL, NULL, NULL, b'0'),
	(2633, '云南省昭通市水富县', '水富县', ',2580,2622,', 2622, NULL, NULL, NULL, NULL, NULL, b'0'),
	(2634, '云南省丽江市', '丽江市', ',2580,', 2580, NULL, NULL, NULL, NULL, NULL, b'0'),
	(2635, '云南省丽江市古城区', '古城区', ',2580,2634,', 2634, NULL, NULL, NULL, NULL, NULL, b'0'),
	(2636, '云南省丽江市玉龙纳西族自治县', '玉龙纳西族自治县', ',2580,2634,', 2634, NULL, NULL, NULL, NULL, NULL, b'0'),
	(2637, '云南省丽江市永胜县', '永胜县', ',2580,2634,', 2634, NULL, NULL, NULL, NULL, NULL, b'0'),
	(2638, '云南省丽江市华坪县', '华坪县', ',2580,2634,', 2634, NULL, NULL, NULL, NULL, NULL, b'0'),
	(2639, '云南省丽江市宁蒗彝族自治县', '宁蒗彝族自治县', ',2580,2634,', 2634, NULL, NULL, NULL, NULL, NULL, b'0'),
	(2640, '云南省普洱市', '普洱市', ',2580,', 2580, NULL, NULL, NULL, NULL, NULL, b'0'),
	(2641, '云南省普洱市思茅区', '思茅区', ',2580,2640,', 2640, NULL, NULL, NULL, NULL, NULL, b'0'),
	(2642, '云南省普洱市宁洱哈尼族彝族自治县', '宁洱哈尼族彝族自治县', ',2580,2640,', 2640, NULL, NULL, NULL, NULL, NULL, b'0'),
	(2643, '云南省普洱市墨江哈尼族自治县', '墨江哈尼族自治县', ',2580,2640,', 2640, NULL, NULL, NULL, NULL, NULL, b'0'),
	(2644, '云南省普洱市景东彝族自治县', '景东彝族自治县', ',2580,2640,', 2640, NULL, NULL, NULL, NULL, NULL, b'0'),
	(2645, '云南省普洱市景谷傣族彝族自治县', '景谷傣族彝族自治县', ',2580,2640,', 2640, NULL, NULL, NULL, NULL, NULL, b'0'),
	(2646, '云南省普洱市镇沅彝族哈尼族拉祜族自治县', '镇沅彝族哈尼族拉祜族自治县', ',2580,2640,', 2640, NULL, NULL, NULL, NULL, NULL, b'0'),
	(2647, '云南省普洱市江城哈尼族彝族自治县', '江城哈尼族彝族自治县', ',2580,2640,', 2640, NULL, NULL, NULL, NULL, NULL, b'0'),
	(2648, '云南省普洱市孟连傣族拉祜族佤族自治县', '孟连傣族拉祜族佤族自治县', ',2580,2640,', 2640, NULL, NULL, NULL, NULL, NULL, b'0'),
	(2649, '云南省普洱市澜沧拉祜族自治县', '澜沧拉祜族自治县', ',2580,2640,', 2640, NULL, NULL, NULL, NULL, NULL, b'0'),
	(2650, '云南省普洱市西盟佤族自治县', '西盟佤族自治县', ',2580,2640,', 2640, NULL, NULL, NULL, NULL, NULL, b'0'),
	(2651, '云南省临沧市', '临沧市', ',2580,', 2580, NULL, NULL, NULL, NULL, NULL, b'0'),
	(2652, '云南省临沧市临翔区', '临翔区', ',2580,2651,', 2651, NULL, NULL, NULL, NULL, NULL, b'0'),
	(2653, '云南省临沧市凤庆县', '凤庆县', ',2580,2651,', 2651, NULL, NULL, NULL, NULL, NULL, b'0'),
	(2654, '云南省临沧市云县', '云县', ',2580,2651,', 2651, NULL, NULL, NULL, NULL, NULL, b'0'),
	(2655, '云南省临沧市永德县', '永德县', ',2580,2651,', 2651, NULL, NULL, NULL, NULL, NULL, b'0'),
	(2656, '云南省临沧市镇康县', '镇康县', ',2580,2651,', 2651, NULL, NULL, NULL, NULL, NULL, b'0'),
	(2657, '云南省临沧市双江拉祜族佤族布朗族傣族自治县', '双江拉祜族佤族布朗族傣族自治县', ',2580,2651,', 2651, NULL, NULL, NULL, NULL, NULL, b'0'),
	(2658, '云南省临沧市耿马傣族佤族自治县', '耿马傣族佤族自治县', ',2580,2651,', 2651, NULL, NULL, NULL, NULL, NULL, b'0'),
	(2659, '云南省临沧市沧源佤族自治县', '沧源佤族自治县', ',2580,2651,', 2651, NULL, NULL, NULL, NULL, NULL, b'0'),
	(2660, '云南省楚雄彝族自治州', '楚雄彝族自治州', ',2580,', 2580, NULL, NULL, NULL, NULL, NULL, b'0'),
	(2661, '云南省楚雄彝族自治州楚雄市', '楚雄市', ',2580,2660,', 2660, NULL, NULL, NULL, NULL, NULL, b'0'),
	(2662, '云南省楚雄彝族自治州双柏县', '双柏县', ',2580,2660,', 2660, NULL, NULL, NULL, NULL, NULL, b'0'),
	(2663, '云南省楚雄彝族自治州牟定县', '牟定县', ',2580,2660,', 2660, NULL, NULL, NULL, NULL, NULL, b'0'),
	(2664, '云南省楚雄彝族自治州南华县', '南华县', ',2580,2660,', 2660, NULL, NULL, NULL, NULL, NULL, b'0'),
	(2665, '云南省楚雄彝族自治州姚安县', '姚安县', ',2580,2660,', 2660, NULL, NULL, NULL, NULL, NULL, b'0'),
	(2666, '云南省楚雄彝族自治州大姚县', '大姚县', ',2580,2660,', 2660, NULL, NULL, NULL, NULL, NULL, b'0'),
	(2667, '云南省楚雄彝族自治州永仁县', '永仁县', ',2580,2660,', 2660, NULL, NULL, NULL, NULL, NULL, b'0'),
	(2668, '云南省楚雄彝族自治州元谋县', '元谋县', ',2580,2660,', 2660, NULL, NULL, NULL, NULL, NULL, b'0'),
	(2669, '云南省楚雄彝族自治州武定县', '武定县', ',2580,2660,', 2660, NULL, NULL, NULL, NULL, NULL, b'0'),
	(2670, '云南省楚雄彝族自治州禄丰县', '禄丰县', ',2580,2660,', 2660, NULL, NULL, NULL, NULL, NULL, b'0'),
	(2671, '云南省红河哈尼族彝族自治州', '红河哈尼族彝族自治州', ',2580,', 2580, NULL, NULL, NULL, NULL, NULL, b'0'),
	(2672, '云南省红河哈尼族彝族自治州个旧市', '个旧市', ',2580,2671,', 2671, NULL, NULL, NULL, NULL, NULL, b'0'),
	(2673, '云南省红河哈尼族彝族自治州开远市', '开远市', ',2580,2671,', 2671, NULL, NULL, NULL, NULL, NULL, b'0'),
	(2674, '云南省红河哈尼族彝族自治州蒙自市', '蒙自市', ',2580,2671,', 2671, NULL, NULL, NULL, NULL, NULL, b'0'),
	(2675, '云南省红河哈尼族彝族自治州屏边苗族自治县', '屏边苗族自治县', ',2580,2671,', 2671, NULL, NULL, NULL, NULL, NULL, b'0'),
	(2676, '云南省红河哈尼族彝族自治州建水县', '建水县', ',2580,2671,', 2671, NULL, NULL, NULL, NULL, NULL, b'0'),
	(2677, '云南省红河哈尼族彝族自治州石屏县', '石屏县', ',2580,2671,', 2671, NULL, NULL, NULL, NULL, NULL, b'0'),
	(2678, '云南省红河哈尼族彝族自治州弥勒县', '弥勒县', ',2580,2671,', 2671, NULL, NULL, NULL, NULL, NULL, b'0'),
	(2679, '云南省红河哈尼族彝族自治州泸西县', '泸西县', ',2580,2671,', 2671, NULL, NULL, NULL, NULL, NULL, b'0'),
	(2680, '云南省红河哈尼族彝族自治州元阳县', '元阳县', ',2580,2671,', 2671, NULL, NULL, NULL, NULL, NULL, b'0'),
	(2681, '云南省红河哈尼族彝族自治州红河县', '红河县', ',2580,2671,', 2671, NULL, NULL, NULL, NULL, NULL, b'0'),
	(2682, '云南省红河哈尼族彝族自治州金平苗族瑶族傣族自治县', '金平苗族瑶族傣族自治县', ',2580,2671,', 2671, NULL, NULL, NULL, NULL, NULL, b'0'),
	(2683, '云南省红河哈尼族彝族自治州绿春县', '绿春县', ',2580,2671,', 2671, NULL, NULL, NULL, NULL, NULL, b'0'),
	(2684, '云南省红河哈尼族彝族自治州河口瑶族自治县', '河口瑶族自治县', ',2580,2671,', 2671, NULL, NULL, NULL, NULL, NULL, b'0'),
	(2685, '云南省文山壮族苗族自治州', '文山壮族苗族自治州', ',2580,', 2580, NULL, NULL, NULL, NULL, NULL, b'0'),
	(2686, '云南省文山壮族苗族自治州文山市', '文山市', ',2580,2685,', 2685, NULL, NULL, NULL, NULL, NULL, b'0'),
	(2687, '云南省文山壮族苗族自治州砚山县', '砚山县', ',2580,2685,', 2685, NULL, NULL, NULL, NULL, NULL, b'0'),
	(2688, '云南省文山壮族苗族自治州西畴县', '西畴县', ',2580,2685,', 2685, NULL, NULL, NULL, NULL, NULL, b'0'),
	(2689, '云南省文山壮族苗族自治州麻栗坡县', '麻栗坡县', ',2580,2685,', 2685, NULL, NULL, NULL, NULL, NULL, b'0'),
	(2690, '云南省文山壮族苗族自治州马关县', '马关县', ',2580,2685,', 2685, NULL, NULL, NULL, NULL, NULL, b'0'),
	(2691, '云南省文山壮族苗族自治州丘北县', '丘北县', ',2580,2685,', 2685, NULL, NULL, NULL, NULL, NULL, b'0'),
	(2692, '云南省文山壮族苗族自治州广南县', '广南县', ',2580,2685,', 2685, NULL, NULL, NULL, NULL, NULL, b'0'),
	(2693, '云南省文山壮族苗族自治州富宁县', '富宁县', ',2580,2685,', 2685, NULL, NULL, NULL, NULL, NULL, b'0'),
	(2694, '云南省西双版纳傣族自治州', '西双版纳傣族自治州', ',2580,', 2580, NULL, NULL, NULL, NULL, NULL, b'0'),
	(2695, '云南省西双版纳傣族自治州景洪市', '景洪市', ',2580,2694,', 2694, NULL, NULL, NULL, NULL, NULL, b'0'),
	(2696, '云南省西双版纳傣族自治州勐海县', '勐海县', ',2580,2694,', 2694, NULL, NULL, NULL, NULL, NULL, b'0'),
	(2697, '云南省西双版纳傣族自治州勐腊县', '勐腊县', ',2580,2694,', 2694, NULL, NULL, NULL, NULL, NULL, b'0'),
	(2698, '云南省大理白族自治州', '大理白族自治州', ',2580,', 2580, NULL, NULL, NULL, NULL, NULL, b'0'),
	(2699, '云南省大理白族自治州大理市', '大理市', ',2580,2698,', 2698, NULL, NULL, NULL, NULL, NULL, b'0'),
	(2700, '云南省大理白族自治州漾濞彝族自治县', '漾濞彝族自治县', ',2580,2698,', 2698, NULL, NULL, NULL, NULL, NULL, b'0'),
	(2701, '云南省大理白族自治州祥云县', '祥云县', ',2580,2698,', 2698, NULL, NULL, NULL, NULL, NULL, b'0'),
	(2702, '云南省大理白族自治州宾川县', '宾川县', ',2580,2698,', 2698, NULL, NULL, NULL, NULL, NULL, b'0'),
	(2703, '云南省大理白族自治州弥渡县', '弥渡县', ',2580,2698,', 2698, NULL, NULL, NULL, NULL, NULL, b'0'),
	(2704, '云南省大理白族自治州南涧彝族自治县', '南涧彝族自治县', ',2580,2698,', 2698, NULL, NULL, NULL, NULL, NULL, b'0'),
	(2705, '云南省大理白族自治州巍山彝族回族自治县', '巍山彝族回族自治县', ',2580,2698,', 2698, NULL, NULL, NULL, NULL, NULL, b'0'),
	(2706, '云南省大理白族自治州永平县', '永平县', ',2580,2698,', 2698, NULL, NULL, NULL, NULL, NULL, b'0'),
	(2707, '云南省大理白族自治州云龙县', '云龙县', ',2580,2698,', 2698, NULL, NULL, NULL, NULL, NULL, b'0'),
	(2708, '云南省大理白族自治州洱源县', '洱源县', ',2580,2698,', 2698, NULL, NULL, NULL, NULL, NULL, b'0'),
	(2709, '云南省大理白族自治州剑川县', '剑川县', ',2580,2698,', 2698, NULL, NULL, NULL, NULL, NULL, b'0'),
	(2710, '云南省大理白族自治州鹤庆县', '鹤庆县', ',2580,2698,', 2698, NULL, NULL, NULL, NULL, NULL, b'0'),
	(2711, '云南省德宏傣族景颇族自治州', '德宏傣族景颇族自治州', ',2580,', 2580, NULL, NULL, NULL, NULL, NULL, b'0'),
	(2712, '云南省德宏傣族景颇族自治州瑞丽市', '瑞丽市', ',2580,2711,', 2711, NULL, NULL, NULL, NULL, NULL, b'0'),
	(2713, '云南省德宏傣族景颇族自治州芒市', '芒市', ',2580,2711,', 2711, NULL, NULL, NULL, NULL, NULL, b'0'),
	(2714, '云南省德宏傣族景颇族自治州梁河县', '梁河县', ',2580,2711,', 2711, NULL, NULL, NULL, NULL, NULL, b'0'),
	(2715, '云南省德宏傣族景颇族自治州盈江县', '盈江县', ',2580,2711,', 2711, NULL, NULL, NULL, NULL, NULL, b'0'),
	(2716, '云南省德宏傣族景颇族自治州陇川县', '陇川县', ',2580,2711,', 2711, NULL, NULL, NULL, NULL, NULL, b'0'),
	(2717, '云南省怒江傈僳族自治州', '怒江傈僳族自治州', ',2580,', 2580, NULL, NULL, NULL, NULL, NULL, b'0'),
	(2718, '云南省怒江傈僳族自治州泸水县', '泸水县', ',2580,2717,', 2717, NULL, NULL, NULL, NULL, NULL, b'0'),
	(2719, '云南省怒江傈僳族自治州福贡县', '福贡县', ',2580,2717,', 2717, NULL, NULL, NULL, NULL, NULL, b'0'),
	(2720, '云南省怒江傈僳族自治州贡山独龙族怒族自治县', '贡山独龙族怒族自治县', ',2580,2717,', 2717, NULL, NULL, NULL, NULL, NULL, b'0'),
	(2721, '云南省怒江傈僳族自治州兰坪白族普米族自治县', '兰坪白族普米族自治县', ',2580,2717,', 2717, NULL, NULL, NULL, NULL, NULL, b'0'),
	(2722, '云南省迪庆藏族自治州', '迪庆藏族自治州', ',2580,', 2580, NULL, NULL, NULL, NULL, NULL, b'0'),
	(2723, '云南省迪庆藏族自治州香格里拉县', '香格里拉县', ',2580,2722,', 2722, NULL, NULL, NULL, NULL, NULL, b'0'),
	(2724, '云南省迪庆藏族自治州德钦县', '德钦县', ',2580,2722,', 2722, NULL, NULL, NULL, NULL, NULL, b'0'),
	(2725, '云南省迪庆藏族自治州维西傈僳族自治县', '维西傈僳族自治县', ',2580,2722,', 2722, NULL, NULL, NULL, NULL, NULL, b'0'),
	(2726, '西藏自治区', '西藏自治区', ',', NULL, NULL, NULL, NULL, NULL, NULL, b'0'),
	(2727, '西藏自治区拉萨市', '拉萨市', ',2726,', 2726, NULL, NULL, NULL, NULL, NULL, b'0'),
	(2728, '西藏自治区拉萨市城关区', '城关区', ',2726,2727,', 2727, NULL, NULL, NULL, NULL, NULL, b'0'),
	(2729, '西藏自治区拉萨市林周县', '林周县', ',2726,2727,', 2727, NULL, NULL, NULL, NULL, NULL, b'0'),
	(2730, '西藏自治区拉萨市当雄县', '当雄县', ',2726,2727,', 2727, NULL, NULL, NULL, NULL, NULL, b'0'),
	(2731, '西藏自治区拉萨市尼木县', '尼木县', ',2726,2727,', 2727, NULL, NULL, NULL, NULL, NULL, b'0'),
	(2732, '西藏自治区拉萨市曲水县', '曲水县', ',2726,2727,', 2727, NULL, NULL, NULL, NULL, NULL, b'0'),
	(2733, '西藏自治区拉萨市堆龙德庆县', '堆龙德庆县', ',2726,2727,', 2727, NULL, NULL, NULL, NULL, NULL, b'0'),
	(2734, '西藏自治区拉萨市达孜县', '达孜县', ',2726,2727,', 2727, NULL, NULL, NULL, NULL, NULL, b'0'),
	(2735, '西藏自治区拉萨市墨竹工卡县', '墨竹工卡县', ',2726,2727,', 2727, NULL, NULL, NULL, NULL, NULL, b'0'),
	(2736, '西藏自治区昌都地区', '昌都地区', ',2726,', 2726, NULL, NULL, NULL, NULL, NULL, b'0'),
	(2737, '西藏自治区昌都地区昌都县', '昌都县', ',2726,2736,', 2736, NULL, NULL, NULL, NULL, NULL, b'0'),
	(2738, '西藏自治区昌都地区江达县', '江达县', ',2726,2736,', 2736, NULL, NULL, NULL, NULL, NULL, b'0'),
	(2739, '西藏自治区昌都地区贡觉县', '贡觉县', ',2726,2736,', 2736, NULL, NULL, NULL, NULL, NULL, b'0'),
	(2740, '西藏自治区昌都地区类乌齐县', '类乌齐县', ',2726,2736,', 2736, NULL, NULL, NULL, NULL, NULL, b'0'),
	(2741, '西藏自治区昌都地区丁青县', '丁青县', ',2726,2736,', 2736, NULL, NULL, NULL, NULL, NULL, b'0'),
	(2742, '西藏自治区昌都地区察雅县', '察雅县', ',2726,2736,', 2736, NULL, NULL, NULL, NULL, NULL, b'0'),
	(2743, '西藏自治区昌都地区八宿县', '八宿县', ',2726,2736,', 2736, NULL, NULL, NULL, NULL, NULL, b'0'),
	(2744, '西藏自治区昌都地区左贡县', '左贡县', ',2726,2736,', 2736, NULL, NULL, NULL, NULL, NULL, b'0'),
	(2745, '西藏自治区昌都地区芒康县', '芒康县', ',2726,2736,', 2736, NULL, NULL, NULL, NULL, NULL, b'0'),
	(2746, '西藏自治区昌都地区洛隆县', '洛隆县', ',2726,2736,', 2736, NULL, NULL, NULL, NULL, NULL, b'0'),
	(2747, '西藏自治区昌都地区边坝县', '边坝县', ',2726,2736,', 2736, NULL, NULL, NULL, NULL, NULL, b'0'),
	(2748, '西藏自治区山南地区', '山南地区', ',2726,', 2726, NULL, NULL, NULL, NULL, NULL, b'0'),
	(2749, '西藏自治区山南地区乃东县', '乃东县', ',2726,2748,', 2748, NULL, NULL, NULL, NULL, NULL, b'0'),
	(2750, '西藏自治区山南地区扎囊县', '扎囊县', ',2726,2748,', 2748, NULL, NULL, NULL, NULL, NULL, b'0'),
	(2751, '西藏自治区山南地区贡嘎县', '贡嘎县', ',2726,2748,', 2748, NULL, NULL, NULL, NULL, NULL, b'0'),
	(2752, '西藏自治区山南地区桑日县', '桑日县', ',2726,2748,', 2748, NULL, NULL, NULL, NULL, NULL, b'0'),
	(2753, '西藏自治区山南地区琼结县', '琼结县', ',2726,2748,', 2748, NULL, NULL, NULL, NULL, NULL, b'0'),
	(2754, '西藏自治区山南地区曲松县', '曲松县', ',2726,2748,', 2748, NULL, NULL, NULL, NULL, NULL, b'0'),
	(2755, '西藏自治区山南地区措美县', '措美县', ',2726,2748,', 2748, NULL, NULL, NULL, NULL, NULL, b'0'),
	(2756, '西藏自治区山南地区洛扎县', '洛扎县', ',2726,2748,', 2748, NULL, NULL, NULL, NULL, NULL, b'0'),
	(2757, '西藏自治区山南地区加查县', '加查县', ',2726,2748,', 2748, NULL, NULL, NULL, NULL, NULL, b'0'),
	(2758, '西藏自治区山南地区隆子县', '隆子县', ',2726,2748,', 2748, NULL, NULL, NULL, NULL, NULL, b'0'),
	(2759, '西藏自治区山南地区错那县', '错那县', ',2726,2748,', 2748, NULL, NULL, NULL, NULL, NULL, b'0'),
	(2760, '西藏自治区山南地区浪卡子县', '浪卡子县', ',2726,2748,', 2748, NULL, NULL, NULL, NULL, NULL, b'0'),
	(2761, '西藏自治区日喀则地区', '日喀则地区', ',2726,', 2726, NULL, NULL, NULL, NULL, NULL, b'0'),
	(2762, '西藏自治区日喀则地区日喀则市', '日喀则市', ',2726,2761,', 2761, NULL, NULL, NULL, NULL, NULL, b'0'),
	(2763, '西藏自治区日喀则地区南木林县', '南木林县', ',2726,2761,', 2761, NULL, NULL, NULL, NULL, NULL, b'0'),
	(2764, '西藏自治区日喀则地区江孜县', '江孜县', ',2726,2761,', 2761, NULL, NULL, NULL, NULL, NULL, b'0'),
	(2765, '西藏自治区日喀则地区定日县', '定日县', ',2726,2761,', 2761, NULL, NULL, NULL, NULL, NULL, b'0'),
	(2766, '西藏自治区日喀则地区萨迦县', '萨迦县', ',2726,2761,', 2761, NULL, NULL, NULL, NULL, NULL, b'0'),
	(2767, '西藏自治区日喀则地区拉孜县', '拉孜县', ',2726,2761,', 2761, NULL, NULL, NULL, NULL, NULL, b'0'),
	(2768, '西藏自治区日喀则地区昂仁县', '昂仁县', ',2726,2761,', 2761, NULL, NULL, NULL, NULL, NULL, b'0'),
	(2769, '西藏自治区日喀则地区谢通门县', '谢通门县', ',2726,2761,', 2761, NULL, NULL, NULL, NULL, NULL, b'0'),
	(2770, '西藏自治区日喀则地区白朗县', '白朗县', ',2726,2761,', 2761, NULL, NULL, NULL, NULL, NULL, b'0'),
	(2771, '西藏自治区日喀则地区仁布县', '仁布县', ',2726,2761,', 2761, NULL, NULL, NULL, NULL, NULL, b'0'),
	(2772, '西藏自治区日喀则地区康马县', '康马县', ',2726,2761,', 2761, NULL, NULL, NULL, NULL, NULL, b'0'),
	(2773, '西藏自治区日喀则地区定结县', '定结县', ',2726,2761,', 2761, NULL, NULL, NULL, NULL, NULL, b'0'),
	(2774, '西藏自治区日喀则地区仲巴县', '仲巴县', ',2726,2761,', 2761, NULL, NULL, NULL, NULL, NULL, b'0'),
	(2775, '西藏自治区日喀则地区亚东县', '亚东县', ',2726,2761,', 2761, NULL, NULL, NULL, NULL, NULL, b'0'),
	(2776, '西藏自治区日喀则地区吉隆县', '吉隆县', ',2726,2761,', 2761, NULL, NULL, NULL, NULL, NULL, b'0'),
	(2777, '西藏自治区日喀则地区聂拉木县', '聂拉木县', ',2726,2761,', 2761, NULL, NULL, NULL, NULL, NULL, b'0'),
	(2778, '西藏自治区日喀则地区萨嘎县', '萨嘎县', ',2726,2761,', 2761, NULL, NULL, NULL, NULL, NULL, b'0'),
	(2779, '西藏自治区日喀则地区岗巴县', '岗巴县', ',2726,2761,', 2761, NULL, NULL, NULL, NULL, NULL, b'0'),
	(2780, '西藏自治区那曲地区', '那曲地区', ',2726,', 2726, NULL, NULL, NULL, NULL, NULL, b'0'),
	(2781, '西藏自治区那曲地区那曲县', '那曲县', ',2726,2780,', 2780, NULL, NULL, NULL, NULL, NULL, b'0'),
	(2782, '西藏自治区那曲地区嘉黎县', '嘉黎县', ',2726,2780,', 2780, NULL, NULL, NULL, NULL, NULL, b'0'),
	(2783, '西藏自治区那曲地区比如县', '比如县', ',2726,2780,', 2780, NULL, NULL, NULL, NULL, NULL, b'0'),
	(2784, '西藏自治区那曲地区聂荣县', '聂荣县', ',2726,2780,', 2780, NULL, NULL, NULL, NULL, NULL, b'0'),
	(2785, '西藏自治区那曲地区安多县', '安多县', ',2726,2780,', 2780, NULL, NULL, NULL, NULL, NULL, b'0'),
	(2786, '西藏自治区那曲地区申扎县', '申扎县', ',2726,2780,', 2780, NULL, NULL, NULL, NULL, NULL, b'0'),
	(2787, '西藏自治区那曲地区索县', '索县', ',2726,2780,', 2780, NULL, NULL, NULL, NULL, NULL, b'0'),
	(2788, '西藏自治区那曲地区班戈县', '班戈县', ',2726,2780,', 2780, NULL, NULL, NULL, NULL, NULL, b'0'),
	(2789, '西藏自治区那曲地区巴青县', '巴青县', ',2726,2780,', 2780, NULL, NULL, NULL, NULL, NULL, b'0'),
	(2790, '西藏自治区那曲地区尼玛县', '尼玛县', ',2726,2780,', 2780, NULL, NULL, NULL, NULL, NULL, b'0'),
	(2791, '西藏自治区阿里地区', '阿里地区', ',2726,', 2726, NULL, NULL, NULL, NULL, NULL, b'0'),
	(2792, '西藏自治区阿里地区普兰县', '普兰县', ',2726,2791,', 2791, NULL, NULL, NULL, NULL, NULL, b'0'),
	(2793, '西藏自治区阿里地区札达县', '札达县', ',2726,2791,', 2791, NULL, NULL, NULL, NULL, NULL, b'0'),
	(2794, '西藏自治区阿里地区噶尔县', '噶尔县', ',2726,2791,', 2791, NULL, NULL, NULL, NULL, NULL, b'0'),
	(2795, '西藏自治区阿里地区日土县', '日土县', ',2726,2791,', 2791, NULL, NULL, NULL, NULL, NULL, b'0'),
	(2796, '西藏自治区阿里地区革吉县', '革吉县', ',2726,2791,', 2791, NULL, NULL, NULL, NULL, NULL, b'0'),
	(2797, '西藏自治区阿里地区改则县', '改则县', ',2726,2791,', 2791, NULL, NULL, NULL, NULL, NULL, b'0'),
	(2798, '西藏自治区阿里地区措勤县', '措勤县', ',2726,2791,', 2791, NULL, NULL, NULL, NULL, NULL, b'0'),
	(2799, '西藏自治区林芝地区', '林芝地区', ',2726,', 2726, NULL, NULL, NULL, NULL, NULL, b'0'),
	(2800, '西藏自治区林芝地区林芝县', '林芝县', ',2726,2799,', 2799, NULL, NULL, NULL, NULL, NULL, b'0'),
	(2801, '西藏自治区林芝地区工布江达县', '工布江达县', ',2726,2799,', 2799, NULL, NULL, NULL, NULL, NULL, b'0'),
	(2802, '西藏自治区林芝地区米林县', '米林县', ',2726,2799,', 2799, NULL, NULL, NULL, NULL, NULL, b'0'),
	(2803, '西藏自治区林芝地区墨脱县', '墨脱县', ',2726,2799,', 2799, NULL, NULL, NULL, NULL, NULL, b'0'),
	(2804, '西藏自治区林芝地区波密县', '波密县', ',2726,2799,', 2799, NULL, NULL, NULL, NULL, NULL, b'0'),
	(2805, '西藏自治区林芝地区察隅县', '察隅县', ',2726,2799,', 2799, NULL, NULL, NULL, NULL, NULL, b'0'),
	(2806, '西藏自治区林芝地区朗县', '朗县', ',2726,2799,', 2799, NULL, NULL, NULL, NULL, NULL, b'0'),
	(2807, '陕西省', '陕西省', ',', NULL, NULL, NULL, NULL, NULL, NULL, b'0'),
	(2808, '陕西省西安市', '西安市', ',2807,', 2807, NULL, NULL, NULL, NULL, NULL, b'0'),
	(2809, '陕西省西安市新城区', '新城区', ',2807,2808,', 2808, NULL, NULL, NULL, NULL, NULL, b'0'),
	(2810, '陕西省西安市碑林区', '碑林区', ',2807,2808,', 2808, NULL, NULL, NULL, NULL, NULL, b'0'),
	(2811, '陕西省西安市莲湖区', '莲湖区', ',2807,2808,', 2808, NULL, NULL, NULL, NULL, NULL, b'0'),
	(2812, '陕西省西安市灞桥区', '灞桥区', ',2807,2808,', 2808, NULL, NULL, NULL, NULL, NULL, b'0'),
	(2813, '陕西省西安市未央区', '未央区', ',2807,2808,', 2808, NULL, NULL, NULL, NULL, NULL, b'0'),
	(2814, '陕西省西安市雁塔区', '雁塔区', ',2807,2808,', 2808, NULL, NULL, NULL, NULL, NULL, b'0'),
	(2815, '陕西省西安市阎良区', '阎良区', ',2807,2808,', 2808, NULL, NULL, NULL, NULL, NULL, b'0'),
	(2816, '陕西省西安市临潼区', '临潼区', ',2807,2808,', 2808, NULL, NULL, NULL, NULL, NULL, b'0'),
	(2817, '陕西省西安市长安区', '长安区', ',2807,2808,', 2808, NULL, NULL, NULL, NULL, NULL, b'0'),
	(2818, '陕西省西安市蓝田县', '蓝田县', ',2807,2808,', 2808, NULL, NULL, NULL, NULL, NULL, b'0'),
	(2819, '陕西省西安市周至县', '周至县', ',2807,2808,', 2808, NULL, NULL, NULL, NULL, NULL, b'0'),
	(2820, '陕西省西安市户县', '户县', ',2807,2808,', 2808, NULL, NULL, NULL, NULL, NULL, b'0'),
	(2821, '陕西省西安市高陵县', '高陵县', ',2807,2808,', 2808, NULL, NULL, NULL, NULL, NULL, b'0'),
	(2822, '陕西省铜川市', '铜川市', ',2807,', 2807, NULL, NULL, NULL, NULL, NULL, b'0'),
	(2823, '陕西省铜川市王益区', '王益区', ',2807,2822,', 2822, NULL, NULL, NULL, NULL, NULL, b'0'),
	(2824, '陕西省铜川市印台区', '印台区', ',2807,2822,', 2822, NULL, NULL, NULL, NULL, NULL, b'0'),
	(2825, '陕西省铜川市耀州区', '耀州区', ',2807,2822,', 2822, NULL, NULL, NULL, NULL, NULL, b'0'),
	(2826, '陕西省铜川市宜君县', '宜君县', ',2807,2822,', 2822, NULL, NULL, NULL, NULL, NULL, b'0'),
	(2827, '陕西省宝鸡市', '宝鸡市', ',2807,', 2807, NULL, NULL, NULL, NULL, NULL, b'0'),
	(2828, '陕西省宝鸡市渭滨区', '渭滨区', ',2807,2827,', 2827, NULL, NULL, NULL, NULL, NULL, b'0'),
	(2829, '陕西省宝鸡市金台区', '金台区', ',2807,2827,', 2827, NULL, NULL, NULL, NULL, NULL, b'0'),
	(2830, '陕西省宝鸡市陈仓区', '陈仓区', ',2807,2827,', 2827, NULL, NULL, NULL, NULL, NULL, b'0'),
	(2831, '陕西省宝鸡市凤翔县', '凤翔县', ',2807,2827,', 2827, NULL, NULL, NULL, NULL, NULL, b'0'),
	(2832, '陕西省宝鸡市岐山县', '岐山县', ',2807,2827,', 2827, NULL, NULL, NULL, NULL, NULL, b'0'),
	(2833, '陕西省宝鸡市扶风县', '扶风县', ',2807,2827,', 2827, NULL, NULL, NULL, NULL, NULL, b'0'),
	(2834, '陕西省宝鸡市眉县', '眉县', ',2807,2827,', 2827, NULL, NULL, NULL, NULL, NULL, b'0'),
	(2835, '陕西省宝鸡市陇县', '陇县', ',2807,2827,', 2827, NULL, NULL, NULL, NULL, NULL, b'0'),
	(2836, '陕西省宝鸡市千阳县', '千阳县', ',2807,2827,', 2827, NULL, NULL, NULL, NULL, NULL, b'0'),
	(2837, '陕西省宝鸡市麟游县', '麟游县', ',2807,2827,', 2827, NULL, NULL, NULL, NULL, NULL, b'0'),
	(2838, '陕西省宝鸡市凤县', '凤县', ',2807,2827,', 2827, NULL, NULL, NULL, NULL, NULL, b'0'),
	(2839, '陕西省宝鸡市太白县', '太白县', ',2807,2827,', 2827, NULL, NULL, NULL, NULL, NULL, b'0'),
	(2840, '陕西省咸阳市', '咸阳市', ',2807,', 2807, NULL, NULL, NULL, NULL, NULL, b'0'),
	(2841, '陕西省咸阳市秦都区', '秦都区', ',2807,2840,', 2840, NULL, NULL, NULL, NULL, NULL, b'0'),
	(2842, '陕西省咸阳市杨陵区', '杨陵区', ',2807,2840,', 2840, NULL, NULL, NULL, NULL, NULL, b'0'),
	(2843, '陕西省咸阳市渭城区', '渭城区', ',2807,2840,', 2840, NULL, NULL, NULL, NULL, NULL, b'0'),
	(2844, '陕西省咸阳市三原县', '三原县', ',2807,2840,', 2840, NULL, NULL, NULL, NULL, NULL, b'0'),
	(2845, '陕西省咸阳市泾阳县', '泾阳县', ',2807,2840,', 2840, NULL, NULL, NULL, NULL, NULL, b'0'),
	(2846, '陕西省咸阳市乾县', '乾县', ',2807,2840,', 2840, NULL, NULL, NULL, NULL, NULL, b'0'),
	(2847, '陕西省咸阳市礼泉县', '礼泉县', ',2807,2840,', 2840, NULL, NULL, NULL, NULL, NULL, b'0'),
	(2848, '陕西省咸阳市永寿县', '永寿县', ',2807,2840,', 2840, NULL, NULL, NULL, NULL, NULL, b'0'),
	(2849, '陕西省咸阳市彬县', '彬县', ',2807,2840,', 2840, NULL, NULL, NULL, NULL, NULL, b'0'),
	(2850, '陕西省咸阳市长武县', '长武县', ',2807,2840,', 2840, NULL, NULL, NULL, NULL, NULL, b'0'),
	(2851, '陕西省咸阳市旬邑县', '旬邑县', ',2807,2840,', 2840, NULL, NULL, NULL, NULL, NULL, b'0'),
	(2852, '陕西省咸阳市淳化县', '淳化县', ',2807,2840,', 2840, NULL, NULL, NULL, NULL, NULL, b'0'),
	(2853, '陕西省咸阳市武功县', '武功县', ',2807,2840,', 2840, NULL, NULL, NULL, NULL, NULL, b'0'),
	(2854, '陕西省咸阳市兴平市', '兴平市', ',2807,2840,', 2840, NULL, NULL, NULL, NULL, NULL, b'0'),
	(2855, '陕西省渭南市', '渭南市', ',2807,', 2807, NULL, NULL, NULL, NULL, NULL, b'0'),
	(2856, '陕西省渭南市临渭区', '临渭区', ',2807,2855,', 2855, NULL, NULL, NULL, NULL, NULL, b'0'),
	(2857, '陕西省渭南市华县', '华县', ',2807,2855,', 2855, NULL, NULL, NULL, NULL, NULL, b'0'),
	(2858, '陕西省渭南市潼关县', '潼关县', ',2807,2855,', 2855, NULL, NULL, NULL, NULL, NULL, b'0'),
	(2859, '陕西省渭南市大荔县', '大荔县', ',2807,2855,', 2855, NULL, NULL, NULL, NULL, NULL, b'0'),
	(2860, '陕西省渭南市合阳县', '合阳县', ',2807,2855,', 2855, NULL, NULL, NULL, NULL, NULL, b'0'),
	(2861, '陕西省渭南市澄城县', '澄城县', ',2807,2855,', 2855, NULL, NULL, NULL, NULL, NULL, b'0'),
	(2862, '陕西省渭南市蒲城县', '蒲城县', ',2807,2855,', 2855, NULL, NULL, NULL, NULL, NULL, b'0'),
	(2863, '陕西省渭南市白水县', '白水县', ',2807,2855,', 2855, NULL, NULL, NULL, NULL, NULL, b'0'),
	(2864, '陕西省渭南市富平县', '富平县', ',2807,2855,', 2855, NULL, NULL, NULL, NULL, NULL, b'0'),
	(2865, '陕西省渭南市韩城市', '韩城市', ',2807,2855,', 2855, NULL, NULL, NULL, NULL, NULL, b'0'),
	(2866, '陕西省渭南市华阴市', '华阴市', ',2807,2855,', 2855, NULL, NULL, NULL, NULL, NULL, b'0'),
	(2867, '陕西省延安市', '延安市', ',2807,', 2807, NULL, NULL, NULL, NULL, NULL, b'0'),
	(2868, '陕西省延安市宝塔区', '宝塔区', ',2807,2867,', 2867, NULL, NULL, NULL, NULL, NULL, b'0'),
	(2869, '陕西省延安市延长县', '延长县', ',2807,2867,', 2867, NULL, NULL, NULL, NULL, NULL, b'0'),
	(2870, '陕西省延安市延川县', '延川县', ',2807,2867,', 2867, NULL, NULL, NULL, NULL, NULL, b'0'),
	(2871, '陕西省延安市子长县', '子长县', ',2807,2867,', 2867, NULL, NULL, NULL, NULL, NULL, b'0'),
	(2872, '陕西省延安市安塞县', '安塞县', ',2807,2867,', 2867, NULL, NULL, NULL, NULL, NULL, b'0'),
	(2873, '陕西省延安市志丹县', '志丹县', ',2807,2867,', 2867, NULL, NULL, NULL, NULL, NULL, b'0'),
	(2874, '陕西省延安市吴起县', '吴起县', ',2807,2867,', 2867, NULL, NULL, NULL, NULL, NULL, b'0'),
	(2875, '陕西省延安市甘泉县', '甘泉县', ',2807,2867,', 2867, NULL, NULL, NULL, NULL, NULL, b'0'),
	(2876, '陕西省延安市富县', '富县', ',2807,2867,', 2867, NULL, NULL, NULL, NULL, NULL, b'0'),
	(2877, '陕西省延安市洛川县', '洛川县', ',2807,2867,', 2867, NULL, NULL, NULL, NULL, NULL, b'0'),
	(2878, '陕西省延安市宜川县', '宜川县', ',2807,2867,', 2867, NULL, NULL, NULL, NULL, NULL, b'0'),
	(2879, '陕西省延安市黄龙县', '黄龙县', ',2807,2867,', 2867, NULL, NULL, NULL, NULL, NULL, b'0'),
	(2880, '陕西省延安市黄陵县', '黄陵县', ',2807,2867,', 2867, NULL, NULL, NULL, NULL, NULL, b'0'),
	(2881, '陕西省汉中市', '汉中市', ',2807,', 2807, NULL, NULL, NULL, NULL, NULL, b'0'),
	(2882, '陕西省汉中市汉台区', '汉台区', ',2807,2881,', 2881, NULL, NULL, NULL, NULL, NULL, b'0'),
	(2883, '陕西省汉中市南郑县', '南郑县', ',2807,2881,', 2881, NULL, NULL, NULL, NULL, NULL, b'0'),
	(2884, '陕西省汉中市城固县', '城固县', ',2807,2881,', 2881, NULL, NULL, NULL, NULL, NULL, b'0'),
	(2885, '陕西省汉中市洋县', '洋县', ',2807,2881,', 2881, NULL, NULL, NULL, NULL, NULL, b'0'),
	(2886, '陕西省汉中市西乡县', '西乡县', ',2807,2881,', 2881, NULL, NULL, NULL, NULL, NULL, b'0'),
	(2887, '陕西省汉中市勉县', '勉县', ',2807,2881,', 2881, NULL, NULL, NULL, NULL, NULL, b'0'),
	(2888, '陕西省汉中市宁强县', '宁强县', ',2807,2881,', 2881, NULL, NULL, NULL, NULL, NULL, b'0'),
	(2889, '陕西省汉中市略阳县', '略阳县', ',2807,2881,', 2881, NULL, NULL, NULL, NULL, NULL, b'0'),
	(2890, '陕西省汉中市镇巴县', '镇巴县', ',2807,2881,', 2881, NULL, NULL, NULL, NULL, NULL, b'0'),
	(2891, '陕西省汉中市留坝县', '留坝县', ',2807,2881,', 2881, NULL, NULL, NULL, NULL, NULL, b'0'),
	(2892, '陕西省汉中市佛坪县', '佛坪县', ',2807,2881,', 2881, NULL, NULL, NULL, NULL, NULL, b'0'),
	(2893, '陕西省榆林市', '榆林市', ',2807,', 2807, NULL, NULL, NULL, NULL, NULL, b'0'),
	(2894, '陕西省榆林市榆阳区', '榆阳区', ',2807,2893,', 2893, NULL, NULL, NULL, NULL, NULL, b'0'),
	(2895, '陕西省榆林市神木县', '神木县', ',2807,2893,', 2893, NULL, NULL, NULL, NULL, NULL, b'0'),
	(2896, '陕西省榆林市府谷县', '府谷县', ',2807,2893,', 2893, NULL, NULL, NULL, NULL, NULL, b'0'),
	(2897, '陕西省榆林市横山县', '横山县', ',2807,2893,', 2893, NULL, NULL, NULL, NULL, NULL, b'0'),
	(2898, '陕西省榆林市靖边县', '靖边县', ',2807,2893,', 2893, NULL, NULL, NULL, NULL, NULL, b'0'),
	(2899, '陕西省榆林市定边县', '定边县', ',2807,2893,', 2893, NULL, NULL, NULL, NULL, NULL, b'0'),
	(2900, '陕西省榆林市绥德县', '绥德县', ',2807,2893,', 2893, NULL, NULL, NULL, NULL, NULL, b'0'),
	(2901, '陕西省榆林市米脂县', '米脂县', ',2807,2893,', 2893, NULL, NULL, NULL, NULL, NULL, b'0'),
	(2902, '陕西省榆林市佳县', '佳县', ',2807,2893,', 2893, NULL, NULL, NULL, NULL, NULL, b'0'),
	(2903, '陕西省榆林市吴堡县', '吴堡县', ',2807,2893,', 2893, NULL, NULL, NULL, NULL, NULL, b'0'),
	(2904, '陕西省榆林市清涧县', '清涧县', ',2807,2893,', 2893, NULL, NULL, NULL, NULL, NULL, b'0'),
	(2905, '陕西省榆林市子洲县', '子洲县', ',2807,2893,', 2893, NULL, NULL, NULL, NULL, NULL, b'0'),
	(2906, '陕西省安康市', '安康市', ',2807,', 2807, NULL, NULL, NULL, NULL, NULL, b'0'),
	(2907, '陕西省安康市汉滨区', '汉滨区', ',2807,2906,', 2906, NULL, NULL, NULL, NULL, NULL, b'0'),
	(2908, '陕西省安康市汉阴县', '汉阴县', ',2807,2906,', 2906, NULL, NULL, NULL, NULL, NULL, b'0'),
	(2909, '陕西省安康市石泉县', '石泉县', ',2807,2906,', 2906, NULL, NULL, NULL, NULL, NULL, b'0'),
	(2910, '陕西省安康市宁陕县', '宁陕县', ',2807,2906,', 2906, NULL, NULL, NULL, NULL, NULL, b'0'),
	(2911, '陕西省安康市紫阳县', '紫阳县', ',2807,2906,', 2906, NULL, NULL, NULL, NULL, NULL, b'0'),
	(2912, '陕西省安康市岚皋县', '岚皋县', ',2807,2906,', 2906, NULL, NULL, NULL, NULL, NULL, b'0'),
	(2913, '陕西省安康市平利县', '平利县', ',2807,2906,', 2906, NULL, NULL, NULL, NULL, NULL, b'0'),
	(2914, '陕西省安康市镇坪县', '镇坪县', ',2807,2906,', 2906, NULL, NULL, NULL, NULL, NULL, b'0'),
	(2915, '陕西省安康市旬阳县', '旬阳县', ',2807,2906,', 2906, NULL, NULL, NULL, NULL, NULL, b'0'),
	(2916, '陕西省安康市白河县', '白河县', ',2807,2906,', 2906, NULL, NULL, NULL, NULL, NULL, b'0'),
	(2917, '陕西省商洛市', '商洛市', ',2807,', 2807, NULL, NULL, NULL, NULL, NULL, b'0'),
	(2918, '陕西省商洛市商州区', '商州区', ',2807,2917,', 2917, NULL, NULL, NULL, NULL, NULL, b'0'),
	(2919, '陕西省商洛市洛南县', '洛南县', ',2807,2917,', 2917, NULL, NULL, NULL, NULL, NULL, b'0'),
	(2920, '陕西省商洛市丹凤县', '丹凤县', ',2807,2917,', 2917, NULL, NULL, NULL, NULL, NULL, b'0'),
	(2921, '陕西省商洛市商南县', '商南县', ',2807,2917,', 2917, NULL, NULL, NULL, NULL, NULL, b'0'),
	(2922, '陕西省商洛市山阳县', '山阳县', ',2807,2917,', 2917, NULL, NULL, NULL, NULL, NULL, b'0'),
	(2923, '陕西省商洛市镇安县', '镇安县', ',2807,2917,', 2917, NULL, NULL, NULL, NULL, NULL, b'0'),
	(2924, '陕西省商洛市柞水县', '柞水县', ',2807,2917,', 2917, NULL, NULL, NULL, NULL, NULL, b'0'),
	(2925, '甘肃省', '甘肃省', ',', NULL, NULL, NULL, NULL, NULL, NULL, b'0'),
	(2926, '甘肃省兰州市', '兰州市', ',2925,', 2925, NULL, NULL, NULL, NULL, NULL, b'0'),
	(2927, '甘肃省兰州市城关区', '城关区', ',2925,2926,', 2926, NULL, NULL, NULL, NULL, NULL, b'0'),
	(2928, '甘肃省兰州市七里河区', '七里河区', ',2925,2926,', 2926, NULL, NULL, NULL, NULL, NULL, b'0'),
	(2929, '甘肃省兰州市西固区', '西固区', ',2925,2926,', 2926, NULL, NULL, NULL, NULL, NULL, b'0'),
	(2930, '甘肃省兰州市安宁区', '安宁区', ',2925,2926,', 2926, NULL, NULL, NULL, NULL, NULL, b'0'),
	(2931, '甘肃省兰州市红古区', '红古区', ',2925,2926,', 2926, NULL, NULL, NULL, NULL, NULL, b'0'),
	(2932, '甘肃省兰州市永登县', '永登县', ',2925,2926,', 2926, NULL, NULL, NULL, NULL, NULL, b'0'),
	(2933, '甘肃省兰州市皋兰县', '皋兰县', ',2925,2926,', 2926, NULL, NULL, NULL, NULL, NULL, b'0'),
	(2934, '甘肃省兰州市榆中县', '榆中县', ',2925,2926,', 2926, NULL, NULL, NULL, NULL, NULL, b'0'),
	(2935, '甘肃省嘉峪关市', '嘉峪关市', ',2925,', 2925, NULL, NULL, NULL, NULL, NULL, b'0'),
	(2936, '甘肃省金昌市', '金昌市', ',2925,', 2925, NULL, NULL, NULL, NULL, NULL, b'0'),
	(2937, '甘肃省金昌市金川区', '金川区', ',2925,2936,', 2936, NULL, NULL, NULL, NULL, NULL, b'0'),
	(2938, '甘肃省金昌市永昌县', '永昌县', ',2925,2936,', 2936, NULL, NULL, NULL, NULL, NULL, b'0'),
	(2939, '甘肃省白银市', '白银市', ',2925,', 2925, NULL, NULL, NULL, NULL, NULL, b'0'),
	(2940, '甘肃省白银市白银区', '白银区', ',2925,2939,', 2939, NULL, NULL, NULL, NULL, NULL, b'0'),
	(2941, '甘肃省白银市平川区', '平川区', ',2925,2939,', 2939, NULL, NULL, NULL, NULL, NULL, b'0'),
	(2942, '甘肃省白银市靖远县', '靖远县', ',2925,2939,', 2939, NULL, NULL, NULL, NULL, NULL, b'0'),
	(2943, '甘肃省白银市会宁县', '会宁县', ',2925,2939,', 2939, NULL, NULL, NULL, NULL, NULL, b'0'),
	(2944, '甘肃省白银市景泰县', '景泰县', ',2925,2939,', 2939, NULL, NULL, NULL, NULL, NULL, b'0'),
	(2945, '甘肃省天水市', '天水市', ',2925,', 2925, NULL, NULL, NULL, NULL, NULL, b'0'),
	(2946, '甘肃省天水市秦州区', '秦州区', ',2925,2945,', 2945, NULL, NULL, NULL, NULL, NULL, b'0'),
	(2947, '甘肃省天水市麦积区', '麦积区', ',2925,2945,', 2945, NULL, NULL, NULL, NULL, NULL, b'0'),
	(2948, '甘肃省天水市清水县', '清水县', ',2925,2945,', 2945, NULL, NULL, NULL, NULL, NULL, b'0'),
	(2949, '甘肃省天水市秦安县', '秦安县', ',2925,2945,', 2945, NULL, NULL, NULL, NULL, NULL, b'0'),
	(2950, '甘肃省天水市甘谷县', '甘谷县', ',2925,2945,', 2945, NULL, NULL, NULL, NULL, NULL, b'0'),
	(2951, '甘肃省天水市武山县', '武山县', ',2925,2945,', 2945, NULL, NULL, NULL, NULL, NULL, b'0'),
	(2952, '甘肃省天水市张家川回族自治县', '张家川回族自治县', ',2925,2945,', 2945, NULL, NULL, NULL, NULL, NULL, b'0'),
	(2953, '甘肃省武威市', '武威市', ',2925,', 2925, NULL, NULL, NULL, NULL, NULL, b'0'),
	(2954, '甘肃省武威市凉州区', '凉州区', ',2925,2953,', 2953, NULL, NULL, NULL, NULL, NULL, b'0'),
	(2955, '甘肃省武威市民勤县', '民勤县', ',2925,2953,', 2953, NULL, NULL, NULL, NULL, NULL, b'0'),
	(2956, '甘肃省武威市古浪县', '古浪县', ',2925,2953,', 2953, NULL, NULL, NULL, NULL, NULL, b'0'),
	(2957, '甘肃省武威市天祝藏族自治县', '天祝藏族自治县', ',2925,2953,', 2953, NULL, NULL, NULL, NULL, NULL, b'0'),
	(2958, '甘肃省张掖市', '张掖市', ',2925,', 2925, NULL, NULL, NULL, NULL, NULL, b'0'),
	(2959, '甘肃省张掖市甘州区', '甘州区', ',2925,2958,', 2958, NULL, NULL, NULL, NULL, NULL, b'0'),
	(2960, '甘肃省张掖市肃南裕固族自治县', '肃南裕固族自治县', ',2925,2958,', 2958, NULL, NULL, NULL, NULL, NULL, b'0'),
	(2961, '甘肃省张掖市民乐县', '民乐县', ',2925,2958,', 2958, NULL, NULL, NULL, NULL, NULL, b'0'),
	(2962, '甘肃省张掖市临泽县', '临泽县', ',2925,2958,', 2958, NULL, NULL, NULL, NULL, NULL, b'0'),
	(2963, '甘肃省张掖市高台县', '高台县', ',2925,2958,', 2958, NULL, NULL, NULL, NULL, NULL, b'0'),
	(2964, '甘肃省张掖市山丹县', '山丹县', ',2925,2958,', 2958, NULL, NULL, NULL, NULL, NULL, b'0'),
	(2965, '甘肃省平凉市', '平凉市', ',2925,', 2925, NULL, NULL, NULL, NULL, NULL, b'0'),
	(2966, '甘肃省平凉市崆峒区', '崆峒区', ',2925,2965,', 2965, NULL, NULL, NULL, NULL, NULL, b'0'),
	(2967, '甘肃省平凉市泾川县', '泾川县', ',2925,2965,', 2965, NULL, NULL, NULL, NULL, NULL, b'0'),
	(2968, '甘肃省平凉市灵台县', '灵台县', ',2925,2965,', 2965, NULL, NULL, NULL, NULL, NULL, b'0'),
	(2969, '甘肃省平凉市崇信县', '崇信县', ',2925,2965,', 2965, NULL, NULL, NULL, NULL, NULL, b'0'),
	(2970, '甘肃省平凉市华亭县', '华亭县', ',2925,2965,', 2965, NULL, NULL, NULL, NULL, NULL, b'0'),
	(2971, '甘肃省平凉市庄浪县', '庄浪县', ',2925,2965,', 2965, NULL, NULL, NULL, NULL, NULL, b'0'),
	(2972, '甘肃省平凉市静宁县', '静宁县', ',2925,2965,', 2965, NULL, NULL, NULL, NULL, NULL, b'0'),
	(2973, '甘肃省酒泉市', '酒泉市', ',2925,', 2925, NULL, NULL, NULL, NULL, NULL, b'0'),
	(2974, '甘肃省酒泉市肃州区', '肃州区', ',2925,2973,', 2973, NULL, NULL, NULL, NULL, NULL, b'0'),
	(2975, '甘肃省酒泉市金塔县', '金塔县', ',2925,2973,', 2973, NULL, NULL, NULL, NULL, NULL, b'0'),
	(2976, '甘肃省酒泉市瓜州县', '瓜州县', ',2925,2973,', 2973, NULL, NULL, NULL, NULL, NULL, b'0'),
	(2977, '甘肃省酒泉市肃北蒙古族自治县', '肃北蒙古族自治县', ',2925,2973,', 2973, NULL, NULL, NULL, NULL, NULL, b'0'),
	(2978, '甘肃省酒泉市阿克塞哈萨克族自治县', '阿克塞哈萨克族自治县', ',2925,2973,', 2973, NULL, NULL, NULL, NULL, NULL, b'0'),
	(2979, '甘肃省酒泉市玉门市', '玉门市', ',2925,2973,', 2973, NULL, NULL, NULL, NULL, NULL, b'0'),
	(2980, '甘肃省酒泉市敦煌市', '敦煌市', ',2925,2973,', 2973, NULL, NULL, NULL, NULL, NULL, b'0'),
	(2981, '甘肃省庆阳市', '庆阳市', ',2925,', 2925, NULL, NULL, NULL, NULL, NULL, b'0'),
	(2982, '甘肃省庆阳市西峰区', '西峰区', ',2925,2981,', 2981, NULL, NULL, NULL, NULL, NULL, b'0'),
	(2983, '甘肃省庆阳市庆城县', '庆城县', ',2925,2981,', 2981, NULL, NULL, NULL, NULL, NULL, b'0'),
	(2984, '甘肃省庆阳市环县', '环县', ',2925,2981,', 2981, NULL, NULL, NULL, NULL, NULL, b'0'),
	(2985, '甘肃省庆阳市华池县', '华池县', ',2925,2981,', 2981, NULL, NULL, NULL, NULL, NULL, b'0'),
	(2986, '甘肃省庆阳市合水县', '合水县', ',2925,2981,', 2981, NULL, NULL, NULL, NULL, NULL, b'0'),
	(2987, '甘肃省庆阳市正宁县', '正宁县', ',2925,2981,', 2981, NULL, NULL, NULL, NULL, NULL, b'0'),
	(2988, '甘肃省庆阳市宁县', '宁县', ',2925,2981,', 2981, NULL, NULL, NULL, NULL, NULL, b'0'),
	(2989, '甘肃省庆阳市镇原县', '镇原县', ',2925,2981,', 2981, NULL, NULL, NULL, NULL, NULL, b'0'),
	(2990, '甘肃省定西市', '定西市', ',2925,', 2925, NULL, NULL, NULL, NULL, NULL, b'0'),
	(2991, '甘肃省定西市安定区', '安定区', ',2925,2990,', 2990, NULL, NULL, NULL, NULL, NULL, b'0'),
	(2992, '甘肃省定西市通渭县', '通渭县', ',2925,2990,', 2990, NULL, NULL, NULL, NULL, NULL, b'0'),
	(2993, '甘肃省定西市陇西县', '陇西县', ',2925,2990,', 2990, NULL, NULL, NULL, NULL, NULL, b'0'),
	(2994, '甘肃省定西市渭源县', '渭源县', ',2925,2990,', 2990, NULL, NULL, NULL, NULL, NULL, b'0'),
	(2995, '甘肃省定西市临洮县', '临洮县', ',2925,2990,', 2990, NULL, NULL, NULL, NULL, NULL, b'0'),
	(2996, '甘肃省定西市漳县', '漳县', ',2925,2990,', 2990, NULL, NULL, NULL, NULL, NULL, b'0'),
	(2997, '甘肃省定西市岷县', '岷县', ',2925,2990,', 2990, NULL, NULL, NULL, NULL, NULL, b'0'),
	(2998, '甘肃省陇南市', '陇南市', ',2925,', 2925, NULL, NULL, NULL, NULL, NULL, b'0'),
	(2999, '甘肃省陇南市武都区', '武都区', ',2925,2998,', 2998, NULL, NULL, NULL, NULL, NULL, b'0'),
	(3000, '甘肃省陇南市成县', '成县', ',2925,2998,', 2998, NULL, NULL, NULL, NULL, NULL, b'0'),
	(3001, '甘肃省陇南市文县', '文县', ',2925,2998,', 2998, NULL, NULL, NULL, NULL, NULL, b'0'),
	(3002, '甘肃省陇南市宕昌县', '宕昌县', ',2925,2998,', 2998, NULL, NULL, NULL, NULL, NULL, b'0'),
	(3003, '甘肃省陇南市康县', '康县', ',2925,2998,', 2998, NULL, NULL, NULL, NULL, NULL, b'0'),
	(3004, '甘肃省陇南市西和县', '西和县', ',2925,2998,', 2998, NULL, NULL, NULL, NULL, NULL, b'0'),
	(3005, '甘肃省陇南市礼县', '礼县', ',2925,2998,', 2998, NULL, NULL, NULL, NULL, NULL, b'0'),
	(3006, '甘肃省陇南市徽县', '徽县', ',2925,2998,', 2998, NULL, NULL, NULL, NULL, NULL, b'0'),
	(3007, '甘肃省陇南市两当县', '两当县', ',2925,2998,', 2998, NULL, NULL, NULL, NULL, NULL, b'0'),
	(3008, '甘肃省临夏回族自治州', '临夏回族自治州', ',2925,', 2925, NULL, NULL, NULL, NULL, NULL, b'0'),
	(3009, '甘肃省临夏回族自治州临夏市', '临夏市', ',2925,3008,', 3008, NULL, NULL, NULL, NULL, NULL, b'0'),
	(3010, '甘肃省临夏回族自治州临夏县', '临夏县', ',2925,3008,', 3008, NULL, NULL, NULL, NULL, NULL, b'0'),
	(3011, '甘肃省临夏回族自治州康乐县', '康乐县', ',2925,3008,', 3008, NULL, NULL, NULL, NULL, NULL, b'0'),
	(3012, '甘肃省临夏回族自治州永靖县', '永靖县', ',2925,3008,', 3008, NULL, NULL, NULL, NULL, NULL, b'0'),
	(3013, '甘肃省临夏回族自治州广河县', '广河县', ',2925,3008,', 3008, NULL, NULL, NULL, NULL, NULL, b'0'),
	(3014, '甘肃省临夏回族自治州和政县', '和政县', ',2925,3008,', 3008, NULL, NULL, NULL, NULL, NULL, b'0'),
	(3015, '甘肃省临夏回族自治州东乡族自治县', '东乡族自治县', ',2925,3008,', 3008, NULL, NULL, NULL, NULL, NULL, b'0'),
	(3016, '甘肃省临夏回族自治州积石山保安族东乡族撒拉族自治县', '积石山保安族东乡族撒拉族自治县', ',2925,3008,', 3008, NULL, NULL, NULL, NULL, NULL, b'0'),
	(3017, '甘肃省甘南藏族自治州', '甘南藏族自治州', ',2925,', 2925, NULL, NULL, NULL, NULL, NULL, b'0'),
	(3018, '甘肃省甘南藏族自治州合作市', '合作市', ',2925,3017,', 3017, NULL, NULL, NULL, NULL, NULL, b'0'),
	(3019, '甘肃省甘南藏族自治州临潭县', '临潭县', ',2925,3017,', 3017, NULL, NULL, NULL, NULL, NULL, b'0'),
	(3020, '甘肃省甘南藏族自治州卓尼县', '卓尼县', ',2925,3017,', 3017, NULL, NULL, NULL, NULL, NULL, b'0'),
	(3021, '甘肃省甘南藏族自治州舟曲县', '舟曲县', ',2925,3017,', 3017, NULL, NULL, NULL, NULL, NULL, b'0'),
	(3022, '甘肃省甘南藏族自治州迭部县', '迭部县', ',2925,3017,', 3017, NULL, NULL, NULL, NULL, NULL, b'0'),
	(3023, '甘肃省甘南藏族自治州玛曲县', '玛曲县', ',2925,3017,', 3017, NULL, NULL, NULL, NULL, NULL, b'0'),
	(3024, '甘肃省甘南藏族自治州碌曲县', '碌曲县', ',2925,3017,', 3017, NULL, NULL, NULL, NULL, NULL, b'0'),
	(3025, '甘肃省甘南藏族自治州夏河县', '夏河县', ',2925,3017,', 3017, NULL, NULL, NULL, NULL, NULL, b'0'),
	(3026, '青海省', '青海省', ',', NULL, NULL, NULL, NULL, NULL, NULL, b'0'),
	(3027, '青海省西宁市', '西宁市', ',3026,', 3026, NULL, NULL, NULL, NULL, NULL, b'0'),
	(3028, '青海省西宁市城东区', '城东区', ',3026,3027,', 3027, NULL, NULL, NULL, NULL, NULL, b'0'),
	(3029, '青海省西宁市城中区', '城中区', ',3026,3027,', 3027, NULL, NULL, NULL, NULL, NULL, b'0'),
	(3030, '青海省西宁市城西区', '城西区', ',3026,3027,', 3027, NULL, NULL, NULL, NULL, NULL, b'0'),
	(3031, '青海省西宁市城北区', '城北区', ',3026,3027,', 3027, NULL, NULL, NULL, NULL, NULL, b'0'),
	(3032, '青海省西宁市大通回族土族自治县', '大通回族土族自治县', ',3026,3027,', 3027, NULL, NULL, NULL, NULL, NULL, b'0'),
	(3033, '青海省西宁市湟中县', '湟中县', ',3026,3027,', 3027, NULL, NULL, NULL, NULL, NULL, b'0'),
	(3034, '青海省西宁市湟源县', '湟源县', ',3026,3027,', 3027, NULL, NULL, NULL, NULL, NULL, b'0'),
	(3035, '青海省海东地区', '海东地区', ',3026,', 3026, NULL, NULL, NULL, NULL, NULL, b'0'),
	(3036, '青海省海东地区平安县', '平安县', ',3026,3035,', 3035, NULL, NULL, NULL, NULL, NULL, b'0'),
	(3037, '青海省海东地区民和回族土族自治县', '民和回族土族自治县', ',3026,3035,', 3035, NULL, NULL, NULL, NULL, NULL, b'0'),
	(3038, '青海省海东地区乐都县', '乐都县', ',3026,3035,', 3035, NULL, NULL, NULL, NULL, NULL, b'0'),
	(3039, '青海省海东地区互助土族自治县', '互助土族自治县', ',3026,3035,', 3035, NULL, NULL, NULL, NULL, NULL, b'0'),
	(3040, '青海省海东地区化隆回族自治县', '化隆回族自治县', ',3026,3035,', 3035, NULL, NULL, NULL, NULL, NULL, b'0'),
	(3041, '青海省海东地区循化撒拉族自治县', '循化撒拉族自治县', ',3026,3035,', 3035, NULL, NULL, NULL, NULL, NULL, b'0'),
	(3042, '青海省海北藏族自治州', '海北藏族自治州', ',3026,', 3026, NULL, NULL, NULL, NULL, NULL, b'0'),
	(3043, '青海省海北藏族自治州门源回族自治县', '门源回族自治县', ',3026,3042,', 3042, NULL, NULL, NULL, NULL, NULL, b'0'),
	(3044, '青海省海北藏族自治州祁连县', '祁连县', ',3026,3042,', 3042, NULL, NULL, NULL, NULL, NULL, b'0'),
	(3045, '青海省海北藏族自治州海晏县', '海晏县', ',3026,3042,', 3042, NULL, NULL, NULL, NULL, NULL, b'0'),
	(3046, '青海省海北藏族自治州刚察县', '刚察县', ',3026,3042,', 3042, NULL, NULL, NULL, NULL, NULL, b'0'),
	(3047, '青海省黄南藏族自治州', '黄南藏族自治州', ',3026,', 3026, NULL, NULL, NULL, NULL, NULL, b'0'),
	(3048, '青海省黄南藏族自治州同仁县', '同仁县', ',3026,3047,', 3047, NULL, NULL, NULL, NULL, NULL, b'0'),
	(3049, '青海省黄南藏族自治州尖扎县', '尖扎县', ',3026,3047,', 3047, NULL, NULL, NULL, NULL, NULL, b'0'),
	(3050, '青海省黄南藏族自治州泽库县', '泽库县', ',3026,3047,', 3047, NULL, NULL, NULL, NULL, NULL, b'0'),
	(3051, '青海省黄南藏族自治州河南蒙古族自治县', '河南蒙古族自治县', ',3026,3047,', 3047, NULL, NULL, NULL, NULL, NULL, b'0'),
	(3052, '青海省海南藏族自治州', '海南藏族自治州', ',3026,', 3026, NULL, NULL, NULL, NULL, NULL, b'0'),
	(3053, '青海省海南藏族自治州共和县', '共和县', ',3026,3052,', 3052, NULL, NULL, NULL, NULL, NULL, b'0'),
	(3054, '青海省海南藏族自治州同德县', '同德县', ',3026,3052,', 3052, NULL, NULL, NULL, NULL, NULL, b'0'),
	(3055, '青海省海南藏族自治州贵德县', '贵德县', ',3026,3052,', 3052, NULL, NULL, NULL, NULL, NULL, b'0'),
	(3056, '青海省海南藏族自治州兴海县', '兴海县', ',3026,3052,', 3052, NULL, NULL, NULL, NULL, NULL, b'0'),
	(3057, '青海省海南藏族自治州贵南县', '贵南县', ',3026,3052,', 3052, NULL, NULL, NULL, NULL, NULL, b'0'),
	(3058, '青海省果洛藏族自治州', '果洛藏族自治州', ',3026,', 3026, NULL, NULL, NULL, NULL, NULL, b'0'),
	(3059, '青海省果洛藏族自治州玛沁县', '玛沁县', ',3026,3058,', 3058, NULL, NULL, NULL, NULL, NULL, b'0'),
	(3060, '青海省果洛藏族自治州班玛县', '班玛县', ',3026,3058,', 3058, NULL, NULL, NULL, NULL, NULL, b'0'),
	(3061, '青海省果洛藏族自治州甘德县', '甘德县', ',3026,3058,', 3058, NULL, NULL, NULL, NULL, NULL, b'0'),
	(3062, '青海省果洛藏族自治州达日县', '达日县', ',3026,3058,', 3058, NULL, NULL, NULL, NULL, NULL, b'0'),
	(3063, '青海省果洛藏族自治州久治县', '久治县', ',3026,3058,', 3058, NULL, NULL, NULL, NULL, NULL, b'0'),
	(3064, '青海省果洛藏族自治州玛多县', '玛多县', ',3026,3058,', 3058, NULL, NULL, NULL, NULL, NULL, b'0'),
	(3065, '青海省玉树藏族自治州', '玉树藏族自治州', ',3026,', 3026, NULL, NULL, NULL, NULL, NULL, b'0'),
	(3066, '青海省玉树藏族自治州玉树县', '玉树县', ',3026,3065,', 3065, NULL, NULL, NULL, NULL, NULL, b'0'),
	(3067, '青海省玉树藏族自治州杂多县', '杂多县', ',3026,3065,', 3065, NULL, NULL, NULL, NULL, NULL, b'0'),
	(3068, '青海省玉树藏族自治州称多县', '称多县', ',3026,3065,', 3065, NULL, NULL, NULL, NULL, NULL, b'0'),
	(3069, '青海省玉树藏族自治州治多县', '治多县', ',3026,3065,', 3065, NULL, NULL, NULL, NULL, NULL, b'0'),
	(3070, '青海省玉树藏族自治州囊谦县', '囊谦县', ',3026,3065,', 3065, NULL, NULL, NULL, NULL, NULL, b'0'),
	(3071, '青海省玉树藏族自治州曲麻莱县', '曲麻莱县', ',3026,3065,', 3065, NULL, NULL, NULL, NULL, NULL, b'0'),
	(3072, '青海省海西蒙古族藏族自治州', '海西蒙古族藏族自治州', ',3026,', 3026, NULL, NULL, NULL, NULL, NULL, b'0'),
	(3073, '青海省海西蒙古族藏族自治州格尔木市', '格尔木市', ',3026,3072,', 3072, NULL, NULL, NULL, NULL, NULL, b'0'),
	(3074, '青海省海西蒙古族藏族自治州德令哈市', '德令哈市', ',3026,3072,', 3072, NULL, NULL, NULL, NULL, NULL, b'0'),
	(3075, '青海省海西蒙古族藏族自治州乌兰县', '乌兰县', ',3026,3072,', 3072, NULL, NULL, NULL, NULL, NULL, b'0'),
	(3076, '青海省海西蒙古族藏族自治州都兰县', '都兰县', ',3026,3072,', 3072, NULL, NULL, NULL, NULL, NULL, b'0'),
	(3077, '青海省海西蒙古族藏族自治州天峻县', '天峻县', ',3026,3072,', 3072, NULL, NULL, NULL, NULL, NULL, b'0'),
	(3078, '宁夏回族自治区', '宁夏回族自治区', ',', NULL, NULL, NULL, NULL, NULL, NULL, b'0'),
	(3079, '宁夏回族自治区银川市', '银川市', ',3078,', 3078, NULL, NULL, NULL, NULL, NULL, b'0'),
	(3080, '宁夏回族自治区银川市兴庆区', '兴庆区', ',3078,3079,', 3079, NULL, NULL, NULL, NULL, NULL, b'0'),
	(3081, '宁夏回族自治区银川市西夏区', '西夏区', ',3078,3079,', 3079, NULL, NULL, NULL, NULL, NULL, b'0'),
	(3082, '宁夏回族自治区银川市金凤区', '金凤区', ',3078,3079,', 3079, NULL, NULL, NULL, NULL, NULL, b'0'),
	(3083, '宁夏回族自治区银川市永宁县', '永宁县', ',3078,3079,', 3079, NULL, NULL, NULL, NULL, NULL, b'0'),
	(3084, '宁夏回族自治区银川市贺兰县', '贺兰县', ',3078,3079,', 3079, NULL, NULL, NULL, NULL, NULL, b'0'),
	(3085, '宁夏回族自治区银川市灵武市', '灵武市', ',3078,3079,', 3079, NULL, NULL, NULL, NULL, NULL, b'0'),
	(3086, '宁夏回族自治区石嘴山市', '石嘴山市', ',3078,', 3078, NULL, NULL, NULL, NULL, NULL, b'0'),
	(3087, '宁夏回族自治区石嘴山市大武口区', '大武口区', ',3078,3086,', 3086, NULL, NULL, NULL, NULL, NULL, b'0'),
	(3088, '宁夏回族自治区石嘴山市惠农区', '惠农区', ',3078,3086,', 3086, NULL, NULL, NULL, NULL, NULL, b'0'),
	(3089, '宁夏回族自治区石嘴山市平罗县', '平罗县', ',3078,3086,', 3086, NULL, NULL, NULL, NULL, NULL, b'0'),
	(3090, '宁夏回族自治区吴忠市', '吴忠市', ',3078,', 3078, NULL, NULL, NULL, NULL, NULL, b'0'),
	(3091, '宁夏回族自治区吴忠市利通区', '利通区', ',3078,3090,', 3090, NULL, NULL, NULL, NULL, NULL, b'0'),
	(3092, '宁夏回族自治区吴忠市红寺堡区', '红寺堡区', ',3078,3090,', 3090, NULL, NULL, NULL, NULL, NULL, b'0'),
	(3093, '宁夏回族自治区吴忠市盐池县', '盐池县', ',3078,3090,', 3090, NULL, NULL, NULL, NULL, NULL, b'0'),
	(3094, '宁夏回族自治区吴忠市同心县', '同心县', ',3078,3090,', 3090, NULL, NULL, NULL, NULL, NULL, b'0'),
	(3095, '宁夏回族自治区吴忠市青铜峡市', '青铜峡市', ',3078,3090,', 3090, NULL, NULL, NULL, NULL, NULL, b'0'),
	(3096, '宁夏回族自治区固原市', '固原市', ',3078,', 3078, NULL, NULL, NULL, NULL, NULL, b'0'),
	(3097, '宁夏回族自治区固原市原州区', '原州区', ',3078,3096,', 3096, NULL, NULL, NULL, NULL, NULL, b'0'),
	(3098, '宁夏回族自治区固原市西吉县', '西吉县', ',3078,3096,', 3096, NULL, NULL, NULL, NULL, NULL, b'0'),
	(3099, '宁夏回族自治区固原市隆德县', '隆德县', ',3078,3096,', 3096, NULL, NULL, NULL, NULL, NULL, b'0'),
	(3100, '宁夏回族自治区固原市泾源县', '泾源县', ',3078,3096,', 3096, NULL, NULL, NULL, NULL, NULL, b'0'),
	(3101, '宁夏回族自治区固原市彭阳县', '彭阳县', ',3078,3096,', 3096, NULL, NULL, NULL, NULL, NULL, b'0'),
	(3102, '宁夏回族自治区中卫市', '中卫市', ',3078,', 3078, NULL, NULL, NULL, NULL, NULL, b'0'),
	(3103, '宁夏回族自治区中卫市沙坡头区', '沙坡头区', ',3078,3102,', 3102, NULL, NULL, NULL, NULL, NULL, b'0'),
	(3104, '宁夏回族自治区中卫市中宁县', '中宁县', ',3078,3102,', 3102, NULL, NULL, NULL, NULL, NULL, b'0'),
	(3105, '宁夏回族自治区中卫市海原县', '海原县', ',3078,3102,', 3102, NULL, NULL, NULL, NULL, NULL, b'0'),
	(3106, '新疆维吾尔自治区', '新疆维吾尔自治区', ',', NULL, NULL, NULL, NULL, NULL, NULL, b'0'),
	(3107, '新疆维吾尔自治区乌鲁木齐市', '乌鲁木齐市', ',3106,', 3106, NULL, NULL, NULL, NULL, NULL, b'0'),
	(3108, '新疆维吾尔自治区乌鲁木齐市天山区', '天山区', ',3106,3107,', 3107, NULL, NULL, NULL, NULL, NULL, b'0'),
	(3109, '新疆维吾尔自治区乌鲁木齐市沙依巴克区', '沙依巴克区', ',3106,3107,', 3107, NULL, NULL, NULL, NULL, NULL, b'0'),
	(3110, '新疆维吾尔自治区乌鲁木齐市新市区', '新市区', ',3106,3107,', 3107, NULL, NULL, NULL, NULL, NULL, b'0'),
	(3111, '新疆维吾尔自治区乌鲁木齐市水磨沟区', '水磨沟区', ',3106,3107,', 3107, NULL, NULL, NULL, NULL, NULL, b'0'),
	(3112, '新疆维吾尔自治区乌鲁木齐市头屯河区', '头屯河区', ',3106,3107,', 3107, NULL, NULL, NULL, NULL, NULL, b'0'),
	(3113, '新疆维吾尔自治区乌鲁木齐市达坂城区', '达坂城区', ',3106,3107,', 3107, NULL, NULL, NULL, NULL, NULL, b'0'),
	(3114, '新疆维吾尔自治区乌鲁木齐市米东区', '米东区', ',3106,3107,', 3107, NULL, NULL, NULL, NULL, NULL, b'0'),
	(3115, '新疆维吾尔自治区乌鲁木齐市乌鲁木齐县', '乌鲁木齐县', ',3106,3107,', 3107, NULL, NULL, NULL, NULL, NULL, b'0'),
	(3116, '新疆维吾尔自治区克拉玛依市', '克拉玛依市', ',3106,', 3106, NULL, NULL, NULL, NULL, NULL, b'0'),
	(3117, '新疆维吾尔自治区克拉玛依市独山子区', '独山子区', ',3106,3116,', 3116, NULL, NULL, NULL, NULL, NULL, b'0'),
	(3118, '新疆维吾尔自治区克拉玛依市克拉玛依区', '克拉玛依区', ',3106,3116,', 3116, NULL, NULL, NULL, NULL, NULL, b'0'),
	(3119, '新疆维吾尔自治区克拉玛依市白碱滩区', '白碱滩区', ',3106,3116,', 3116, NULL, NULL, NULL, NULL, NULL, b'0'),
	(3120, '新疆维吾尔自治区克拉玛依市乌尔禾区', '乌尔禾区', ',3106,3116,', 3116, NULL, NULL, NULL, NULL, NULL, b'0'),
	(3121, '新疆维吾尔自治区吐鲁番地区', '吐鲁番地区', ',3106,', 3106, NULL, NULL, NULL, NULL, NULL, b'0'),
	(3122, '新疆维吾尔自治区吐鲁番地区吐鲁番市', '吐鲁番市', ',3106,3121,', 3121, NULL, NULL, NULL, NULL, NULL, b'0'),
	(3123, '新疆维吾尔自治区吐鲁番地区鄯善县', '鄯善县', ',3106,3121,', 3121, NULL, NULL, NULL, NULL, NULL, b'0'),
	(3124, '新疆维吾尔自治区吐鲁番地区托克逊县', '托克逊县', ',3106,3121,', 3121, NULL, NULL, NULL, NULL, NULL, b'0'),
	(3125, '新疆维吾尔自治区哈密地区', '哈密地区', ',3106,', 3106, NULL, NULL, NULL, NULL, NULL, b'0'),
	(3126, '新疆维吾尔自治区哈密地区哈密市', '哈密市', ',3106,3125,', 3125, NULL, NULL, NULL, NULL, NULL, b'0'),
	(3127, '新疆维吾尔自治区哈密地区巴里坤哈萨克自治县', '巴里坤哈萨克自治县', ',3106,3125,', 3125, NULL, NULL, NULL, NULL, NULL, b'0'),
	(3128, '新疆维吾尔自治区哈密地区伊吾县', '伊吾县', ',3106,3125,', 3125, NULL, NULL, NULL, NULL, NULL, b'0'),
	(3129, '新疆维吾尔自治区昌吉回族自治州', '昌吉回族自治州', ',3106,', 3106, NULL, NULL, NULL, NULL, NULL, b'0'),
	(3130, '新疆维吾尔自治区昌吉回族自治州昌吉市', '昌吉市', ',3106,3129,', 3129, NULL, NULL, NULL, NULL, NULL, b'0'),
	(3131, '新疆维吾尔自治区昌吉回族自治州阜康市', '阜康市', ',3106,3129,', 3129, NULL, NULL, NULL, NULL, NULL, b'0'),
	(3132, '新疆维吾尔自治区昌吉回族自治州呼图壁县', '呼图壁县', ',3106,3129,', 3129, NULL, NULL, NULL, NULL, NULL, b'0'),
	(3133, '新疆维吾尔自治区昌吉回族自治州玛纳斯县', '玛纳斯县', ',3106,3129,', 3129, NULL, NULL, NULL, NULL, NULL, b'0'),
	(3134, '新疆维吾尔自治区昌吉回族自治州奇台县', '奇台县', ',3106,3129,', 3129, NULL, NULL, NULL, NULL, NULL, b'0'),
	(3135, '新疆维吾尔自治区昌吉回族自治州吉木萨尔县', '吉木萨尔县', ',3106,3129,', 3129, NULL, NULL, NULL, NULL, NULL, b'0'),
	(3136, '新疆维吾尔自治区昌吉回族自治州木垒哈萨克自治县', '木垒哈萨克自治县', ',3106,3129,', 3129, NULL, NULL, NULL, NULL, NULL, b'0'),
	(3137, '新疆维吾尔自治区博尔塔拉蒙古自治州', '博尔塔拉蒙古自治州', ',3106,', 3106, NULL, NULL, NULL, NULL, NULL, b'0'),
	(3138, '新疆维吾尔自治区博尔塔拉蒙古自治州博乐市', '博乐市', ',3106,3137,', 3137, NULL, NULL, NULL, NULL, NULL, b'0'),
	(3139, '新疆维吾尔自治区博尔塔拉蒙古自治州精河县', '精河县', ',3106,3137,', 3137, NULL, NULL, NULL, NULL, NULL, b'0'),
	(3140, '新疆维吾尔自治区博尔塔拉蒙古自治州温泉县', '温泉县', ',3106,3137,', 3137, NULL, NULL, NULL, NULL, NULL, b'0'),
	(3141, '新疆维吾尔自治区巴音郭楞蒙古自治州', '巴音郭楞蒙古自治州', ',3106,', 3106, NULL, NULL, NULL, NULL, NULL, b'0'),
	(3142, '新疆维吾尔自治区巴音郭楞蒙古自治州库尔勒市', '库尔勒市', ',3106,3141,', 3141, NULL, NULL, NULL, NULL, NULL, b'0'),
	(3143, '新疆维吾尔自治区巴音郭楞蒙古自治州轮台县', '轮台县', ',3106,3141,', 3141, NULL, NULL, NULL, NULL, NULL, b'0'),
	(3144, '新疆维吾尔自治区巴音郭楞蒙古自治州尉犁县', '尉犁县', ',3106,3141,', 3141, NULL, NULL, NULL, NULL, NULL, b'0'),
	(3145, '新疆维吾尔自治区巴音郭楞蒙古自治州若羌县', '若羌县', ',3106,3141,', 3141, NULL, NULL, NULL, NULL, NULL, b'0'),
	(3146, '新疆维吾尔自治区巴音郭楞蒙古自治州且末县', '且末县', ',3106,3141,', 3141, NULL, NULL, NULL, NULL, NULL, b'0'),
	(3147, '新疆维吾尔自治区巴音郭楞蒙古自治州焉耆回族自治县', '焉耆回族自治县', ',3106,3141,', 3141, NULL, NULL, NULL, NULL, NULL, b'0'),
	(3148, '新疆维吾尔自治区巴音郭楞蒙古自治州和静县', '和静县', ',3106,3141,', 3141, NULL, NULL, NULL, NULL, NULL, b'0'),
	(3149, '新疆维吾尔自治区巴音郭楞蒙古自治州和硕县', '和硕县', ',3106,3141,', 3141, NULL, NULL, NULL, NULL, NULL, b'0'),
	(3150, '新疆维吾尔自治区巴音郭楞蒙古自治州博湖县', '博湖县', ',3106,3141,', 3141, NULL, NULL, NULL, NULL, NULL, b'0'),
	(3151, '新疆维吾尔自治区阿克苏地区', '阿克苏地区', ',3106,', 3106, NULL, NULL, NULL, NULL, NULL, b'0'),
	(3152, '新疆维吾尔自治区阿克苏地区阿克苏市', '阿克苏市', ',3106,3151,', 3151, NULL, NULL, NULL, NULL, NULL, b'0'),
	(3153, '新疆维吾尔自治区阿克苏地区温宿县', '温宿县', ',3106,3151,', 3151, NULL, NULL, NULL, NULL, NULL, b'0'),
	(3154, '新疆维吾尔自治区阿克苏地区库车县', '库车县', ',3106,3151,', 3151, NULL, NULL, NULL, NULL, NULL, b'0'),
	(3155, '新疆维吾尔自治区阿克苏地区沙雅县', '沙雅县', ',3106,3151,', 3151, NULL, NULL, NULL, NULL, NULL, b'0'),
	(3156, '新疆维吾尔自治区阿克苏地区新和县', '新和县', ',3106,3151,', 3151, NULL, NULL, NULL, NULL, NULL, b'0'),
	(3157, '新疆维吾尔自治区阿克苏地区拜城县', '拜城县', ',3106,3151,', 3151, NULL, NULL, NULL, NULL, NULL, b'0'),
	(3158, '新疆维吾尔自治区阿克苏地区乌什县', '乌什县', ',3106,3151,', 3151, NULL, NULL, NULL, NULL, NULL, b'0'),
	(3159, '新疆维吾尔自治区阿克苏地区阿瓦提县', '阿瓦提县', ',3106,3151,', 3151, NULL, NULL, NULL, NULL, NULL, b'0'),
	(3160, '新疆维吾尔自治区阿克苏地区柯坪县', '柯坪县', ',3106,3151,', 3151, NULL, NULL, NULL, NULL, NULL, b'0'),
	(3161, '新疆维吾尔自治区克孜勒苏柯尔克孜自治州', '克孜勒苏柯尔克孜自治州', ',3106,', 3106, NULL, NULL, NULL, NULL, NULL, b'0'),
	(3162, '新疆维吾尔自治区克孜勒苏柯尔克孜自治州阿图什市', '阿图什市', ',3106,3161,', 3161, NULL, NULL, NULL, NULL, NULL, b'0'),
	(3163, '新疆维吾尔自治区克孜勒苏柯尔克孜自治州阿克陶县', '阿克陶县', ',3106,3161,', 3161, NULL, NULL, NULL, NULL, NULL, b'0'),
	(3164, '新疆维吾尔自治区克孜勒苏柯尔克孜自治州阿合奇县', '阿合奇县', ',3106,3161,', 3161, NULL, NULL, NULL, NULL, NULL, b'0'),
	(3165, '新疆维吾尔自治区克孜勒苏柯尔克孜自治州乌恰县', '乌恰县', ',3106,3161,', 3161, NULL, NULL, NULL, NULL, NULL, b'0'),
	(3166, '新疆维吾尔自治区喀什地区', '喀什地区', ',3106,', 3106, NULL, NULL, NULL, NULL, NULL, b'0'),
	(3167, '新疆维吾尔自治区喀什地区喀什市', '喀什市', ',3106,3166,', 3166, NULL, NULL, NULL, NULL, NULL, b'0'),
	(3168, '新疆维吾尔自治区喀什地区疏附县', '疏附县', ',3106,3166,', 3166, NULL, NULL, NULL, NULL, NULL, b'0'),
	(3169, '新疆维吾尔自治区喀什地区疏勒县', '疏勒县', ',3106,3166,', 3166, NULL, NULL, NULL, NULL, NULL, b'0'),
	(3170, '新疆维吾尔自治区喀什地区英吉沙县', '英吉沙县', ',3106,3166,', 3166, NULL, NULL, NULL, NULL, NULL, b'0'),
	(3171, '新疆维吾尔自治区喀什地区泽普县', '泽普县', ',3106,3166,', 3166, NULL, NULL, NULL, NULL, NULL, b'0'),
	(3172, '新疆维吾尔自治区喀什地区莎车县', '莎车县', ',3106,3166,', 3166, NULL, NULL, NULL, NULL, NULL, b'0'),
	(3173, '新疆维吾尔自治区喀什地区叶城县', '叶城县', ',3106,3166,', 3166, NULL, NULL, NULL, NULL, NULL, b'0'),
	(3174, '新疆维吾尔自治区喀什地区麦盖提县', '麦盖提县', ',3106,3166,', 3166, NULL, NULL, NULL, NULL, NULL, b'0'),
	(3175, '新疆维吾尔自治区喀什地区岳普湖县', '岳普湖县', ',3106,3166,', 3166, NULL, NULL, NULL, NULL, NULL, b'0'),
	(3176, '新疆维吾尔自治区喀什地区伽师县', '伽师县', ',3106,3166,', 3166, NULL, NULL, NULL, NULL, NULL, b'0'),
	(3177, '新疆维吾尔自治区喀什地区巴楚县', '巴楚县', ',3106,3166,', 3166, NULL, NULL, NULL, NULL, NULL, b'0'),
	(3178, '新疆维吾尔自治区喀什地区塔什库尔干塔吉克自治县', '塔什库尔干塔吉克自治县', ',3106,3166,', 3166, NULL, NULL, NULL, NULL, NULL, b'0'),
	(3179, '新疆维吾尔自治区和田地区', '和田地区', ',3106,', 3106, NULL, NULL, NULL, NULL, NULL, b'0'),
	(3180, '新疆维吾尔自治区和田地区和田市', '和田市', ',3106,3179,', 3179, NULL, NULL, NULL, NULL, NULL, b'0'),
	(3181, '新疆维吾尔自治区和田地区和田县', '和田县', ',3106,3179,', 3179, NULL, NULL, NULL, NULL, NULL, b'0'),
	(3182, '新疆维吾尔自治区和田地区墨玉县', '墨玉县', ',3106,3179,', 3179, NULL, NULL, NULL, NULL, NULL, b'0'),
	(3183, '新疆维吾尔自治区和田地区皮山县', '皮山县', ',3106,3179,', 3179, NULL, NULL, NULL, NULL, NULL, b'0'),
	(3184, '新疆维吾尔自治区和田地区洛浦县', '洛浦县', ',3106,3179,', 3179, NULL, NULL, NULL, NULL, NULL, b'0'),
	(3185, '新疆维吾尔自治区和田地区策勒县', '策勒县', ',3106,3179,', 3179, NULL, NULL, NULL, NULL, NULL, b'0'),
	(3186, '新疆维吾尔自治区和田地区于田县', '于田县', ',3106,3179,', 3179, NULL, NULL, NULL, NULL, NULL, b'0'),
	(3187, '新疆维吾尔自治区和田地区民丰县', '民丰县', ',3106,3179,', 3179, NULL, NULL, NULL, NULL, NULL, b'0'),
	(3188, '新疆维吾尔自治区伊犁哈萨克自治州', '伊犁哈萨克自治州', ',3106,', 3106, NULL, NULL, NULL, NULL, NULL, b'0'),
	(3189, '新疆维吾尔自治区伊犁哈萨克自治州伊宁市', '伊宁市', ',3106,3188,', 3188, NULL, NULL, NULL, NULL, NULL, b'0'),
	(3190, '新疆维吾尔自治区伊犁哈萨克自治州奎屯市', '奎屯市', ',3106,3188,', 3188, NULL, NULL, NULL, NULL, NULL, b'0'),
	(3191, '新疆维吾尔自治区伊犁哈萨克自治州伊宁县', '伊宁县', ',3106,3188,', 3188, NULL, NULL, NULL, NULL, NULL, b'0'),
	(3192, '新疆维吾尔自治区伊犁哈萨克自治州察布查尔锡伯自治县', '察布查尔锡伯自治县', ',3106,3188,', 3188, NULL, NULL, NULL, NULL, NULL, b'0'),
	(3193, '新疆维吾尔自治区伊犁哈萨克自治州霍城县', '霍城县', ',3106,3188,', 3188, NULL, NULL, NULL, NULL, NULL, b'0'),
	(3194, '新疆维吾尔自治区伊犁哈萨克自治州巩留县', '巩留县', ',3106,3188,', 3188, NULL, NULL, NULL, NULL, NULL, b'0'),
	(3195, '新疆维吾尔自治区伊犁哈萨克自治州新源县', '新源县', ',3106,3188,', 3188, NULL, NULL, NULL, NULL, NULL, b'0'),
	(3196, '新疆维吾尔自治区伊犁哈萨克自治州昭苏县', '昭苏县', ',3106,3188,', 3188, NULL, NULL, NULL, NULL, NULL, b'0'),
	(3197, '新疆维吾尔自治区伊犁哈萨克自治州特克斯县', '特克斯县', ',3106,3188,', 3188, NULL, NULL, NULL, NULL, NULL, b'0'),
	(3198, '新疆维吾尔自治区伊犁哈萨克自治州尼勒克县', '尼勒克县', ',3106,3188,', 3188, NULL, NULL, NULL, NULL, NULL, b'0'),
	(3199, '新疆维吾尔自治区塔城地区', '塔城地区', ',3106,', 3106, NULL, NULL, NULL, NULL, NULL, b'0'),
	(3200, '新疆维吾尔自治区塔城地区塔城市', '塔城市', ',3106,3199,', 3199, NULL, NULL, NULL, NULL, NULL, b'0'),
	(3201, '新疆维吾尔自治区塔城地区乌苏市', '乌苏市', ',3106,3199,', 3199, NULL, NULL, NULL, NULL, NULL, b'0'),
	(3202, '新疆维吾尔自治区塔城地区额敏县', '额敏县', ',3106,3199,', 3199, NULL, NULL, NULL, NULL, NULL, b'0'),
	(3203, '新疆维吾尔自治区塔城地区沙湾县', '沙湾县', ',3106,3199,', 3199, NULL, NULL, NULL, NULL, NULL, b'0'),
	(3204, '新疆维吾尔自治区塔城地区托里县', '托里县', ',3106,3199,', 3199, NULL, NULL, NULL, NULL, NULL, b'0'),
	(3205, '新疆维吾尔自治区塔城地区裕民县', '裕民县', ',3106,3199,', 3199, NULL, NULL, NULL, NULL, NULL, b'0'),
	(3206, '新疆维吾尔自治区塔城地区和布克赛尔蒙古自治县', '和布克赛尔蒙古自治县', ',3106,3199,', 3199, NULL, NULL, NULL, NULL, NULL, b'0'),
	(3207, '新疆维吾尔自治区阿勒泰地区', '阿勒泰地区', ',3106,', 3106, NULL, NULL, NULL, NULL, NULL, b'0'),
	(3208, '新疆维吾尔自治区阿勒泰地区阿勒泰市', '阿勒泰市', ',3106,3207,', 3207, NULL, NULL, NULL, NULL, NULL, b'0'),
	(3209, '新疆维吾尔自治区阿勒泰地区布尔津县', '布尔津县', ',3106,3207,', 3207, NULL, NULL, NULL, NULL, NULL, b'0'),
	(3210, '新疆维吾尔自治区阿勒泰地区富蕴县', '富蕴县', ',3106,3207,', 3207, NULL, NULL, NULL, NULL, NULL, b'0'),
	(3211, '新疆维吾尔自治区阿勒泰地区福海县', '福海县', ',3106,3207,', 3207, NULL, NULL, NULL, NULL, NULL, b'0'),
	(3212, '新疆维吾尔自治区阿勒泰地区哈巴河县', '哈巴河县', ',3106,3207,', 3207, NULL, NULL, NULL, NULL, NULL, b'0'),
	(3213, '新疆维吾尔自治区阿勒泰地区青河县', '青河县', ',3106,3207,', 3207, NULL, NULL, NULL, NULL, NULL, b'0'),
	(3214, '新疆维吾尔自治区阿勒泰地区吉木乃县', '吉木乃县', ',3106,3207,', 3207, NULL, NULL, NULL, NULL, NULL, b'0'),
	(3215, '新疆维吾尔自治区石河子市', '石河子市', ',3106,', 3106, NULL, NULL, NULL, NULL, NULL, b'0'),
	(3216, '新疆维吾尔自治区阿拉尔市', '阿拉尔市', ',3106,', 3106, NULL, NULL, NULL, NULL, NULL, b'0'),
	(3217, '新疆维吾尔自治区图木舒克市', '图木舒克市', ',3106,', 3106, NULL, NULL, NULL, NULL, NULL, b'0'),
	(3218, '新疆维吾尔自治区五家渠市', '五家渠市', ',3106,', 3106, NULL, NULL, NULL, NULL, NULL, b'0'),
	(3219, '台湾省', '台湾省', ',', NULL, NULL, NULL, NULL, NULL, NULL, b'0'),
	(3220, '台湾省台北市', '台北市', ',3219,', 3219, NULL, NULL, NULL, NULL, NULL, b'0'),
	(3221, '台湾省高雄市', '高雄市', ',3219,', 3219, NULL, NULL, NULL, NULL, NULL, b'0'),
	(3222, '台湾省台南市', '台南市', ',3219,', 3219, NULL, NULL, NULL, NULL, NULL, b'0'),
	(3223, '台湾省台中市', '台中市', ',3219,', 3219, NULL, NULL, NULL, NULL, NULL, b'0'),
	(3224, '台湾省金门县', '金门县', ',3219,', 3219, NULL, NULL, NULL, NULL, NULL, b'0'),
	(3225, '台湾省南投县', '南投县', ',3219,', 3219, NULL, NULL, NULL, NULL, NULL, b'0'),
	(3226, '台湾省基隆市', '基隆市', ',3219,', 3219, NULL, NULL, NULL, NULL, NULL, b'0'),
	(3227, '台湾省新竹市', '新竹市', ',3219,', 3219, NULL, NULL, NULL, NULL, NULL, b'0'),
	(3228, '台湾省嘉义市', '嘉义市', ',3219,', 3219, NULL, NULL, NULL, NULL, NULL, b'0'),
	(3229, '台湾省新北市', '新北市', ',3219,', 3219, NULL, NULL, NULL, NULL, NULL, b'0'),
	(3230, '台湾省宜兰县', '宜兰县', ',3219,', 3219, NULL, NULL, NULL, NULL, NULL, b'0'),
	(3231, '台湾省新竹县', '新竹县', ',3219,', 3219, NULL, NULL, NULL, NULL, NULL, b'0'),
	(3232, '台湾省桃园县', '桃园县', ',3219,', 3219, NULL, NULL, NULL, NULL, NULL, b'0'),
	(3233, '台湾省苗栗县', '苗栗县', ',3219,', 3219, NULL, NULL, NULL, NULL, NULL, b'0'),
	(3234, '台湾省彰化县', '彰化县', ',3219,', 3219, NULL, NULL, NULL, NULL, NULL, b'0'),
	(3235, '台湾省嘉义县', '嘉义县', ',3219,', 3219, NULL, NULL, NULL, NULL, NULL, b'0'),
	(3236, '台湾省云林县', '云林县', ',3219,', 3219, NULL, NULL, NULL, NULL, NULL, b'0'),
	(3237, '台湾省屏东县', '屏东县', ',3219,', 3219, NULL, NULL, NULL, NULL, NULL, b'0'),
	(3238, '台湾省台东县', '台东县', ',3219,', 3219, NULL, NULL, NULL, NULL, NULL, b'0'),
	(3239, '台湾省花莲县', '花莲县', ',3219,', 3219, NULL, NULL, NULL, NULL, NULL, b'0'),
	(3240, '台湾省澎湖县', '澎湖县', ',3219,', 3219, NULL, NULL, NULL, NULL, NULL, b'0'),
	(3241, '台湾省台北市中正区', '中正区', ',3219,3220,', 3220, NULL, NULL, NULL, NULL, NULL, b'0'),
	(3242, '台湾省台北市大同区', '大同区', ',3219,3220,', 3220, NULL, NULL, NULL, NULL, NULL, b'0'),
	(3243, '台湾省台北市中山区', '中山区', ',3219,3220,', 3220, NULL, NULL, NULL, NULL, NULL, b'0'),
	(3244, '台湾省台北市松山区', '松山区', ',3219,3220,', 3220, NULL, NULL, NULL, NULL, NULL, b'0'),
	(3245, '台湾省台北市大安区', '大安区', ',3219,3220,', 3220, NULL, NULL, NULL, NULL, NULL, b'0'),
	(3246, '台湾省台北市万华区', '万华区', ',3219,3220,', 3220, NULL, NULL, NULL, NULL, NULL, b'0'),
	(3247, '台湾省台北市信义区', '信义区', ',3219,3220,', 3220, NULL, NULL, NULL, NULL, NULL, b'0'),
	(3248, '台湾省台北市士林区', '士林区', ',3219,3220,', 3220, NULL, NULL, NULL, NULL, NULL, b'0'),
	(3249, '台湾省台北市北投区', '北投区', ',3219,3220,', 3220, NULL, NULL, NULL, NULL, NULL, b'0'),
	(3250, '台湾省台北市内湖区', '内湖区', ',3219,3220,', 3220, NULL, NULL, NULL, NULL, NULL, b'0'),
	(3251, '台湾省台北市南港区', '南港区', ',3219,3220,', 3220, NULL, NULL, NULL, NULL, NULL, b'0'),
	(3252, '台湾省台北市文山区', '文山区', ',3219,3220,', 3220, NULL, NULL, NULL, NULL, NULL, b'0'),
	(3253, '台湾省嘉义县东区', '东区', ',3219,3235,', 3235, NULL, NULL, NULL, NULL, NULL, b'0'),
	(3254, '台湾省嘉义县西区', '西区', ',3219,3235,', 3235, NULL, NULL, NULL, NULL, NULL, b'0'),
	(3255, '台湾省高雄市新兴区', '新兴区', ',3219,3221,', 3221, NULL, NULL, NULL, NULL, NULL, b'0'),
	(3256, '台湾省高雄市前金区', '前金区', ',3219,3221,', 3221, NULL, NULL, NULL, NULL, NULL, b'0'),
	(3257, '台湾省高雄市芩雅区', '芩雅区', ',3219,3221,', 3221, NULL, NULL, NULL, NULL, NULL, b'0'),
	(3258, '台湾省高雄市盐埕区', '盐埕区', ',3219,3221,', 3221, NULL, NULL, NULL, NULL, NULL, b'0'),
	(3259, '台湾省高雄市鼓山区', '鼓山区', ',3219,3221,', 3221, NULL, NULL, NULL, NULL, NULL, b'0'),
	(3260, '台湾省高雄市旗津区', '旗津区', ',3219,3221,', 3221, NULL, NULL, NULL, NULL, NULL, b'0'),
	(3261, '台湾省高雄市前镇区', '前镇区', ',3219,3221,', 3221, NULL, NULL, NULL, NULL, NULL, b'0'),
	(3262, '台湾省高雄市三民区', '三民区', ',3219,3221,', 3221, NULL, NULL, NULL, NULL, NULL, b'0'),
	(3263, '台湾省高雄市左营区', '左营区', ',3219,3221,', 3221, NULL, NULL, NULL, NULL, NULL, b'0'),
	(3264, '台湾省高雄市楠梓区', '楠梓区', ',3219,3221,', 3221, NULL, NULL, NULL, NULL, NULL, b'0'),
	(3265, '台湾省高雄市小港区', '小港区', ',3219,3221,', 3221, NULL, NULL, NULL, NULL, NULL, b'0'),
	(3266, '台湾省基隆市仁爱区', '仁爱区', ',3219,3226,', 3226, NULL, NULL, NULL, NULL, NULL, b'0'),
	(3267, '台湾省基隆市信义区', '信义区', ',3219,3226,', 3226, NULL, NULL, NULL, NULL, NULL, b'0'),
	(3268, '台湾省基隆市中正区', '中正区', ',3219,3226,', 3226, NULL, NULL, NULL, NULL, NULL, b'0'),
	(3269, '台湾省基隆市中山区', '中山区', ',3219,3226,', 3226, NULL, NULL, NULL, NULL, NULL, b'0'),
	(3270, '台湾省基隆市安乐区', '安乐区', ',3219,3226,', 3226, NULL, NULL, NULL, NULL, NULL, b'0'),
	(3271, '台湾省基隆市暖暖区', '暖暖区', ',3219,3226,', 3226, NULL, NULL, NULL, NULL, NULL, b'0'),
	(3272, '台湾省基隆市七堵区', '七堵区', ',3219,3226,', 3226, NULL, NULL, NULL, NULL, NULL, b'0'),
	(3273, '台湾省台南市中西区', '中西区', ',3219,3222,', 3222, NULL, NULL, NULL, NULL, NULL, b'0'),
	(3274, '台湾省台南市东区', '东区', ',3219,3222,', 3222, NULL, NULL, NULL, NULL, NULL, b'0'),
	(3275, '台湾省台南市南区', '南区', ',3219,3222,', 3222, NULL, NULL, NULL, NULL, NULL, b'0'),
	(3276, '台湾省台南市北区', '北区', ',3219,3222,', 3222, NULL, NULL, NULL, NULL, NULL, b'0'),
	(3277, '台湾省台南市安平区', '安平区', ',3219,3222,', 3222, NULL, NULL, NULL, NULL, NULL, b'0'),
	(3278, '台湾省台南市安南区', '安南区', ',3219,3222,', 3222, NULL, NULL, NULL, NULL, NULL, b'0'),
	(3279, '台湾省新竹市东区', '东区', ',3219,3227,', 3227, NULL, NULL, NULL, NULL, NULL, b'0'),
	(3280, '台湾省新竹市北区', '北区', ',3219,3227,', 3227, NULL, NULL, NULL, NULL, NULL, b'0'),
	(3281, '台湾省新竹市香山区', '香山区', ',3219,3227,', 3227, NULL, NULL, NULL, NULL, NULL, b'0'),
	(3282, '台湾省台中市中区', '中区', ',3219,3223,', 3223, NULL, NULL, NULL, NULL, NULL, b'0'),
	(3283, '台湾省台中市东区', '东区', ',3219,3223,', 3223, NULL, NULL, NULL, NULL, NULL, b'0'),
	(3284, '台湾省台中市南区', '南区', ',3219,3223,', 3223, NULL, NULL, NULL, NULL, NULL, b'0'),
	(3285, '台湾省台中市西区', '西区', ',3219,3223,', 3223, NULL, NULL, NULL, NULL, NULL, b'0'),
	(3286, '台湾省台中市北区', '北区', ',3219,3223,', 3223, NULL, NULL, NULL, NULL, NULL, b'0'),
	(3287, '台湾省台中市北屯区', '北屯区', ',3219,3223,', 3223, NULL, NULL, NULL, NULL, NULL, b'0'),
	(3288, '台湾省台中市西屯区', '西屯区', ',3219,3223,', 3223, NULL, NULL, NULL, NULL, NULL, b'0'),
	(3289, '台湾省台中市南屯区', '南屯区', ',3219,3223,', 3223, NULL, NULL, NULL, NULL, NULL, b'0'),
	(3290, '台湾省嘉义市东区', '东区', ',3219,3228,', 3228, NULL, NULL, NULL, NULL, NULL, b'0'),
	(3291, '台湾省嘉义市西区', '西区', ',3219,3228,', 3228, NULL, NULL, NULL, NULL, NULL, b'0'),
	(3292, '香港特别行政区', '香港特别行政区', ',', NULL, NULL, NULL, NULL, NULL, NULL, b'0'),
	(3293, '香港特别行政区香港岛', '香港岛', ',3292,', 3292, NULL, NULL, NULL, NULL, NULL, b'0'),
	(3294, '香港特别行政区九龙', '九龙', ',3292,', 3292, NULL, NULL, NULL, NULL, NULL, b'0'),
	(3295, '香港特别行政区新界', '新界', ',3292,', 3292, NULL, NULL, NULL, NULL, NULL, b'0'),
	(3296, '香港特别行政区九龙九龙城区', '九龙城区', ',3292,3294,', 3294, NULL, NULL, NULL, NULL, NULL, b'0'),
	(3297, '香港特别行政区九龙油尖旺区', '油尖旺区', ',3292,3294,', 3294, NULL, NULL, NULL, NULL, NULL, b'0'),
	(3298, '香港特别行政区九龙深水埗区', '深水埗区', ',3292,3294,', 3294, NULL, NULL, NULL, NULL, NULL, b'0'),
	(3299, '香港特别行政区九龙黄大仙区', '黄大仙区', ',3292,3294,', 3294, NULL, NULL, NULL, NULL, NULL, b'0'),
	(3300, '香港特别行政区九龙观塘区', '观塘区', ',3292,3294,', 3294, NULL, NULL, NULL, NULL, NULL, b'0'),
	(3301, '香港特别行政区香港岛中西区', '中西区', ',3292,3293,', 3293, NULL, NULL, NULL, NULL, NULL, b'0'),
	(3302, '香港特别行政区香港岛湾仔', '湾仔', ',3292,3293,', 3293, NULL, NULL, NULL, NULL, NULL, b'0'),
	(3303, '香港特别行政区香港岛东区', '东区', ',3292,3293,', 3293, NULL, NULL, NULL, NULL, NULL, b'0'),
	(3304, '香港特别行政区香港岛南区', '南区', ',3292,3293,', 3293, NULL, NULL, NULL, NULL, NULL, b'0'),
	(3305, '香港特别行政区新界北区', '北区', ',3292,3295,', 3295, NULL, NULL, NULL, NULL, NULL, b'0'),
	(3306, '香港特别行政区新界大埔区', '大埔区', ',3292,3295,', 3295, NULL, NULL, NULL, NULL, NULL, b'0'),
	(3307, '香港特别行政区新界沙田区', '沙田区', ',3292,3295,', 3295, NULL, NULL, NULL, NULL, NULL, b'0'),
	(3308, '香港特别行政区新界西贡区', '西贡区', ',3292,3295,', 3295, NULL, NULL, NULL, NULL, NULL, b'0'),
	(3309, '香港特别行政区新界元朗区', '元朗区', ',3292,3295,', 3295, NULL, NULL, NULL, NULL, NULL, b'0'),
	(3310, '香港特别行政区新界屯门区', '屯门区', ',3292,3295,', 3295, NULL, NULL, NULL, NULL, NULL, b'0'),
	(3311, '香港特别行政区新界荃湾区', '荃湾区', ',3292,3295,', 3295, NULL, NULL, NULL, NULL, NULL, b'0'),
	(3312, '香港特别行政区新界葵青区', '葵青区', ',3292,3295,', 3295, NULL, NULL, NULL, NULL, NULL, b'0'),
	(3313, '香港特别行政区新界离岛区', '离岛区', ',3292,3295,', 3295, NULL, NULL, NULL, NULL, NULL, b'0'),
	(3314, '澳门特别行政区', '澳门特别行政区', ',', NULL, NULL, NULL, NULL, NULL, NULL, b'0'),
	(3315, '澳门特别行政区澳门半岛', '澳门半岛', ',3314,', 3314, NULL, NULL, NULL, NULL, NULL, b'0'),
	(3316, '澳门特别行政区离岛', '离岛', ',3314,', 3314, NULL, NULL, NULL, NULL, NULL, b'0');
/*!40000 ALTER TABLE `area` ENABLE KEYS */;


-- 导出  表 jfinalshop.article 结构
CREATE TABLE IF NOT EXISTS `article` (
  `id` bigint(20) NOT NULL AUTO_INCREMENT COMMENT '主键_id',
  `title` varchar(255) NOT NULL COMMENT '标题',
  `author` varchar(255) DEFAULT NULL COMMENT '作者',
  `content` longtext COMMENT '内容',
  `seo_title` varchar(255) DEFAULT NULL COMMENT '页面标题',
  `seo_description` varchar(255) DEFAULT NULL COMMENT '页面描述',
  `seo_keywords` varchar(255) DEFAULT NULL COMMENT '页面关键词',
  `is_publication` bit(1) NOT NULL COMMENT '是否发布',
  `is_top` bit(1) NOT NULL COMMENT '是否置顶',
  `hits` bigint(20) NOT NULL COMMENT '点击数',
  `article_category_id` bigint(20) NOT NULL COMMENT '文章分类',
  `create_by` varchar(20) DEFAULT NULL COMMENT '创建人',
  `creation_date` datetime DEFAULT NULL COMMENT '创建日期',
  `last_updated_by` varchar(20) DEFAULT NULL COMMENT '最后修改人',
  `last_updated_date` datetime DEFAULT NULL COMMENT '最后修改日期',
  `delete_flag` bit(1) NOT NULL DEFAULT b'0' COMMENT '删除标记',
  PRIMARY KEY (`id`),
  KEY `FK636982B7CA3B1F7` (`article_category_id`),
  CONSTRAINT `FK636982B7CA3B1F7` FOREIGN KEY (`article_category_id`) REFERENCES `article_category` (`id`)
) ENGINE=InnoDB AUTO_INCREMENT=10 DEFAULT CHARSET=utf8 COMMENT='文章';

-- 正在导出表  jfinalshop.article 的数据：~1 rows (大约)
/*!40000 ALTER TABLE `article` DISABLE KEYS */;
INSERT INTO `article` (`id`, `title`, `author`, `content`, `seo_title`, `seo_description`, `seo_keywords`, `is_publication`, `is_top`, `hits`, `article_category_id`, `create_by`, `creation_date`, `last_updated_by`, `last_updated_date`, `delete_flag`) VALUES
	(9, 'cc', 'cc', 'ccccc', 'cc', 'cc', 'cc', b'1', b'1', 0, 1, '管理员', '2016-10-13 15:52:39', NULL, NULL, b'0');
/*!40000 ALTER TABLE `article` ENABLE KEYS */;


-- 导出  表 jfinalshop.article_category 结构
CREATE TABLE IF NOT EXISTS `article_category` (
  `id` bigint(20) NOT NULL AUTO_INCREMENT COMMENT '主键_id',
  `name` varchar(255) NOT NULL COMMENT '名称',
  `seo_title` varchar(255) DEFAULT NULL COMMENT '页面标题',
  `seo_description` varchar(255) DEFAULT NULL COMMENT '页面描述',
  `seo_keywords` varchar(255) DEFAULT NULL COMMENT '页面关键词',
  `parent_id` bigint(20) DEFAULT NULL COMMENT '上级分类',
  `grade` int(11) DEFAULT NULL COMMENT '层级',
  `tree_path` varchar(255) DEFAULT NULL COMMENT '树路径',
  `orders` int(11) DEFAULT NULL COMMENT '排序',
  `create_by` varchar(20) DEFAULT NULL COMMENT '创建人',
  `creation_date` datetime DEFAULT NULL COMMENT '创建日期',
  `last_updated_by` varchar(20) DEFAULT NULL COMMENT '最后修改人',
  `last_updated_date` datetime DEFAULT NULL COMMENT '最后修改日期',
  `delete_flag` bit(1) NOT NULL DEFAULT b'0' COMMENT '删除标记',
  PRIMARY KEY (`id`),
  KEY `FK57108986F587647A` (`parent_id`),
  CONSTRAINT `FK57108986F587647A` FOREIGN KEY (`parent_id`) REFERENCES `article_category` (`id`)
) ENGINE=InnoDB AUTO_INCREMENT=9 DEFAULT CHARSET=utf8 COMMENT='文章分类';

-- 正在导出表  jfinalshop.article_category 的数据：~7 rows (大约)
/*!40000 ALTER TABLE `article_category` DISABLE KEYS */;
INSERT INTO `article_category` (`id`, `name`, `seo_title`, `seo_description`, `seo_keywords`, `parent_id`, `grade`, `tree_path`, `orders`, `create_by`, `creation_date`, `last_updated_by`, `last_updated_date`, `delete_flag`) VALUES
	(1, '商城动态', NULL, NULL, NULL, NULL, 0, ',', 1, NULL, NULL, NULL, NULL, b'0'),
	(2, '活动促销', NULL, NULL, NULL, NULL, 0, ',', 2, NULL, NULL, NULL, NULL, b'0'),
	(3, '购物指南', NULL, NULL, NULL, NULL, 0, ',', 3, NULL, NULL, NULL, NULL, b'0'),
	(4, '支付方式', NULL, NULL, NULL, NULL, 0, ',', 4, NULL, NULL, NULL, NULL, b'0'),
	(5, '配送方式', NULL, NULL, NULL, NULL, 0, ',', 5, NULL, NULL, NULL, NULL, b'0'),
	(6, '售后服务', NULL, NULL, NULL, NULL, 0, ',', 6, NULL, NULL, NULL, NULL, b'0'),
	(7, '关于我们', NULL, NULL, NULL, NULL, 0, ',', 7, NULL, NULL, NULL, NULL, b'0');
/*!40000 ALTER TABLE `article_category` ENABLE KEYS */;


-- 导出  表 jfinalshop.article_tag 结构
CREATE TABLE IF NOT EXISTS `article_tag` (
  `articles` bigint(20) NOT NULL,
  `tags` bigint(20) NOT NULL,
  PRIMARY KEY (`articles`,`tags`),
  KEY `FKB9183E12C842716F` (`tags`),
  KEY `FKB9183E1229F6DEEF` (`articles`),
  CONSTRAINT `FKB9183E1229F6DEEF` FOREIGN KEY (`articles`) REFERENCES `article` (`id`),
  CONSTRAINT `FKB9183E12C842716F` FOREIGN KEY (`tags`) REFERENCES `tag` (`id`)
) ENGINE=InnoDB DEFAULT CHARSET=utf8;

-- 正在导出表  jfinalshop.article_tag 的数据：~1 rows (大约)
/*!40000 ALTER TABLE `article_tag` DISABLE KEYS */;
INSERT INTO `article_tag` (`articles`, `tags`) VALUES
	(9, 3);
/*!40000 ALTER TABLE `article_tag` ENABLE KEYS */;


-- 导出  表 jfinalshop.attribute 结构
CREATE TABLE IF NOT EXISTS `attribute` (
  `id` bigint(20) NOT NULL AUTO_INCREMENT COMMENT '主键_id',
  `name` varchar(255) NOT NULL COMMENT '名称',
  `property_index` int(11) DEFAULT NULL COMMENT '属性序号',
  `product_category_id` bigint(20) NOT NULL COMMENT '绑定分类',
  `orders` int(11) DEFAULT NULL COMMENT '排序',
  `create_by` varchar(20) DEFAULT NULL COMMENT '创建人',
  `creation_date` datetime DEFAULT NULL COMMENT '创建日期',
  `last_updated_by` varchar(20) DEFAULT NULL COMMENT '最后修改人',
  `last_updated_date` datetime DEFAULT NULL COMMENT '最后修改日期',
  `delete_flag` bit(1) NOT NULL DEFAULT b'0' COMMENT '删除标记',
  PRIMARY KEY (`id`),
  KEY `FKE81F41DD7629117` (`product_category_id`),
  CONSTRAINT `FKE81F41DD7629117` FOREIGN KEY (`product_category_id`) REFERENCES `product_category` (`id`)
) ENGINE=InnoDB AUTO_INCREMENT=6 DEFAULT CHARSET=utf8 COMMENT='属性';

-- 正在导出表  jfinalshop.attribute 的数据：~4 rows (大约)
/*!40000 ALTER TABLE `attribute` DISABLE KEYS */;
INSERT INTO `attribute` (`id`, `name`, `property_index`, `product_category_id`, `orders`, `create_by`, `creation_date`, `last_updated_by`, `last_updated_date`, `delete_flag`) VALUES
	(1, '12', NULL, 1, 1, '管理员', '2016-09-23 14:47:33', '管理员', '2016-09-23 14:47:51', b'0'),
	(3, '111', NULL, 11, 1, '管理员', '2016-10-11 10:34:04', NULL, NULL, b'0'),
	(4, '颜色', NULL, 10, NULL, '管理员', '2016-10-11 17:18:20', NULL, NULL, b'0'),
	(5, '颜色', NULL, 1, NULL, '管理员', '2016-10-11 17:19:40', NULL, NULL, b'0');
/*!40000 ALTER TABLE `attribute` ENABLE KEYS */;


-- 导出  表 jfinalshop.attribute_option 结构
CREATE TABLE IF NOT EXISTS `attribute_option` (
  `attribute` bigint(20) NOT NULL,
  `options` varchar(255) DEFAULT NULL COMMENT '可选项',
  KEY `FK96E026D75E1B95F4` (`attribute`),
  CONSTRAINT `FK96E026D75E1B95F4` FOREIGN KEY (`attribute`) REFERENCES `attribute` (`id`)
) ENGINE=InnoDB DEFAULT CHARSET=utf8;

-- 正在导出表  jfinalshop.attribute_option 的数据：~7 rows (大约)
/*!40000 ALTER TABLE `attribute_option` DISABLE KEYS */;
INSERT INTO `attribute_option` (`attribute`, `options`) VALUES
	(1, '12'),
	(1, '12'),
	(3, '222'),
	(3, '444'),
	(4, '黑色'),
	(4, '白色'),
	(5, '黑色');
/*!40000 ALTER TABLE `attribute_option` ENABLE KEYS */;


-- 导出  表 jfinalshop.brand 结构
CREATE TABLE IF NOT EXISTS `brand` (
  `id` bigint(20) NOT NULL AUTO_INCREMENT COMMENT '主键_id',
  `name` varchar(255) NOT NULL COMMENT '名称',
  `type` int(11) NOT NULL COMMENT '类型',
  `introduction` longtext COMMENT '介绍',
  `url` varchar(255) DEFAULT NULL COMMENT '网址',
  `logo` varchar(255) DEFAULT NULL COMMENT 'logo',
  `orders` int(11) DEFAULT NULL COMMENT '订单',
  `create_by` varchar(20) DEFAULT NULL COMMENT '创建人',
  `creation_date` datetime DEFAULT NULL COMMENT '创建日期',
  `last_updated_by` varchar(20) DEFAULT NULL COMMENT '最后修改人',
  `last_updated_date` datetime DEFAULT NULL COMMENT '最后修改日期',
  `delete_flag` bit(1) NOT NULL DEFAULT b'0' COMMENT '删除标记',
  PRIMARY KEY (`id`)
) ENGINE=InnoDB AUTO_INCREMENT=20 DEFAULT CHARSET=utf8 COMMENT='品牌';

-- 正在导出表  jfinalshop.brand 的数据：~15 rows (大约)
/*!40000 ALTER TABLE `brand` DISABLE KEYS */;
INSERT INTO `brand` (`id`, `name`, `type`, `introduction`, `url`, `logo`, `orders`, `create_by`, `creation_date`, `last_updated_by`, `last_updated_date`, `delete_flag`) VALUES
	(1, '梵希蔓', 1, '<img src="http://storage.shopxx.net/demo-image/3.0/201301/32937deb-f9c7-4baf-87ec-9d7c140e6f56.jpg" />', NULL, 'http://storage.shopxx.net/demo-image/3.0/brand/vimly.gif', 1, NULL, NULL, NULL, '2016-09-06 09:37:11', b'0'),
	(2, '伊芙丽', 1, '<img src="http://storage.shopxx.net/demo-image/3.0/201301/4a43f5da-bd99-4e73-8a45-c3cf97df5bc1.jpg" />', 'http://www.eifini.com', 'http://storage.shopxx.net/demo-image/3.0/brand/eifini.gif', 2, NULL, NULL, NULL, '2016-09-06 09:37:11', b'0'),
	(3, '尚都比拉', 1, '<img src="http://storage.shopxx.net/demo-image/3.0/201301/393335cd-fa85-4697-9a35-be7920533923.jpg" />', 'http://www.shangdubila.net', 'http://storage.shopxx.net/demo-image/3.0/brand/sentubila.gif', 3, NULL, NULL, NULL, '2016-09-06 09:37:11', b'0'),
	(4, '森马', 1, '森马，国内休闲服行业迅速崛起的领军品牌。森马集团有限公司以“创大众服饰名牌”为发展宗旨，积极推行特许经营发展模式，休闲装和童装品牌连锁网点遍布全国二十九个省、市、自治区、直辖市，形成了完整的市场网络格局。集团公司现有休闲装 “semir”及童装“balabala”等两个知名服装品牌。森马集团有限公司于1996年12月18日创立于浙江省温州市，是一家以虚拟经营模式为特色，以系列休闲服饰为主导产业的无区域集团。公司注册资本为人民币2.38亿元，总资产达10多亿元，是温州市大企业大集团之一。', 'http://www.semir.com', 'http://storage.shopxx.net/demo-image/3.0/brand/semir.gif', 4, NULL, NULL, NULL, '2016-09-06 09:37:11', b'0'),
	(5, '以纯', 1, '<img src="http://storage.shopxx.net/demo-image/3.0/201301/84a3cc7a-c43b-4efc-8ed1-ba104cfb9a62.jpg" />', 'http://www.yishion.com.cn', 'http://storage.shopxx.net/demo-image/3.0/brand/yishion.gif', 5, NULL, NULL, NULL, '2016-09-06 09:37:11', b'0'),
	(6, '李宁', 1, '李宁公司是中国家喻户晓的“体操王子”李宁先生在1990年创立的体育用品公司。经过二十多年的探索，李宁公司已逐步成为代表中国的、国际领先的运动品牌公司。从成立初期率先在全国建立特许专卖营销体系到持续多年赞助中国体育代表团参加国内外各种赛事；从成为国内第一家实施ERP的体育用品企业到不断进行品牌定位的调整，再到2004年6月在香港的上市，李宁公司经历了中国民族企业的发展与繁荣。<br />\r\n李宁公司拥有品牌营销、研发、设计、制造、经销及零售能力，产品主要包括自有李宁品牌生产的运动及休闲鞋类、服装、器材和配件产品。主要采用外包生产和特许分销商模式，在中国已经建立庞大的供应链管理体系以及分销和零售网络，截止2011年末，李宁品牌店铺在中国境内总数达到8255间，并且在东南亚、中亚、欧洲等地区开拓业务。<br />\r\n李宁公司还采取多品牌业务发展的策略，在聚焦自有核心李宁品牌的同时，还(i)与Aigle International S.A成立合资经营，并获授予专营权在中国生产、推广、分销及销售法国AIGLE（艾高）品牌户外运动用品；(ii)透过附属公司从事生产、研发、推广及销售红双喜品牌乒乓球及其它体育器材；(iii)获Lotto Sport Italia S.p.A旗下公司授予独家特许权，在中国开发、制造、推广、分销及销售意大利运动时尚Lotto（乐途）品牌特许产品；及(iv)从事Kason（凯胜）品牌羽毛球专业产品的研发、制造及销售。<br />\r\n创新是李宁品牌发展的根本。李宁公司自成立之初就非常重视原创设计。1998年建立了中国第一家服装与鞋产品设计开发中心，率先成为自主开发的中国体育用品公司。2004年8月，香港设计研发中心成立，集中负责设计李宁品牌服装产品。并且与国内外各大知名高校和研究机构保持密切合作。<br />', 'http://www.li-ning.com.cn', 'http://storage.shopxx.net/demo-image/3.0/brand/lining.gif', 6, NULL, NULL, NULL, '2016-09-06 09:37:11', b'0'),
	(7, '耐克', 1, '耐克是全球著名的体育用品制造商，总部位于美国俄勒冈州，生产的体育用品包罗万象：服装、鞋类、运动器材等。<br />\r\n耐克一直将激励全世界的每一位运动员并为其献上最好的产品视为光荣的任务。耐克的语言就是运动的语言。耐克公司投入了大量的人力、物力用于新产品的开发和研制。耐克首创的气垫技术给体育界带来了一场革命。运用这项技术制造出的运动鞋可以很好地保护运动员的脚踝，防止其在作剧烈运动时扭伤。<br />\r\n耐克 (Nike) 被誉为是“近20年世界新创建的最成功的消费品公司”。耐克 (Nike) 运动鞋除了强化高科技运动性能，如今更讲究时尚的外形设计，频频与各国各界潮流达人合作推出联名限量版。2009年初陈冠希的Clot品牌与耐克 (Nike) 的联名新款红色中国鞋 Clot×Nike AIR FORCE 1 在上海一上市，即成为疯抢对象。在美国，有高达七成的青少年的梦想是有一双耐克 (Nike) 鞋。<br />', 'http://www.nike.com', 'http://storage.shopxx.net/demo-image/3.0/brand/nike.gif', 7, NULL, NULL, NULL, '2016-09-06 09:37:11', b'0'),
	(8, '阿迪达斯', 1, '阿迪达斯的目标是协调与员工的私人和家庭需要的阿迪达斯集团的商业利益。提出工作与生活平衡方案：面向家庭的服务，灵活的工作时间和地点，人的发展和领导能力相关的工作与生活的平衡。<br />\r\n阿迪达斯目前分为三个系列，分别为：运动表现系列（三条纹LOGO）、运动传统系列（三叶草LOGO)、运动时尚系列(球状内含三条纹LOGO)。<br />\r\n运动表现系列专门致力于大众体育运动事业，其定位是大众化的运动风潮，采用阿迪三条纹LOGO，价格较易大众所接受。<br />\r\n运动传统系列是阿迪达斯的经典系列，其定位是复古经典风潮，较之运动表现系列更为时尚、高端一些。运动传统系列采用阿迪三叶草LOGO（也是阿迪较早之前的LOGO），因该系列推出的多为限量产品所以价格较易为中高收入人群所接受。<br />', 'http://www.adidas.com', 'http://storage.shopxx.net/demo-image/3.0/brand/adidas.gif', 8, NULL, NULL, NULL, '2016-09-06 09:37:11', b'0'),
	(9, 'Jack Jones', 1, 'Jack &amp; Jones是针对年龄在18岁到30岁之间的喜欢穿着随意、流行和时尚的男士们设计的。Jack &amp; Jones的设计迎合了国际大都市男士的生活品位，他们喜欢一种独特、轮廓鲜明而朴实的风格，同时采用高品质、时兴和新颖的面料制作的服装。<br />\r\nJack &amp; Jones品牌诞生于1975年，以其简洁纯粹的风格吸引全球追求时尚男性的目光，代表了欧洲时尚潮流的男装品牌，同时也是都市风格服装的典范品牌。<br />\r\nJack &amp; Jones是时尚男装里非常流行的品牌，与女装的ONLY、VERO MODA和男装SELECTED同属丹麦的BESTSELLER公司。他们经营各种男装，有休闲，正装等，还有各种配饰。<br />\r\n杰克琼斯(Jack &amp; Jones) 男装是设计给机敏，明智，受过良好教育，热衷社会活动的都市轻熟男。穿着杰克琼斯(Jack &amp; Jones) 的男人是对现代服装有着自己独特的感受，同时关注国际时装市场趋势的现代人。<br />', 'http://www.jackjones.com', 'http://storage.shopxx.net/demo-image/3.0/brand/jackjones.gif', 9, NULL, NULL, NULL, '2016-09-06 09:37:11', b'0'),
	(10, '七匹狼', 1, '七匹狼男装是中国男装行业开创性品牌，始终致力于为消费者提供满足现代多元化生活需求的高品质服装产品。“男人不只一面”，七匹狼以“品格男装”突显国际化品质和中西兼容的文化格调，以时尚传承经典，以中国面向世界。', 'http://www.septwolves.com', 'http://storage.shopxx.net/demo-image/3.0/brand/septwolves.gif', 10, NULL, NULL, NULL, '2016-09-06 09:37:11', b'0'),
	(11, '恒源祥', 1, '恒源祥，创立于1927年的中国上海，产品涵盖绒线、针织、服饰、家纺等大类，绒线、羊毛衫综合销量常年保持同行业第一。<br />\r\n恒源祥既是中国进入市场经济后最早实施品牌运营的企业（1991年），又是中国最早进行特许经营的企业（1999年）。目前拥有98家加盟工厂，400多家加盟销售商、分销商以及5000多个加盟销售网点。中国省级市场销售网点涵盖率为100%，地、市级市场网点覆盖率超过90%，县级市场网点覆盖率超过60%。<br />\r\n品牌经营20年以来，恒源祥品牌获得了巨大的发展，品牌的价值得到了显著的提升。1999年，恒源祥获得“中国驰名商标”称号；2006年，在中国最有价值的100个老字号中，恒源祥位居第二；同年，恒源祥荣膺行业首家全国质量奖；2007年，由世界品牌实验室发布的中国500最具价值品牌排行榜中，恒源祥位列64位，品牌价值94.58亿元；2008年，恒源祥进入“亚洲品牌500强”，位列336位；2010年恒源祥再次入选《亚洲品牌500强》，排名跃升为203位。恒源祥集团做了大量的社会责任工作，所有的活动都是围绕着我们是国家的一员、我们是社会的一员，为社会创造价值为基本出发点，是恒源祥集团勇于承担社会责任的具体表现。未来，我们还将坚定不移地践行使命、精神、价值观，勇于承担社会责任，向成为历史的一部分的目的而持续奋斗。<br />', 'http://www.g8888.com', 'http://storage.shopxx.net/demo-image/3.0/brand/hengyuanxiang.gif', 11, NULL, NULL, NULL, '2016-09-06 09:37:11', b'0'),
	(12, '圣得西', 1, '圣得西（集团）有限公司始创于1989年，公司主要从事西服、西裤、休闲上衣、茄克、T恤、休闲裤、毛衫、衬衣、皮具等男士正装和商务休闲系列化产品的开发、生产和销售，目前拥有“圣得西”、“圣奥威斯”等品牌。公司先后在巴黎、上海建立研发设计中心，引进意大利、日本、德国等国家20余条顶级生产线，聚结世界前沿的服装技术，为中国男士量身打造优雅、舒展的圣得西。历年来，圣得西以其款式新颖、面料精美、工艺精湛而著称，是目前国内高级男士正装和休闲装的代表。', 'http://www.sundance.com.cn', 'http://storage.shopxx.net/demo-image/3.0/brand/sundance.gif', 12, NULL, NULL, NULL, '2016-09-06 09:37:11', b'0'),
	(13, '猫人', 1, '品牌介绍：	猫人集团旗下成熟女性内衣品牌，其前身是以"Maoren"为英文名称的猫人品牌。"猫人经典"融合猫人品牌与产品十年历炼精髓，以成熟、品位、性感、经典传承为核心设计风格， 针对35-45岁女性人群身理特点，主力开发高端暖衣、调整型塑身内衣产品，致力于提升都市成熟女性的高品质生活。<br />\r\n品牌定位：	成熟、品位、经典、性感<br />\r\n目标人群：	35-45岁为主的都市成熟女性。成熟、自信，有较好的经济基础，追求高品质生活。在生命的成熟阶段，准备释放全部的魅力，捍卫自己的家庭、事业以及对青春的美好留念。<br />', 'http://www.maoren.net', 'http://storage.shopxx.net/demo-image/3.0/brand/maoren.gif', 13, NULL, NULL, NULL, '2016-09-06 09:37:11', b'0'),
	(14, '北极绒', 1, '"北极绒"属上海赛洋集团旗下品牌，诞生于1998年，是中国最早的保暖内衣龙头品牌之一。产品一经问世，依靠先进的科技理念、优良的品质、大众化消费，以一骑绝尘之势迅速占领市场。赵本山代言广告语"怕冷就穿北极绒，地球人都知道"，更是迅速传遍全国各地、街头巷尾，成为人们茶余饭后的谈资。北极绒也借此迅速蹿升为中国保暖内衣行业的重要领导品牌之一。<br />\r\n"千淘万漉虽辛苦，吹尽黄沙始到金"。十四年，梦想引领北极绒一直向前，在前进的道路上，北极绒不断实施产品创新改革、营销模式改革。目前，其发展已经涵盖内衣、家纺、男装三大类共计几千个品类，销售渠道网络覆盖全国28个省、市、自治区6000多个终端，产品品质和声誉赢得了消费者的一致认可。十四年发展历程中，北极绒先后荣获"中国驰名商标"、"国家免检产品"、"2007—2011年中国最具价值500强品牌"、"2001-2010年连续十年全国同类产品销量第一"、"中国内衣十大影响力品牌"、"中国保暖内衣十强品牌"、"生态纺织品认证"、"保暖内衣国家标准主要起草单位"、"中国针织工业协会标准保温率唯一认证"等累累殊荣，以唯一持续十四年长青、十四年辉煌的业绩，成为内衣行业无可争议的领袖品牌。目前，北极绒的品牌价值被世界品牌实验室评估为47.35亿元人民币。北极绒公司拥有20多项专利和5000多家由各级代理商组成的庞大完善的销售网络，产品覆盖除港澳台外的全国所有省、市、自治区，截止目前，仅保暖内衣一个品类就创造了累计销售近4000万套的经营神话，被誉为中国保暖内衣的领袖企业。<br />\r\n2008年开始，公司秉承"合作•分享•共赢"的价值观，进行多方位资源整合，实施品牌联合大发展。"百年梦圆，大国崛起"，北极绒正以领袖风范，高扛民族大旗，引领中国纺织服装企业走向国际舞台，立于世界品牌之林！<br />', 'http://www.beijirong.com.cn', 'http://storage.shopxx.net/demo-image/3.0/brand/beijirong.gif', 14, NULL, NULL, NULL, '2016-09-06 09:37:11', b'0'),
	(15, '美特斯·邦威', 1, '美特斯邦威是周成建创立于温州的一家民营企业，1995年4月22日温州解放剧院第一家专卖店的开业标志着“美特斯邦威”品牌的正式面世。创牌以来，企业坚持走品牌连锁经营的可持续发展道路，在国内服装行业率先采取“虚拟经营”的业务模式，依靠品牌营销、设计、信息化和人才队伍建设在激烈的市场竞争中形成了自己的核心竞争力，获得了令世人瞩目的成就。2004 年，“美特斯邦威 ”全系统销售额突破了25亿元。截止2005年11月30日，集团在中国已拥有上海、温州、北京、杭州、重庆、成都、广州、沈阳、西安 、天津、济南十一家分公司，近1500家加盟和直营店铺（其中面积超过500平米的旗舰店有15家），公司直营体系员工达到了4000多人，全系统员工超过了数万人，成为中国休闲服饰行业的龙头企业之一。', 'http://www.metersbonwe.com', 'http://storage.shopxx.net/demo-image/3.0/brand/metersbonwe.gif', 15, NULL, NULL, NULL, '2016-09-06 09:37:11', b'0'),
	(16, '真维斯', 1, '1993年，真维斯进军中国内地市场，在上海开设了第一间JEANSWEST真维斯专卖店。多年来，真维斯以“名牌大众化”的经营理念，“物超所值”的市场策略，稳占休闲装市场的领袖地位。现今，真维斯已在国内20多个省市开设了2000多间专卖店，拥有现时中国最大的休闲服饰销售网络。&nbsp;<br />\r\n<br />\r\n真维斯的经营理念是“名牌大众化”——少数人拥有的物品，令大众都能拥有；市场策略是“物超所值”——高价值的物品，低价钱销售。<br />\r\n真维斯服装是为广大年轻人设计的，将每季最新的潮流元素融入服装当中，以易穿易搭配的款式来吸引顾客。多年来，真维斯以大众潮流的休闲风格，深受年轻人的喜爱，已经成为年轻一代的时尚必需品。<br />\r\n<br />\r\n真维斯为了维护和加强品牌的形象，从连锁店铺的购物环境、店内布置、商品陈列、耐心的微笑服务、全面到位的售后服务、营业员的招聘选拔和工作培训及指导等方面入手，提升服务水平。<br />\r\n<br />\r\n“穷则独善其身，达则兼善天下”是真维斯企业文化的体现。目前在国内贫困地区以真维斯命名的希望小学共有36间。2008年真维斯为“希望小学快乐运动会”捐助130多万元。同年，捐资220万修建55个贫困小学操场为贫困小学建设贡献力量。此外，真维斯还分别斥资2700万元和600万元，设立了“真维斯大学生助学基金”和“真维斯希望教师基金”，为教育事业出一份力。面对灾情时，真维斯向四川汶川和青海玉树共计捐出超过1000万元人民币的善款。并通过举办“大爱中华行——真维斯·真的更精彩”慈善歌会行动，将慈善与娱乐相结合，呼吁更多年轻人关注慈善、奉献爱心。同时真维斯还通过开展“中国真维斯杯休闲装设计大赛”这一活动，给年轻人提供一个展示潜能、相互交流的平台。以体现社会价值为核心的品牌理念已深深牵动每一位真维斯顾客。<br />\r\n<br />\r\n“真维斯”是一个年轻﹑健康﹑向上的服饰品牌。“真维斯”倡导一种真诚﹑乐观的生活态度。真维斯为渴望被关注﹑被认可的年轻人打造最真的生活态度。做回真我，穿回真我，分享真我。 “真的·更精彩” 真维斯！<br />', 'http://www.jeanswest.com', 'http://storage.shopxx.net/demo-image/3.0/brand/jeanswest.gif', 16, NULL, NULL, NULL, '2016-09-06 09:37:11', b'0'),
	(17, '唐狮', 1, '唐狮“TONLION”直属于宁波博洋服饰有限公司，成立于1994年，以经营男女大众休闲服饰为主。10多年来，“唐狮”服饰长期坚持不断改善产品品质和提供专业优质的服务造福大众。<br />\r\n唐狮坚持“我有我的方式”的品牌信念，为中国的年轻潮人度身打造专属于他们的服饰品牌。2005年以来，连续三年被世界品牌实验室评定为“中国500最具价值品牌”，品牌价值31.92亿元；之后，唐狮又接连尽揽“中国驰名商标”、“中国青年最喜爱的休闲服饰品牌”、“中国服饰品牌年度大奖”等多项傲人荣誉于一身。<br />\r\n2009年初，唐狮顺应潮流，快人一步加入电子商务市场，不仅为品牌成功打开“网销化”布局的第一步，更为热火朝天的网购服装市场添了一笔佳绩。09年底便成功挤入淘宝商城男装分类销量前三名，至今一直保持领先。<br />\r\n2011年，唐狮的目标是突玻2个亿，全方位的打造电子商务第一品牌。在原有淘宝平台的基础上，又积极将营销领域延伸到拍拍、京东、趣点等国内其它网销平台，力求多方面、多层次的发展。通过各平台不同的营销模式，不同的销售群体，在反复的对比中，唐狮积累到更多关于电子商务的宝贵经验，为今后平台的不断完善和壮大，莫定了坚实的基础。<br />\r\n从曾经的服饰品牌新人王，到今天的潮流品牌星势力。每一天，唐狮都在飞速成长，每一年，唐狮都在撰写全新的篇章。唐潮盛狮崛起，辉煌未完待续。<br />', 'http://www.tonlion.com', 'http://storage.shopxx.net/demo-image/3.0/brand/tonlion.gif', 17, NULL, NULL, NULL, '2016-09-06 09:37:11', b'0');
/*!40000 ALTER TABLE `brand` ENABLE KEYS */;


-- 导出  表 jfinalshop.cart 结构
CREATE TABLE IF NOT EXISTS `cart` (
  `id` bigint(20) NOT NULL AUTO_INCREMENT COMMENT '主键_id',
  `member_id` bigint(20) DEFAULT NULL COMMENT '会员',
  `cart_key` varchar(255) NOT NULL COMMENT '密钥',
  `create_by` varchar(20) DEFAULT NULL COMMENT '创建人',
  `creation_date` datetime DEFAULT NULL COMMENT '创建日期',
  `last_updated_by` varchar(20) DEFAULT NULL COMMENT '最后修改人',
  `last_updated_date` datetime DEFAULT NULL COMMENT '最后修改日期',
  `delete_flag` bit(1) NOT NULL DEFAULT b'0' COMMENT '删除标记',
  PRIMARY KEY (`id`),
  KEY `FK9E1A84FF7C62EDF8` (`member_id`),
  CONSTRAINT `FK9E1A84FF7C62EDF8` FOREIGN KEY (`member_id`) REFERENCES `member` (`id`)
) ENGINE=InnoDB AUTO_INCREMENT=46 DEFAULT CHARSET=utf8 COMMENT='购物车';

-- 正在导出表  jfinalshop.cart 的数据：~2 rows (大约)
/*!40000 ALTER TABLE `cart` DISABLE KEYS */;
INSERT INTO `cart` (`id`, `member_id`, `cart_key`, `create_by`, `creation_date`, `last_updated_by`, `last_updated_date`, `delete_flag`) VALUES
	(41, 28, '64be7d39-371f-46fd-8822-a8d3a39837be6a53e53ed5b7f716728fa1fca7aa3d45', 'zsj', '2016-10-13 16:29:17', NULL, '2016-10-13 16:29:17', b'0'),
	(45, 29, '20b46e01-93c2-4ac0-9fbc-16fdad75d410166d328bbfb4ff47c8bfd082749e7f89', '彭森林', '2016-10-14 13:45:49', NULL, '2016-10-14 13:45:49', b'0');
/*!40000 ALTER TABLE `cart` ENABLE KEYS */;


-- 导出  表 jfinalshop.cart_item 结构
CREATE TABLE IF NOT EXISTS `cart_item` (
  `id` bigint(20) NOT NULL AUTO_INCREMENT COMMENT '主键_id',
  `product_id` bigint(20) NOT NULL COMMENT '商品',
  `quantity` int(11) NOT NULL COMMENT '数量',
  `cart_id` bigint(20) NOT NULL COMMENT '购物车',
  `create_by` varchar(20) DEFAULT NULL COMMENT '创建人',
  `creation_date` datetime DEFAULT NULL COMMENT '创建日期',
  `last_updated_by` varchar(20) DEFAULT NULL COMMENT '最后修改人',
  `last_updated_date` datetime DEFAULT NULL COMMENT '最后修改日期',
  `delete_flag` bit(1) NOT NULL DEFAULT b'0' COMMENT '删除标记',
  PRIMARY KEY (`id`),
  KEY `FK1A67F65339A23004` (`cart_id`),
  KEY `FK1A67F65379F8D99A` (`product_id`),
  CONSTRAINT `FK1A67F65339A23004` FOREIGN KEY (`cart_id`) REFERENCES `cart` (`id`),
  CONSTRAINT `FK1A67F65379F8D99A` FOREIGN KEY (`product_id`) REFERENCES `product` (`id`)
) ENGINE=InnoDB AUTO_INCREMENT=53 DEFAULT CHARSET=utf8 COMMENT='购物车项';

-- 正在导出表  jfinalshop.cart_item 的数据：~2 rows (大约)
/*!40000 ALTER TABLE `cart_item` DISABLE KEYS */;
INSERT INTO `cart_item` (`id`, `product_id`, `quantity`, `cart_id`, `create_by`, `creation_date`, `last_updated_by`, `last_updated_date`, `delete_flag`) VALUES
	(48, 6, 1, 41, 'zsj', '2016-10-13 16:29:17', NULL, '2016-10-13 16:29:17', b'0'),
	(52, 39, 2, 45, '彭森林', '2016-10-14 13:45:49', '管理员', '2016-10-14 14:12:30', b'0');
/*!40000 ALTER TABLE `cart_item` ENABLE KEYS */;


-- 导出  表 jfinalshop.consultation 结构
CREATE TABLE IF NOT EXISTS `consultation` (
  `id` bigint(20) NOT NULL AUTO_INCREMENT COMMENT '主键_id',
  `for_consultation` bigint(20) DEFAULT NULL COMMENT '咨询',
  `product_id` bigint(20) NOT NULL COMMENT '商品',
  `content` varchar(255) NOT NULL COMMENT '内容',
  `member_id` bigint(20) DEFAULT NULL COMMENT '会员',
  `is_show` bit(1) NOT NULL COMMENT '是否显示',
  `ip` varchar(255) NOT NULL COMMENT 'IP',
  `create_by` varchar(20) DEFAULT NULL COMMENT '创建人',
  `creation_date` datetime DEFAULT NULL COMMENT '创建日期',
  `last_updated_by` varchar(20) DEFAULT NULL COMMENT '最后修改人',
  `last_updated_date` datetime DEFAULT NULL COMMENT '最后修改日期',
  `delete_flag` bit(1) NOT NULL DEFAULT b'0' COMMENT '删除标记',
  PRIMARY KEY (`id`),
  KEY `FK33228D687C62EDF8` (`member_id`),
  KEY `FK33228D68366B868C` (`for_consultation`),
  KEY `FK33228D6879F8D99A` (`product_id`),
  CONSTRAINT `FK33228D68366B868C` FOREIGN KEY (`for_consultation`) REFERENCES `consultation` (`id`),
  CONSTRAINT `FK33228D6879F8D99A` FOREIGN KEY (`product_id`) REFERENCES `product` (`id`),
  CONSTRAINT `FK33228D687C62EDF8` FOREIGN KEY (`member_id`) REFERENCES `member` (`id`)
) ENGINE=InnoDB DEFAULT CHARSET=utf8 COMMENT='咨询';

-- 正在导出表  jfinalshop.consultation 的数据：~0 rows (大约)
/*!40000 ALTER TABLE `consultation` DISABLE KEYS */;
/*!40000 ALTER TABLE `consultation` ENABLE KEYS */;


-- 导出  表 jfinalshop.coupon 结构
CREATE TABLE IF NOT EXISTS `coupon` (
  `id` bigint(20) NOT NULL AUTO_INCREMENT COMMENT '主键_id',
  `name` varchar(255) NOT NULL COMMENT '名称',
  `prefix` varchar(255) NOT NULL COMMENT '前缀',
  `introduction` longtext COMMENT '介绍',
  `begin_date` datetime DEFAULT NULL COMMENT '使用起始日期',
  `end_date` datetime DEFAULT NULL COMMENT '使用结束日期',
  `is_enabled` bit(1) NOT NULL COMMENT '是否启用',
  `is_exchange` bit(1) NOT NULL COMMENT '是否允许积分兑换',
  `maximum_price` decimal(21,6) DEFAULT NULL COMMENT '最大商品价格',
  `maximum_quantity` int(11) DEFAULT NULL COMMENT '最大商品数量',
  `minimum_price` decimal(21,6) DEFAULT NULL COMMENT '最小商品价格',
  `minimum_quantity` int(11) DEFAULT NULL COMMENT '最小商品数量',
  `point` bigint(20) DEFAULT NULL COMMENT '积分兑换数',
  `price_expression` varchar(255) DEFAULT NULL COMMENT '价格运算表达式',
  `create_by` varchar(20) DEFAULT NULL COMMENT '创建人',
  `creation_date` datetime DEFAULT NULL COMMENT '创建日期',
  `last_updated_by` varchar(20) DEFAULT NULL COMMENT '最后修改人',
  `last_updated_date` datetime DEFAULT NULL COMMENT '最后修改日期',
  `delete_flag` bit(1) NOT NULL DEFAULT b'0' COMMENT '删除标记',
  PRIMARY KEY (`id`)
) ENGINE=InnoDB AUTO_INCREMENT=3 DEFAULT CHARSET=utf8 COMMENT='优惠券';

-- 正在导出表  jfinalshop.coupon 的数据：~2 rows (大约)
/*!40000 ALTER TABLE `coupon` DISABLE KEYS */;
INSERT INTO `coupon` (`id`, `name`, `prefix`, `introduction`, `begin_date`, `end_date`, `is_enabled`, `is_exchange`, `maximum_price`, `maximum_quantity`, `minimum_price`, `minimum_quantity`, `point`, `price_expression`, `create_by`, `creation_date`, `last_updated_by`, `last_updated_date`, `delete_flag`) VALUES
	(1, '200元优惠券', 'xx_', NULL, NULL, NULL, b'1', b'1', NULL, NULL, NULL, NULL, 200000, 'price - 200', '管理员', '2016-09-28 14:28:04', NULL, NULL, b'0'),
	(2, '100元优惠券', 'xx_', NULL, NULL, NULL, b'1', b'1', NULL, NULL, NULL, NULL, 100000, 'price - 100', '管理员', '2016-09-28 14:28:33', NULL, NULL, b'0');
/*!40000 ALTER TABLE `coupon` ENABLE KEYS */;


-- 导出  表 jfinalshop.coupon_code 结构
CREATE TABLE IF NOT EXISTS `coupon_code` (
  `id` bigint(20) NOT NULL AUTO_INCREMENT COMMENT '主键_id',
  `member_id` bigint(20) DEFAULT NULL COMMENT '会员',
  `code` varchar(100) NOT NULL COMMENT '号码',
  `coupon_id` bigint(20) NOT NULL COMMENT '优惠券',
  `is_used` bit(1) NOT NULL COMMENT '是否已使用',
  `used_date` datetime DEFAULT NULL COMMENT '使用日期',
  `create_by` varchar(20) DEFAULT NULL COMMENT '创建人',
  `creation_date` datetime DEFAULT NULL COMMENT '创建日期',
  `last_updated_by` varchar(20) DEFAULT NULL COMMENT '最后修改人',
  `last_updated_date` datetime DEFAULT NULL COMMENT '最后修改日期',
  `delete_flag` bit(1) NOT NULL DEFAULT b'0' COMMENT '删除标记',
  PRIMARY KEY (`id`),
  UNIQUE KEY `code` (`code`),
  KEY `FKEF53A3A77C62EDF8` (`member_id`),
  KEY `FKEF53A3A75B638910` (`coupon_id`),
  CONSTRAINT `FKEF53A3A75B638910` FOREIGN KEY (`coupon_id`) REFERENCES `coupon` (`id`),
  CONSTRAINT `FKEF53A3A77C62EDF8` FOREIGN KEY (`member_id`) REFERENCES `member` (`id`)
) ENGINE=InnoDB AUTO_INCREMENT=101 DEFAULT CHARSET=utf8 COMMENT='优惠码';

-- 正在导出表  jfinalshop.coupon_code 的数据：~100 rows (大约)
/*!40000 ALTER TABLE `coupon_code` DISABLE KEYS */;
INSERT INTO `coupon_code` (`id`, `member_id`, `code`, `coupon_id`, `is_used`, `used_date`, `create_by`, `creation_date`, `last_updated_by`, `last_updated_date`, `delete_flag`) VALUES
	(1, NULL, 'xx_DB013AB46A5A41BA8B6030430D033B1D', 1, b'0', NULL, NULL, NULL, NULL, NULL, b'0'),
	(2, NULL, 'xx_B35B65C201F74B9FA2C34B401EDEF70E', 1, b'0', NULL, NULL, NULL, NULL, NULL, b'0'),
	(3, NULL, 'xx_06321ABADB81414EB76ECF8D5AD4290D', 1, b'0', NULL, NULL, NULL, NULL, NULL, b'0'),
	(4, NULL, 'xx_15B390BC91DA4328874E6C13B779F880', 1, b'0', NULL, NULL, NULL, NULL, NULL, b'0'),
	(5, NULL, 'xx_02643F2A12944873B4E89F915078C45A', 1, b'0', NULL, NULL, NULL, NULL, NULL, b'0'),
	(6, NULL, 'xx_04AB550D385342518FA6E08ABE822214', 1, b'0', NULL, NULL, NULL, NULL, NULL, b'0'),
	(7, NULL, 'xx_F93FF5EEB009450DBBFF9DFAA82A623A', 1, b'0', NULL, NULL, NULL, NULL, NULL, b'0'),
	(8, NULL, 'xx_38877D5B970440AB9895C0BB1B190602', 1, b'0', NULL, NULL, NULL, NULL, NULL, b'0'),
	(9, NULL, 'xx_E5722A5AF4A4488F9DA24AA8931A0414', 1, b'0', NULL, NULL, NULL, NULL, NULL, b'0'),
	(10, NULL, 'xx_643938EC13A74A91ACE2540D8C3E1601', 1, b'0', NULL, NULL, NULL, NULL, NULL, b'0'),
	(11, NULL, 'xx_832A22073FA74F6D8CD633A31C3397AE', 1, b'0', NULL, NULL, NULL, NULL, NULL, b'0'),
	(12, NULL, 'xx_834E69823B9346DEA5155C974571206B', 1, b'0', NULL, NULL, NULL, NULL, NULL, b'0'),
	(13, NULL, 'xx_4FF4AE9B31EF410EA9564F8AE23CFF6B', 1, b'0', NULL, NULL, NULL, NULL, NULL, b'0'),
	(14, NULL, 'xx_A520E6742D3345A4A43876EC3FF11C55', 1, b'0', NULL, NULL, NULL, NULL, NULL, b'0'),
	(15, NULL, 'xx_5A8E8794903E4D5092772CC7E3EE00AA', 1, b'0', NULL, NULL, NULL, NULL, NULL, b'0'),
	(16, NULL, 'xx_5EA13059D7DD4E22A084FBB58DA2DFCF', 1, b'0', NULL, NULL, NULL, NULL, NULL, b'0'),
	(17, NULL, 'xx_11E2DC994BA34724A7181DE4C9083CCF', 1, b'0', NULL, NULL, NULL, NULL, NULL, b'0'),
	(18, NULL, 'xx_1F77C2EF9852452CBB09FE51CF65F560', 1, b'0', NULL, NULL, NULL, NULL, NULL, b'0'),
	(19, NULL, 'xx_420B06704D944BA5A0D40C7258B18DFB', 1, b'0', NULL, NULL, NULL, NULL, NULL, b'0'),
	(20, NULL, 'xx_D2989E3773A64BDDB05AD7561E8526C6', 1, b'0', NULL, NULL, NULL, NULL, NULL, b'0'),
	(21, NULL, 'xx_E293D55F20D04EDAA34A6257EC8DBE13', 1, b'0', NULL, NULL, NULL, NULL, NULL, b'0'),
	(22, NULL, 'xx_9B68DE4DED2043149A071F651BC6D316', 1, b'0', NULL, NULL, NULL, NULL, NULL, b'0'),
	(23, NULL, 'xx_C1CF4D59626C46E294215AA4BA9D025E', 1, b'0', NULL, NULL, NULL, NULL, NULL, b'0'),
	(24, NULL, 'xx_AB5B72B3F6A8498DB2B58F6F1AE1C5B8', 1, b'0', NULL, NULL, NULL, NULL, NULL, b'0'),
	(25, NULL, 'xx_9A7016A171BE490981A47A09C13B3450', 1, b'0', NULL, NULL, NULL, NULL, NULL, b'0'),
	(26, NULL, 'xx_795B2D9373A34148BB304FE16F05D551', 1, b'0', NULL, NULL, NULL, NULL, NULL, b'0'),
	(27, NULL, 'xx_97C58AF81E15472FB942B5363A994B24', 1, b'0', NULL, NULL, NULL, NULL, NULL, b'0'),
	(28, NULL, 'xx_0FBA71A040434D13BF2493A394AF58D0', 1, b'0', NULL, NULL, NULL, NULL, NULL, b'0'),
	(29, NULL, 'xx_43390E7497F1466D9DD39B58B12BD091', 1, b'0', NULL, NULL, NULL, NULL, NULL, b'0'),
	(30, NULL, 'xx_4660E7F9E80244E18A71091C03CFBC85', 1, b'0', NULL, NULL, NULL, NULL, NULL, b'0'),
	(31, NULL, 'xx_A8ED220D155D4CA7B47593EA5F007B11', 1, b'0', NULL, NULL, NULL, NULL, NULL, b'0'),
	(32, NULL, 'xx_5AADFA90F1AB497C99FEBB60F6546EED', 1, b'0', NULL, NULL, NULL, NULL, NULL, b'0'),
	(33, NULL, 'xx_16D6D96BA0304E8B963E4F9CAD698557', 1, b'0', NULL, NULL, NULL, NULL, NULL, b'0'),
	(34, NULL, 'xx_61D789508FDE416485CDF9E1B1A25DAB', 1, b'0', NULL, NULL, NULL, NULL, NULL, b'0'),
	(35, NULL, 'xx_A419E4123CCE4EC8A669BCAE65BF0EBD', 1, b'0', NULL, NULL, NULL, NULL, NULL, b'0'),
	(36, NULL, 'xx_A59A4E4F2ECF4BA1BD4B5F8D8358A95D', 1, b'0', NULL, NULL, NULL, NULL, NULL, b'0'),
	(37, NULL, 'xx_E5B5604A67734D47BC1E19A2BAADA2EF', 1, b'0', NULL, NULL, NULL, NULL, NULL, b'0'),
	(38, NULL, 'xx_3E9D8CC11EF14F549AAE30A0FF690FF0', 1, b'0', NULL, NULL, NULL, NULL, NULL, b'0'),
	(39, NULL, 'xx_0215FF4DD7AD4C0EB885619B85E5612A', 1, b'0', NULL, NULL, NULL, NULL, NULL, b'0'),
	(40, NULL, 'xx_DA38CDCE844E40A9A8B9564D2C40B43D', 1, b'0', NULL, NULL, NULL, NULL, NULL, b'0'),
	(41, NULL, 'xx_F59E35060F8446318E5134C5210BCB6A', 1, b'0', NULL, NULL, NULL, NULL, NULL, b'0'),
	(42, NULL, 'xx_7F0A24BB7F1040A483E7D2809D1BF30E', 1, b'0', NULL, NULL, NULL, NULL, NULL, b'0'),
	(43, NULL, 'xx_5D7F59F540C54432BFFBC8F4A33595C1', 1, b'0', NULL, NULL, NULL, NULL, NULL, b'0'),
	(44, NULL, 'xx_AA874CD79A804AF0B54031554E4012B0', 1, b'0', NULL, NULL, NULL, NULL, NULL, b'0'),
	(45, NULL, 'xx_5AB1BC2DA2E64394991A61F557E8036B', 1, b'0', NULL, NULL, NULL, NULL, NULL, b'0'),
	(46, NULL, 'xx_ABC6F5032FD94DBFA4A35563EE300780', 1, b'0', NULL, NULL, NULL, NULL, NULL, b'0'),
	(47, NULL, 'xx_F9968F0A2E104466971B45944F93382F', 1, b'0', NULL, NULL, NULL, NULL, NULL, b'0'),
	(48, NULL, 'xx_2DC50DC59B164FE9975CD6BC062D60E1', 1, b'0', NULL, NULL, NULL, NULL, NULL, b'0'),
	(49, NULL, 'xx_EE79D678082E4ADDA36A3F9BBC160165', 1, b'0', NULL, NULL, NULL, NULL, NULL, b'0'),
	(50, NULL, 'xx_0E6482FF114F41B3A74EDCF55843F031', 1, b'0', NULL, NULL, NULL, NULL, NULL, b'0'),
	(51, NULL, 'xx_9F4D613680CA47EFB967EC3ABEA29519', 1, b'0', NULL, NULL, NULL, NULL, NULL, b'0'),
	(52, NULL, 'xx_13D9C0055BCB4871BC222D7B635A8ECC', 1, b'0', NULL, NULL, NULL, NULL, NULL, b'0'),
	(53, NULL, 'xx_A4284E4BBF4144B2AE49CBC28E68A62D', 1, b'0', NULL, NULL, NULL, NULL, NULL, b'0'),
	(54, NULL, 'xx_637F7FE7F8B94072A1D8361ADE098B23', 1, b'0', NULL, NULL, NULL, NULL, NULL, b'0'),
	(55, NULL, 'xx_8D7C86EC59E7430DACBB42D2B7E4478C', 1, b'0', NULL, NULL, NULL, NULL, NULL, b'0'),
	(56, NULL, 'xx_25C7B07EFE7E402F96D75507ADAB86A5', 1, b'0', NULL, NULL, NULL, NULL, NULL, b'0'),
	(57, NULL, 'xx_8440EFFB9C3F4230A966226DEF5EAC14', 1, b'0', NULL, NULL, NULL, NULL, NULL, b'0'),
	(58, NULL, 'xx_33A7775EC3B543CD9956976F0F0F1569', 1, b'0', NULL, NULL, NULL, NULL, NULL, b'0'),
	(59, NULL, 'xx_360B5350DE7842999287AB6BA9B9B14E', 1, b'0', NULL, NULL, NULL, NULL, NULL, b'0'),
	(60, NULL, 'xx_9027A6E8BC164AB1B41CE37D637B863D', 1, b'0', NULL, NULL, NULL, NULL, NULL, b'0'),
	(61, NULL, 'xx_6D5A5D664729407B971C75E8868559FF', 1, b'0', NULL, NULL, NULL, NULL, NULL, b'0'),
	(62, NULL, 'xx_89A140B92FAF4196B539747067ADEC09', 1, b'0', NULL, NULL, NULL, NULL, NULL, b'0'),
	(63, NULL, 'xx_9CED1E984CFD4036AE0E6F598AE66642', 1, b'0', NULL, NULL, NULL, NULL, NULL, b'0'),
	(64, NULL, 'xx_D929A4C7C5AD43CAAA66905358517972', 1, b'0', NULL, NULL, NULL, NULL, NULL, b'0'),
	(65, NULL, 'xx_DD668F0D8C3A4848B556B8830BDCEADC', 1, b'0', NULL, NULL, NULL, NULL, NULL, b'0'),
	(66, NULL, 'xx_CA82006722224BACA4E0181E73C44BB2', 1, b'0', NULL, NULL, NULL, NULL, NULL, b'0'),
	(67, NULL, 'xx_0C84F6E1CE5F4A5E84C66F868C4D42FB', 1, b'0', NULL, NULL, NULL, NULL, NULL, b'0'),
	(68, NULL, 'xx_56FFAE6B9F1543AF911F00E0EA247710', 1, b'0', NULL, NULL, NULL, NULL, NULL, b'0'),
	(69, NULL, 'xx_92C6B69B71AA45D9A42B9201556B2889', 1, b'0', NULL, NULL, NULL, NULL, NULL, b'0'),
	(70, NULL, 'xx_37D2D612C32C46C3883C2C36EBC29BBC', 1, b'0', NULL, NULL, NULL, NULL, NULL, b'0'),
	(71, NULL, 'xx_85446CBBA5314572B78A34492DE92113', 1, b'0', NULL, NULL, NULL, NULL, NULL, b'0'),
	(72, NULL, 'xx_C3EAAE3AB0D74CB6908941B7FBA4D38E', 1, b'0', NULL, NULL, NULL, NULL, NULL, b'0'),
	(73, NULL, 'xx_6534ACCDEED14FE2BAD6448EF54DE33A', 1, b'0', NULL, NULL, NULL, NULL, NULL, b'0'),
	(74, NULL, 'xx_C791E9026A0843B6A5E3D5449F0416E7', 1, b'0', NULL, NULL, NULL, NULL, NULL, b'0'),
	(75, NULL, 'xx_21BCF57444884DCAB32AF33A9D3A1FD9', 1, b'0', NULL, NULL, NULL, NULL, NULL, b'0'),
	(76, NULL, 'xx_7993AE40B91446ED94B0CD1B3DCD4DB9', 1, b'0', NULL, NULL, NULL, NULL, NULL, b'0'),
	(77, NULL, 'xx_B79EE850205A44879EB3C48D892F2DD2', 1, b'0', NULL, NULL, NULL, NULL, NULL, b'0'),
	(78, NULL, 'xx_3B858C8E06414AB38FC2FC84529E8E85', 1, b'0', NULL, NULL, NULL, NULL, NULL, b'0'),
	(79, NULL, 'xx_67F228C6A3624EA89156959EA94FEA34', 1, b'0', NULL, NULL, NULL, NULL, NULL, b'0'),
	(80, NULL, 'xx_1B8C3874590A4F29B849B2438D9E9AC2', 1, b'0', NULL, NULL, NULL, NULL, NULL, b'0'),
	(81, NULL, 'xx_E7D806C4A21042EA9EB75291B61766C1', 1, b'0', NULL, NULL, NULL, NULL, NULL, b'0'),
	(82, NULL, 'xx_54874E7CC5CB4D4DB67C87B3DA60E40E', 1, b'0', NULL, NULL, NULL, NULL, NULL, b'0'),
	(83, NULL, 'xx_9B17B606FE134694BEA01DEC96448104', 1, b'0', NULL, NULL, NULL, NULL, NULL, b'0'),
	(84, NULL, 'xx_E872D7A6F987447CAFD69FD8CA9F636F', 1, b'0', NULL, NULL, NULL, NULL, NULL, b'0'),
	(85, NULL, 'xx_D97F56CFC20D482B8A753F33C37D19EA', 1, b'0', NULL, NULL, NULL, NULL, NULL, b'0'),
	(86, NULL, 'xx_7FECE574361246E98071951422E7564C', 1, b'0', NULL, NULL, NULL, NULL, NULL, b'0'),
	(87, NULL, 'xx_E18B5B1A62F348FEAE96D45101698D18', 1, b'0', NULL, NULL, NULL, NULL, NULL, b'0'),
	(88, NULL, 'xx_885FA9736A7B407CADC186FE96741118', 1, b'0', NULL, NULL, NULL, NULL, NULL, b'0'),
	(89, NULL, 'xx_C147C20FCCD745B287ABA90FD52AA00E', 1, b'0', NULL, NULL, NULL, NULL, NULL, b'0'),
	(90, NULL, 'xx_3EAED678B7B540D6B8A5C77EA124CDE9', 1, b'0', NULL, NULL, NULL, NULL, NULL, b'0'),
	(91, NULL, 'xx_2120A5AF0D524EDDAA87D968905F1786', 1, b'0', NULL, NULL, NULL, NULL, NULL, b'0'),
	(92, NULL, 'xx_2120983240FF4BC686F7193E208E3C5A', 1, b'0', NULL, NULL, NULL, NULL, NULL, b'0'),
	(93, NULL, 'xx_D290454D92AA4EF0BFF39180E4203D90', 1, b'0', NULL, NULL, NULL, NULL, NULL, b'0'),
	(94, NULL, 'xx_6BFB8BE399FA41EE9E5B89D666952435', 1, b'0', NULL, NULL, NULL, NULL, NULL, b'0'),
	(95, NULL, 'xx_B95329E4C73F4F87814D526118CA79B5', 1, b'0', NULL, NULL, NULL, NULL, NULL, b'0'),
	(96, NULL, 'xx_60C8212A24A5448F90C15E12E76B00E5', 1, b'0', NULL, NULL, NULL, NULL, NULL, b'0'),
	(97, NULL, 'xx_18382E670AA04F1AB93809EFD9E248C9', 1, b'0', NULL, NULL, NULL, NULL, NULL, b'0'),
	(98, NULL, 'xx_BCD5697AC3B54318A379B1D3633C7E64', 1, b'0', NULL, NULL, NULL, NULL, NULL, b'0'),
	(99, NULL, 'xx_BF27DDB68955464A8FAB8C577B38DC71', 1, b'0', NULL, NULL, NULL, NULL, NULL, b'0'),
	(100, NULL, 'xx_97F9F478B895405CA75DD2BA5AADA21B', 1, b'0', NULL, NULL, NULL, NULL, NULL, b'0');
/*!40000 ALTER TABLE `coupon_code` ENABLE KEYS */;


-- 导出  表 jfinalshop.delivery_center 结构
CREATE TABLE IF NOT EXISTS `delivery_center` (
  `id` bigint(20) NOT NULL COMMENT '主键_id',
  `name` varchar(255) NOT NULL COMMENT '名称',
  `contact` varchar(255) NOT NULL COMMENT '联系人',
  `mobile` varchar(255) DEFAULT NULL COMMENT '手机',
  `phone` varchar(255) DEFAULT NULL COMMENT '电话',
  `area_id` bigint(20) DEFAULT NULL COMMENT '地区',
  `area_name` varchar(255) NOT NULL COMMENT '地区名称',
  `zip_code` varchar(255) DEFAULT NULL COMMENT '邮编',
  `address` varchar(255) NOT NULL COMMENT '地址',
  `is_default` bit(1) NOT NULL COMMENT '是否默认',
  `memo` varchar(255) DEFAULT NULL COMMENT '备注',
  `create_by` varchar(20) DEFAULT NULL COMMENT '创建人',
  `creation_date` datetime DEFAULT NULL COMMENT '创建日期',
  `last_updated_by` varchar(20) DEFAULT NULL COMMENT '最后修改人',
  `last_updated_date` datetime DEFAULT NULL COMMENT '最后修改日期',
  `delete_flag` bit(1) NOT NULL DEFAULT b'0' COMMENT '删除标记',
  PRIMARY KEY (`id`),
  KEY `FK18EB77C139A0DADE` (`area_id`)
) ENGINE=InnoDB DEFAULT CHARSET=utf8 COMMENT='发货点';

-- 正在导出表  jfinalshop.delivery_center 的数据：~1 rows (大约)
/*!40000 ALTER TABLE `delivery_center` DISABLE KEYS */;
INSERT INTO `delivery_center` (`id`, `name`, `contact`, `mobile`, `phone`, `area_id`, `area_name`, `zip_code`, `address`, `is_default`, `memo`, `create_by`, `creation_date`, `last_updated_by`, `last_updated_date`, `delete_flag`) VALUES
	(1, '北京发货中心', '李小明', '13888888888', '010-88888888', 246, '山西省阳泉市郊区', '100062', '新建安天坛东路888号', b'1', NULL, NULL, NULL, '管理员', '2016-10-11 11:33:09', b'0');
/*!40000 ALTER TABLE `delivery_center` ENABLE KEYS */;


-- 导出  表 jfinalshop.delivery_corp 结构
CREATE TABLE IF NOT EXISTS `delivery_corp` (
  `id` bigint(20) NOT NULL AUTO_INCREMENT COMMENT '主键_id',
  `name` varchar(255) NOT NULL COMMENT '名称',
  `url` varchar(255) DEFAULT NULL COMMENT '网址',
  `code` varchar(255) DEFAULT NULL COMMENT '代码',
  `orders` int(11) DEFAULT NULL COMMENT '排序',
  `create_by` varchar(20) DEFAULT NULL COMMENT '创建人',
  `creation_date` datetime DEFAULT NULL COMMENT '创建日期',
  `last_updated_by` varchar(20) DEFAULT NULL COMMENT '最后修改人',
  `last_updated_date` datetime DEFAULT NULL COMMENT '最后修改日期',
  `delete_flag` bit(1) NOT NULL DEFAULT b'0' COMMENT '删除标记',
  PRIMARY KEY (`id`)
) ENGINE=InnoDB AUTO_INCREMENT=6 DEFAULT CHARSET=utf8 COMMENT='物流公司';

-- 正在导出表  jfinalshop.delivery_corp 的数据：~4 rows (大约)
/*!40000 ALTER TABLE `delivery_corp` DISABLE KEYS */;
INSERT INTO `delivery_corp` (`id`, `name`, `url`, `code`, `orders`, `create_by`, `creation_date`, `last_updated_by`, `last_updated_date`, `delete_flag`) VALUES
	(1, '圆通速递', 'http://www.yto.net.cn', 'yuantong', 1, NULL, NULL, NULL, NULL, b'0'),
	(2, '申通快递', 'http://www.sto.cn', 'shentong', 2, NULL, NULL, NULL, NULL, b'0'),
	(3, '韵达快运', 'http://www.yundaex.com', 'yunda', 3, NULL, NULL, NULL, NULL, b'0'),
	(4, '顺丰速递', 'http://www.sf-express.com', 'shunfeng', 4, NULL, NULL, NULL, NULL, b'0');
/*!40000 ALTER TABLE `delivery_corp` ENABLE KEYS */;


-- 导出  表 jfinalshop.delivery_template 结构
CREATE TABLE IF NOT EXISTS `delivery_template` (
  `id` bigint(20) NOT NULL AUTO_INCREMENT COMMENT '主键_id',
  `name` varchar(255) NOT NULL COMMENT '名称',
  `content` longtext NOT NULL COMMENT '内容',
  `background` varchar(255) DEFAULT NULL COMMENT '背景图',
  `height` int(11) NOT NULL COMMENT '高度',
  `width` int(11) NOT NULL COMMENT '宽度',
  `offsetx` int(11) NOT NULL COMMENT '偏移量X',
  `offsety` int(11) NOT NULL COMMENT '偏移量Y',
  `is_default` bit(1) NOT NULL COMMENT '是否默认',
  `memo` varchar(255) DEFAULT NULL COMMENT '备注',
  `create_by` varchar(20) DEFAULT NULL COMMENT '创建人',
  `creation_date` datetime DEFAULT NULL COMMENT '创建日期',
  `last_updated_by` varchar(20) DEFAULT NULL COMMENT '最后修改人',
  `last_updated_date` datetime DEFAULT NULL COMMENT '最后修改日期',
  `delete_flag` bit(1) NOT NULL DEFAULT b'0' COMMENT '删除标记',
  PRIMARY KEY (`id`)
) ENGINE=InnoDB AUTO_INCREMENT=3 DEFAULT CHARSET=utf8 COMMENT='快递单模板';

-- 正在导出表  jfinalshop.delivery_template 的数据：~1 rows (大约)
/*!40000 ALTER TABLE `delivery_template` DISABLE KEYS */;
INSERT INTO `delivery_template` (`id`, `name`, `content`, `background`, `height`, `width`, `offsetx`, `offsety`, `is_default`, `memo`, `create_by`, `creation_date`, `last_updated_by`, `last_updated_date`, `delete_flag`) VALUES
	(1, '圆通快递', '<DIV class=item style="Z-INDEX: 10; LEFT: 102px; TOP: 127px"><PRE>${deliveryCenter.name}</PRE>\r\n<DIV class=resize></DIV></DIV>\r\n<DIV class=item style="Z-INDEX: 9; LEFT: 103px; TOP: 98px"><PRE>${deliveryCenter.contact}</PRE>\r\n<DIV class=resize></DIV></DIV>\r\n<DIV class=item style="Z-INDEX: 11; LEFT: 102px; TOP: 164px"><PRE>${deliveryCenter.areaName}</PRE>\r\n<DIV class=resize></DIV></DIV>\r\n<DIV class=item style="Z-INDEX: 3; LEFT: 116px; TOP: 227px"><PRE>${deliveryCenter.mobile}</PRE>\r\n<DIV class=resize></DIV></DIV>\r\n<DIV class=item style="Z-INDEX: 5; LEFT: 278px; TOP: 227px"><PRE>${deliveryCenter.phone}</PRE>\r\n<DIV class=resize></DIV></DIV>\r\n<DIV class="item selected" style="Z-INDEX: 7; LEFT: 459px; TOP: 113px"><PRE>${order.consignee}</PRE>\r\n<DIV class=resize></DIV></DIV>\r\n<DIV class=item style="Z-INDEX: 10; LEFT: 455px; TOP: 171px"><PRE>${order.areaName}</PRE>\r\n<DIV class=resize></DIV></DIV>\r\n<DIV class=item style="Z-INDEX: 15; LEFT: 408px; TOP: 203px"><PRE>${order.address}</PRE>\r\n<DIV class=resize></DIV></DIV>\r\n<DIV class=item style="Z-INDEX: 1; LEFT: 50px; TOP: 198px"><PRE>${deliveryCenter.address}</PRE>\r\n<DIV class=resize></DIV></DIV>\r\n<DIV class=item style="Z-INDEX: 18; LEFT: 501px; TOP: 226px"><PRE>${order.phone}</PRE>\r\n<DIV class=resize></DIV></DIV>', 'http://storage.shopxx.net/demo-image/3.0/delivery_template/yto.png', 483, 800, 0, 0, b'1', NULL, NULL, NULL, NULL, NULL, b'0');
/*!40000 ALTER TABLE `delivery_template` ENABLE KEYS */;


-- 导出  表 jfinalshop.deposit 结构
CREATE TABLE IF NOT EXISTS `deposit` (
  `id` bigint(20) NOT NULL AUTO_INCREMENT COMMENT '主键_id',
  `type` int(11) NOT NULL COMMENT '类型',
  `member_id` bigint(20) NOT NULL COMMENT '会员',
  `operator` varchar(255) DEFAULT NULL COMMENT '操作员',
  `payment` bigint(20) DEFAULT NULL COMMENT '收款单',
  `credit` decimal(21,6) NOT NULL COMMENT '收入金额',
  `debit` decimal(21,6) NOT NULL COMMENT '支出金额',
  `balance` decimal(21,6) NOT NULL COMMENT '当前余额',
  `order_id` bigint(20) DEFAULT NULL COMMENT '订单',
  `memo` varchar(255) DEFAULT NULL COMMENT '备注',
  `create_by` varchar(20) DEFAULT NULL COMMENT '创建人',
  `creation_date` datetime DEFAULT NULL COMMENT '创建日期',
  `last_updated_by` varchar(20) DEFAULT NULL COMMENT '最后修改人',
  `last_updated_date` datetime DEFAULT NULL COMMENT '最后修改日期',
  `delete_flag` bit(1) NOT NULL DEFAULT b'0' COMMENT '删除标记',
  PRIMARY KEY (`id`),
  KEY `FKEBB7CC5F7C62EDF8` (`member_id`),
  KEY `FKEBB7CC5F4115A3C8` (`payment`),
  KEY `FKEBB7CC5FB992E8EF` (`order_id`),
  CONSTRAINT `FKEBB7CC5F4115A3C8` FOREIGN KEY (`payment`) REFERENCES `payment` (`id`),
  CONSTRAINT `FKEBB7CC5F7C62EDF8` FOREIGN KEY (`member_id`) REFERENCES `member` (`id`),
  CONSTRAINT `FKEBB7CC5FB992E8EF` FOREIGN KEY (`order_id`) REFERENCES `order` (`id`)
) ENGINE=InnoDB DEFAULT CHARSET=utf8 COMMENT='预存款';

-- 正在导出表  jfinalshop.deposit 的数据：~0 rows (大约)
/*!40000 ALTER TABLE `deposit` DISABLE KEYS */;
/*!40000 ALTER TABLE `deposit` ENABLE KEYS */;


-- 导出  表 jfinalshop.feedback 结构
CREATE TABLE IF NOT EXISTS `feedback` (
  `id` bigint(20) NOT NULL AUTO_INCREMENT,
  `member_id` bigint(20) NOT NULL COMMENT '会员ID',
  `creation_date` datetime NOT NULL COMMENT '反馈的时间',
  `suggestion` varchar(300) NOT NULL COMMENT '反馈内容',
  PRIMARY KEY (`id`)
) ENGINE=InnoDB DEFAULT CHARSET=utf8;

-- 正在导出表  jfinalshop.feedback 的数据：~0 rows (大约)
/*!40000 ALTER TABLE `feedback` DISABLE KEYS */;
/*!40000 ALTER TABLE `feedback` ENABLE KEYS */;


-- 导出  表 jfinalshop.friend_link 结构
CREATE TABLE IF NOT EXISTS `friend_link` (
  `id` bigint(20) NOT NULL AUTO_INCREMENT COMMENT '主键_id',
  `name` varchar(255) NOT NULL COMMENT '名称',
  `type` int(11) NOT NULL COMMENT '类型',
  `logo` varchar(255) DEFAULT NULL COMMENT 'logo',
  `url` varchar(255) NOT NULL COMMENT '链接地址',
  `orders` int(11) DEFAULT NULL COMMENT '订单',
  `create_by` varchar(20) DEFAULT NULL COMMENT '创建人',
  `creation_date` datetime DEFAULT NULL COMMENT '创建日期',
  `last_updated_by` varchar(20) DEFAULT NULL COMMENT '最后修改人',
  `last_updated_date` datetime DEFAULT NULL COMMENT '最后修改日期',
  `delete_flag` bit(1) NOT NULL DEFAULT b'0' COMMENT '删除标记',
  PRIMARY KEY (`id`)
) ENGINE=InnoDB AUTO_INCREMENT=11 DEFAULT CHARSET=utf8 COMMENT='友情链接';

-- 正在导出表  jfinalshop.friend_link 的数据：~9 rows (大约)
/*!40000 ALTER TABLE `friend_link` DISABLE KEYS */;
INSERT INTO `friend_link` (`id`, `name`, `type`, `logo`, `url`, `orders`, `create_by`, `creation_date`, `last_updated_by`, `last_updated_date`, `delete_flag`) VALUES
	(1, '京东', 1, 'http://storage.shopxx.net/demo-image/3.0/friend_link/tenpay.gif', 'http://www.jd.com', 1, NULL, '2016-08-10 19:06:20', NULL, NULL, b'0'),
	(2, '京东', 1, 'http://storage.shopxx.net/demo-image/3.0/friend_link/tenpay.gif', 'http://www.jd.com', 2, NULL, '2016-08-10 19:06:20', NULL, NULL, b'0'),
	(3, '支付宝', 1, 'http://storage.shopxx.net/demo-image/3.0/friend_link/alipay.gif', 'http://www.alipay.com', 3, NULL, '2016-08-10 19:06:20', NULL, NULL, b'0'),
	(4, '财付通', 1, 'http://storage.shopxx.net/demo-image/3.0/friend_link/tenpay.gif', 'http://www.tenpay.com', 4, NULL, '2016-08-10 19:06:20', NULL, NULL, b'0'),
	(5, '银联在线', 1, 'http://storage.shopxx.net/demo-image/3.0/friend_link/chinapay.gif', 'http://www.chinapay.com', 5, NULL, '2016-08-10 19:06:20', NULL, NULL, b'0'),
	(6, '快钱支付', 1, 'http://storage.shopxx.net/demo-image/3.0/friend_link/99bill.gif', 'http://www.99bill.com', 6, NULL, '2016-08-10 19:06:20', NULL, NULL, b'0'),
	(7, 'A5下载', 1, 'http://storage.shopxx.net/demo-image/3.0/friend_link/admin5.gif', 'http://down.admin5.com', 7, NULL, '2016-08-10 19:06:20', NULL, NULL, b'0'),
	(8, '快递100', 1, 'http://storage.shopxx.net/demo-image/3.0/friend_link/kuaidi100.gif', 'http://www.kuaidi100.com', 8, NULL, '2016-08-10 19:06:20', NULL, NULL, b'0'),
	(9, '站长统计', 1, 'http://storage.shopxx.net/demo-image/3.0/friend_link/cnzz.gif', 'http://www.cnzz.com', 9, NULL, '2016-08-10 19:06:20', NULL, NULL, b'0');
/*!40000 ALTER TABLE `friend_link` ENABLE KEYS */;


-- 导出  表 jfinalshop.gift_item 结构
CREATE TABLE IF NOT EXISTS `gift_item` (
  `id` bigint(20) NOT NULL AUTO_INCREMENT COMMENT '主键_id',
  `gift` bigint(20) NOT NULL COMMENT '赠品',
  `quantity` int(11) NOT NULL COMMENT '数量',
  `promotion_id` bigint(20) NOT NULL COMMENT '促销',
  `create_by` varchar(20) DEFAULT NULL COMMENT '创建人',
  `creation_date` datetime DEFAULT NULL COMMENT '创建日期',
  `last_updated_by` varchar(20) DEFAULT NULL COMMENT '最后修改人',
  `last_updated_date` datetime DEFAULT NULL COMMENT '最后修改日期',
  `delete_flag` bit(1) NOT NULL DEFAULT b'0' COMMENT '删除标记',
  PRIMARY KEY (`id`),
  UNIQUE KEY `gift` (`gift`,`promotion_id`),
  KEY `FK2FB85243FD463A02` (`promotion_id`),
  KEY `FK2FB852438C9B75DB` (`gift`),
  CONSTRAINT `FK2FB852438C9B75DB` FOREIGN KEY (`gift`) REFERENCES `product` (`id`),
  CONSTRAINT `FK2FB85243FD463A02` FOREIGN KEY (`promotion_id`) REFERENCES `promotion` (`id`)
) ENGINE=InnoDB DEFAULT CHARSET=utf8 COMMENT='赠品项';

-- 正在导出表  jfinalshop.gift_item 的数据：~0 rows (大约)
/*!40000 ALTER TABLE `gift_item` DISABLE KEYS */;
/*!40000 ALTER TABLE `gift_item` ENABLE KEYS */;


-- 导出  表 jfinalshop.goods 结构
CREATE TABLE IF NOT EXISTS `goods` (
  `id` bigint(20) NOT NULL AUTO_INCREMENT COMMENT '主键_id',
  `creation_date` datetime DEFAULT NULL COMMENT '创建日期',
  `last_updated_date` datetime DEFAULT NULL COMMENT '最后修改日期',
  PRIMARY KEY (`id`)
) ENGINE=InnoDB AUTO_INCREMENT=110 DEFAULT CHARSET=utf8 COMMENT='货品';

-- 正在导出表  jfinalshop.goods 的数据：~109 rows (大约)
/*!40000 ALTER TABLE `goods` DISABLE KEYS */;
INSERT INTO `goods` (`id`, `creation_date`, `last_updated_date`) VALUES
	(1, NULL, '2016-10-14 15:25:05'),
	(2, NULL, NULL),
	(3, NULL, NULL),
	(4, NULL, NULL),
	(5, NULL, NULL),
	(6, NULL, NULL),
	(7, NULL, NULL),
	(8, NULL, NULL),
	(9, NULL, NULL),
	(10, NULL, NULL),
	(11, NULL, NULL),
	(12, NULL, NULL),
	(13, NULL, NULL),
	(14, NULL, NULL),
	(15, NULL, NULL),
	(16, NULL, NULL),
	(17, NULL, NULL),
	(18, NULL, NULL),
	(19, NULL, NULL),
	(20, NULL, NULL),
	(21, NULL, NULL),
	(22, NULL, NULL),
	(23, NULL, NULL),
	(24, NULL, NULL),
	(25, NULL, NULL),
	(26, NULL, NULL),
	(27, NULL, NULL),
	(28, NULL, NULL),
	(29, NULL, NULL),
	(30, NULL, NULL),
	(31, NULL, NULL),
	(32, NULL, NULL),
	(33, NULL, NULL),
	(34, NULL, NULL),
	(35, NULL, NULL),
	(36, NULL, NULL),
	(37, NULL, NULL),
	(38, NULL, NULL),
	(39, NULL, NULL),
	(40, NULL, NULL),
	(41, NULL, NULL),
	(42, NULL, NULL),
	(43, NULL, NULL),
	(44, NULL, NULL),
	(45, NULL, NULL),
	(46, NULL, NULL),
	(47, NULL, NULL),
	(48, NULL, NULL),
	(49, NULL, NULL),
	(50, NULL, NULL),
	(51, NULL, NULL),
	(52, NULL, NULL),
	(53, NULL, NULL),
	(54, NULL, NULL),
	(55, NULL, NULL),
	(56, NULL, NULL),
	(57, NULL, NULL),
	(58, NULL, NULL),
	(59, NULL, NULL),
	(60, NULL, NULL),
	(61, NULL, NULL),
	(62, NULL, NULL),
	(63, '2013-07-14 00:14:01', '2013-07-14 00:14:01'),
	(64, '2013-07-14 00:14:01', '2013-07-14 00:14:01'),
	(65, '2016-09-26 09:57:06', NULL),
	(66, '2016-09-26 09:57:24', NULL),
	(67, '2016-09-26 10:04:26', NULL),
	(68, '2016-09-26 11:38:04', NULL),
	(69, '2016-09-26 11:45:23', NULL),
	(70, '2016-09-26 11:50:16', NULL),
	(71, '2016-09-26 13:48:40', NULL),
	(72, '2016-09-26 13:51:04', NULL),
	(73, '2016-09-26 13:57:27', NULL),
	(74, '2016-09-26 14:02:24', NULL),
	(75, '2016-09-26 14:15:26', NULL),
	(76, '2016-09-26 14:19:30', NULL),
	(77, '2016-09-26 14:51:06', NULL),
	(78, '2016-09-26 15:29:41', NULL),
	(79, '2016-09-26 15:58:02', NULL),
	(80, '2016-09-26 16:07:01', NULL),
	(81, '2016-09-26 16:09:57', NULL),
	(82, '2016-09-26 16:13:25', NULL),
	(83, '2016-09-26 16:17:45', NULL),
	(84, '2016-09-26 16:57:43', NULL),
	(85, '2016-09-26 19:11:10', NULL),
	(86, '2016-09-26 19:22:53', NULL),
	(87, '2016-09-26 19:49:30', NULL),
	(88, '2016-09-26 19:53:36', NULL),
	(89, '2016-09-26 20:18:42', NULL),
	(90, '2016-09-26 20:32:10', NULL),
	(91, '2016-09-27 09:18:19', NULL),
	(92, '2016-09-27 09:23:56', NULL),
	(93, '2016-09-27 09:58:06', NULL),
	(94, '2016-09-27 10:06:03', NULL),
	(95, '2016-09-27 10:21:56', NULL),
	(96, '2016-09-27 10:25:08', NULL),
	(97, '2016-09-27 10:26:52', '2016-09-27 11:38:16'),
	(98, '2016-09-27 14:00:57', NULL),
	(99, '2016-09-27 14:06:14', '2016-09-27 14:37:15'),
	(100, '2016-09-27 18:46:26', NULL),
	(101, '2016-09-27 18:47:53', NULL),
	(102, '2016-09-27 18:53:53', '2016-09-28 10:03:16'),
	(103, '2016-09-27 18:56:28', NULL),
	(104, '2016-09-28 09:05:37', NULL),
	(105, '2016-09-28 10:05:27', '2016-09-28 10:06:43'),
	(106, '2016-09-30 15:38:33', '2016-10-11 12:30:29'),
	(107, '2016-10-11 13:46:09', '2016-10-12 22:02:48'),
	(108, '2016-10-13 14:28:14', '2016-10-13 14:37:21'),
	(109, '2016-10-13 23:38:35', '2016-10-13 23:39:25');
/*!40000 ALTER TABLE `goods` ENABLE KEYS */;


-- 导出  表 jfinalshop.log 结构
CREATE TABLE IF NOT EXISTS `log` (
  `id` bigint(20) NOT NULL AUTO_INCREMENT COMMENT '主键_id',
  `content` longtext COMMENT '内容',
  `operation` varchar(255) NOT NULL COMMENT '操作',
  `operator` varchar(255) DEFAULT NULL COMMENT '操作员',
  `parameter` longtext COMMENT '请求参数',
  `ip` varchar(255) NOT NULL COMMENT 'IP',
  `create_by` varchar(20) DEFAULT NULL COMMENT '创建人',
  `creation_date` datetime DEFAULT NULL COMMENT '创建日期',
  `last_updated_by` varchar(20) DEFAULT NULL COMMENT '最后修改人',
  `last_updated_date` datetime DEFAULT NULL COMMENT '最后修改日期',
  `delete_flag` bit(1) NOT NULL DEFAULT b'0' COMMENT '删除标记',
  PRIMARY KEY (`id`)
) ENGINE=InnoDB AUTO_INCREMENT=76 DEFAULT CHARSET=utf8 COMMENT='日志';

-- 正在导出表  jfinalshop.log 的数据：~75 rows (大约)
/*!40000 ALTER TABLE `log` DISABLE KEYS */;
INSERT INTO `log` (`id`, `content`, `operation`, `operator`, `parameter`, `ip`, `create_by`, `creation_date`, `last_updated_by`, `last_updated_date`, `delete_flag`) VALUES
	(1, NULL, '添加商品', 'admin', 'isList = true\nweight = 12\nmemo = 12\nseoKeywords = 12\nseoDescription = 12\nbrandId = 1\n_isGift = false\nseoTitle = 21\nstock = 12\ntoken = fe5aedb5-8631-433f-a93b-9a9420cfc5d0\nstockMemo = 12\nisMemberPrice = true\ntagIds = 1\ntagIds = 2\nname = 111\nproductImages[0].title = \n_isMarketable = false\nsn = \nmarketPrice = 121\nkeyword = 12\nproductImages[0].order = \nmemberPrice_3 = 12\nisMarketable = true\nimage = 121\nmemberPrice_2 = 12\nmemberPrice_1 = 12\ncost = 12\nmemberPrice_5 = 95\nmemberPrice_4 = 12\npoint = 12\nunit = 12\n_isTop = false\nprice = 1111\n_isList = false\nproductCategoryId = 1\nintroduction = 12121\n', '0:0:0:0:0:0:0:1', '111', '2016-08-10 10:12:11', NULL, NULL, b'0'),
	(2, NULL, '编辑商品', '管理员', '', '0:0:0:0:0:0:0:1', '管理员', '2016-09-28 09:00:03', NULL, NULL, b'0'),
	(3, NULL, '添加商品', '管理员', '', '0:0:0:0:0:0:0:1', '管理员', '2016-09-28 09:05:37', NULL, NULL, b'0'),
	(4, NULL, '添加管理员', '管理员', 'admin.username = hycx1\nadmin.password = hycxli\nadmin.email = hycx263@163.com\nroleIds = 1\nadmin.is_enabled = true\n_isEnabled = false\nadmin.department = \nadmin.name = 李红元\n', '0:0:0:0:0:0:0:1', '管理员', '2016-09-28 09:09:15', NULL, NULL, b'0'),
	(5, NULL, '添加管理员', '管理员', 'admin.username = hycx2\nadmin.password = hycxli\nadmin.email = hycx265@163.com\nroleIds = 3\nadmin.is_enabled = true\n_isEnabled = false\nadmin.department = \nadmin.name = 张三\n', '0:0:0:0:0:0:0:1', '管理员', '2016-09-28 09:12:27', NULL, NULL, b'0'),
	(6, NULL, '添加管理员', '管理员', 'admin.username = hycx5\nadmin.password = hycxli\nadmin.email = hycx267@163.com\nroleIds = 2\nadmin.is_enabled = true\n_isEnabled = false\nadmin.department = \nadmin.name = 2222\n', '0:0:0:0:0:0:0:1', '管理员', '2016-09-28 09:20:27', NULL, NULL, b'0'),
	(7, NULL, '删除商品', '管理员', 'ids = 43\n', '0:0:0:0:0:0:0:1', '管理员', '2016-09-28 10:03:04', NULL, NULL, b'0'),
	(8, NULL, '编辑商品', '管理员', '', '0:0:0:0:0:0:0:1', '管理员', '2016-09-28 10:03:16', NULL, NULL, b'0'),
	(9, NULL, '添加商品', '管理员', '', '0:0:0:0:0:0:0:1', '管理员', '2016-09-28 10:05:26', NULL, NULL, b'0'),
	(10, NULL, '编辑商品', '管理员', '', '0:0:0:0:0:0:0:1', '管理员', '2016-09-28 10:06:42', NULL, NULL, b'0'),
	(11, NULL, '删除会员', '管理员', 'ids = 10\n', '0:0:0:0:0:0:0:1', '管理员', '2016-09-28 10:32:21', NULL, NULL, b'0'),
	(12, NULL, '添加文章', '管理员', 'article.title = 12\narticle.article_category_id = 1\narticle.author = 121\narticle.is_publication = true\narticle.is_publication = false\narticle.is_top = false\ntagIds = 3\narticle.content = 121\narticle.seo_title = 121\narticle.seo_keywords = 12\narticle.seo_description = 12\n', '0:0:0:0:0:0:0:1', '管理员', '2016-09-28 13:41:12', NULL, NULL, b'0'),
	(13, NULL, '编辑文章', '管理员', 'article.id = 8\narticle.title = 12\narticle.article_category_id = 1\narticle.author = 121\narticle.is_publication = true\narticle.is_publication = false\narticle.is_top = false\ntagIds = 3\narticle.content = 121111111\narticle.seo_title = 121\narticle.seo_keywords = 12\narticle.seo_description = 12\n', '0:0:0:0:0:0:0:1', '管理员', '2016-09-28 13:41:22', NULL, NULL, b'0'),
	(14, NULL, '删除文章', '管理员', 'ids = 2\nids = 3\nids = 4\nids = 5\nids = 6\nids = 7\nids = 8\n', '0:0:0:0:0:0:0:1', '管理员', '2016-09-28 13:44:25', NULL, NULL, b'0'),
	(15, NULL, '删除文章', '管理员', 'ids = 8\n', '0:0:0:0:0:0:0:1', '管理员', '2016-09-28 13:44:41', NULL, NULL, b'0'),
	(16, NULL, '删除文章', '管理员', 'ids = 8\n', '0:0:0:0:0:0:0:1', '管理员', '2016-09-28 13:51:38', NULL, NULL, b'0'),
	(17, NULL, '删除文章', '管理员', 'ids = 2\nids = 3\nids = 4\nids = 5\nids = 6\nids = 7\n', '0:0:0:0:0:0:0:1', '管理员', '2016-09-28 13:51:41', NULL, NULL, b'0'),
	(18, NULL, '订单确认', '管理员', 'id = 41\n', '0:0:0:0:0:0:0:1', '管理员', '2016-09-29 14:01:16', NULL, NULL, b'0'),
	(19, NULL, '订单发货', '管理员', 'token = \norderId = 41\nshippingMethodId = 1\ndeliveryCorpId = 2\ntrackingNo = ST1000000001\nfreight = 12\nconsignee = 李红元\nzipCode = 421819\nareaId = 20\nareaId_select = 18\nareaId_select = 20\naddress = 嘉信城市广场1期办公楼4楼\nphone = 13798064110\nmemo = 2016-09-29发货\nshippingItems[0].sn = 20160921102\nshippingItems[0].quantity = 1\nshippingItems[1].sn = 20160919101\nshippingItems[1].quantity = 1\n', '0:0:0:0:0:0:0:1', '管理员', '2016-09-29 14:02:32', NULL, NULL, b'0'),
	(20, NULL, '订单发货', '管理员', 'token = \norderId = 41\nshippingMethodId = 1\ndeliveryCorpId = 1\ntrackingNo = ST1000000001\nfreight = 12\nconsignee = 李红元\nzipCode = 421819\nareaId = 4\nareaId_select = 1\nareaId_select = 4\naddress = 嘉信城市广场1期办公楼4楼\nphone = 13798064110\nmemo = 2016-09-29发货\nshippingItems[0].sn = 20160921102\nshippingItems[0].quantity = 1\nshippingItems[1].sn = 20160919101\nshippingItems[1].quantity = 1\n', '0:0:0:0:0:0:0:1', '管理员', '2016-09-29 14:05:09', NULL, NULL, b'0'),
	(21, NULL, '订单发货', '管理员', 'token = \norderId = 41\nshippingMethodId = 1\ndeliveryCorpId = 1\nshipping.trackingNo = LT0100000001\nshipping.freight = 12\nshipping.consignee = 李红元\nshipping.zip_code = 421819\nareaId = 20\nareaId_select = 18\nareaId_select = 20\nshipping.address = 嘉信城市广场1期办公楼4楼\nshipping.phone = 13798064110\nshipping.memo = \nshippingItem[0].sn = 20160921102\nshippingItem[0].quantity = 1\nshippingItem[1].sn = 20160919101\nshippingItem[1].quantity = 1\n', '0:0:0:0:0:0:0:1', '管理员', '2016-09-29 14:35:05', NULL, NULL, b'0'),
	(22, NULL, '订单发货', '管理员', 'token = \norderId = 41\nshippingMethodId = 1\ndeliveryCorpId = 1\nshipping.tracking_no = st10000001\nshipping.freight = 12\nshipping.consignee = 李红元\nshipping.zip_code = 421819\nareaId = 88\nareaId_select = 35\nareaId_select = 83\nareaId_select = 88\nshipping.address = 嘉信城市广场1期办公楼4楼\nshipping.phone = 13798064110\nshipping.memo = \nshippingItem[0].sn = 20160921102\nshippingItem[0].quantity = 1\nshippingItem[1].sn = 20160919101\nshippingItem[1].quantity = 1\n', '0:0:0:0:0:0:0:1', '管理员', '2016-09-29 14:37:44', NULL, NULL, b'0'),
	(23, NULL, '订单完成', '管理员', 'id = 41\n', '0:0:0:0:0:0:0:1', '管理员', '2016-09-29 14:46:21', NULL, NULL, b'0'),
	(24, NULL, '订单确认', '管理员', 'id = 42\n', '0:0:0:0:0:0:0:1', '管理员', '2016-09-29 16:50:17', NULL, NULL, b'0'),
	(25, NULL, '订单退款', '管理员', 'token = \norderId = 42\nbank = 支付宝\nrefunds.account = 187048359@qq.com\nrefunds.amount = 199\nrefunds.payee = 李红元\nmethod = online\npaymentMethodId = 1\nrefunds.memo = 退款\n', '0:0:0:0:0:0:0:1', '管理员', '2016-09-29 17:33:39', NULL, NULL, b'0'),
	(26, NULL, '订单退款', '管理员', 'token = \norderId = 42\nbank = 支付宝\nrefunds.account = 187048359@qq.com\nrefunds.amount = 199\nrefunds.payee = 李红元\nmethod = online\npaymentMethodId = 1\nrefunds.memo = 退款\n', '0:0:0:0:0:0:0:1', '管理员', '2016-09-29 17:40:31', NULL, NULL, b'0'),
	(27, NULL, '订单退款', '管理员', 'token = \norderId = 42\nbank = 支付宝\nrefunds.account = 187048359@qq.com\nrefunds.amount = 199\nrefunds.payee = 李红元\nmethod = online\npaymentMethodId = 1\nrefunds.memo = 退款\n', '0:0:0:0:0:0:0:1', '管理员', '2016-09-29 18:01:19', NULL, NULL, b'0'),
	(28, NULL, '订单发货', '管理员', 'token = \norderId = 42\nshippingMethodId = 1\ndeliveryCorpId = 1\nshipping.tracking_no = 11111111\nshipping.freight = 111\nshipping.consignee = 213\nshipping.zip_code = 131\nareaId = 1918\nareaId_select = 1809\nareaId_select = 1918\nareaId_select = \nshipping.address = 12321\nshipping.phone = 312312312312\nshipping.memo = 111\nshippingItem[0].sn = 20160921102\nshippingItem[0].quantity = 1\n', '0:0:0:0:0:0:0:1', '管理员', '2016-09-29 18:50:13', NULL, NULL, b'0'),
	(29, NULL, '订单退货', '管理员', 'token = \norderId = 42\nshippingMethodId = 1\ndeliveryCorpId = 1\nreturns.tracking_no = 1212121212\nreturns.freight = 12\nreturns.shipper = 213\nreturns.zip_code = 131\nareaId = 20\nareaId_select = 18\nareaId_select = 20\nreturns.address = 12321\nreturns.phone = 312312312312\nreturns.memo = 1212\nreturnsItems[0].sn = 20160921102\nreturnsItems[0].quantity = 1\n', '0:0:0:0:0:0:0:1', '管理员', '2016-09-29 19:22:36', NULL, NULL, b'0'),
	(30, NULL, '订单退货', '管理员', 'token = \norderId = 42\nshippingMethodId = 1\ndeliveryCorpId = \nreturns.tracking_no = ST1111010010\nreturns.freight = 12\nreturns.shipper = 21311\nreturns.zip_code = 131\nareaId = 6\nareaId_select = 1\nareaId_select = 6\nreturns.address = 12321\nreturns.phone = 312312312312\nreturns.memo = 1212\nreturnsItem[0].sn = 20160921102\nreturnsItem[0].quantity = 1\n', '0:0:0:0:0:0:0:1', '管理员', '2016-09-29 19:26:30', NULL, NULL, b'0'),
	(31, NULL, '订单退货', '管理员', 'token = \norderId = 42\nshippingMethodId = 1\ndeliveryCorpId = 1\nreturns.tracking_no = ST1111010010\nreturns.freight = 12\nreturns.shipper = 213\nreturns.zip_code = 131\nareaId = 1931\nareaId_select = 1809\nareaId_select = 1931\nareaId_select = \nreturns.address = 12321\nreturns.phone = 312312312312\nreturns.memo = \nreturnsItem[0].sn = 20160921102\nreturnsItem[0].quantity = 1\n', '0:0:0:0:0:0:0:1', '管理员', '2016-09-29 19:28:19', NULL, NULL, b'0'),
	(32, NULL, '订单退货', '管理员', 'token = \norderId = 42\nshippingMethodId = 1\ndeliveryCorpId = 2\nreturns.tracking_no = ST1111010010\nreturns.freight = 12\nreturns.shipper = 213\nreturns.zip_code = 131\nareaId = 22\nareaId_select = 18\nareaId_select = 22\nreturns.address = 12321\nreturns.phone = 312312312312\nreturns.memo = \nreturnsItem[0].sn = 20160921102\nreturnsItem[0].quantity = 1\n', '0:0:0:0:0:0:0:1', '管理员', '2016-09-29 19:30:07', NULL, NULL, b'0'),
	(33, NULL, '订单退货', '管理员', 'token = \norderId = 42\nshippingMethodId = 1\ndeliveryCorpId = 1\nreturns.tracking_no = ST1111010010\nreturns.freight = 12\nreturns.shipper = 213\nreturns.zip_code = 131\nareaId = 21\nareaId_select = 18\nareaId_select = 21\nreturns.address = 12321\nreturns.phone = 312312312312\nreturns.memo = \nreturnsItem[0].sn = 20160921102\nreturnsItem[0].quantity = 1\n', '0:0:0:0:0:0:0:1', '管理员', '2016-09-29 19:32:09', NULL, NULL, b'0'),
	(34, NULL, '系统设置', '管理员', '', '0:0:0:0:0:0:0:1', '管理员', '2016-09-30 11:45:56', NULL, NULL, b'0'),
	(35, NULL, '系统设置', '管理员', '', '0:0:0:0:0:0:0:1', '管理员', '2016-09-30 11:47:47', NULL, NULL, b'0'),
	(36, NULL, '系统设置', '管理员', '', '0:0:0:0:0:0:0:1', '管理员', '2016-09-30 12:02:45', NULL, NULL, b'0'),
	(37, NULL, '系统设置', '管理员', '', '0:0:0:0:0:0:0:1', '管理员', '2016-09-30 12:07:01', NULL, NULL, b'0'),
	(38, NULL, '系统设置', '管理员', '', '0:0:0:0:0:0:0:1', '管理员', '2016-09-30 13:49:45', NULL, NULL, b'0'),
	(39, NULL, '系统设置', '管理员', '', '0:0:0:0:0:0:0:1', '管理员', '2016-09-30 13:54:07', NULL, NULL, b'0'),
	(40, NULL, '系统设置', '管理员', '', '0:0:0:0:0:0:0:1', '管理员', '2016-09-30 14:28:34', NULL, NULL, b'0'),
	(41, NULL, '系统设置', '管理员', '', '0:0:0:0:0:0:0:1', '管理员', '2016-09-30 14:29:34', NULL, NULL, b'0'),
	(42, NULL, '系统设置', '管理员', '', '0:0:0:0:0:0:0:1', '管理员', '2016-09-30 14:34:10', NULL, NULL, b'0'),
	(43, NULL, '系统设置', '管理员', '', '0:0:0:0:0:0:0:1', '管理员', '2016-09-30 14:40:31', NULL, NULL, b'0'),
	(44, NULL, '系统设置', '管理员', '', '0:0:0:0:0:0:0:1', '管理员', '2016-09-30 14:43:54', NULL, NULL, b'0'),
	(45, NULL, '系统设置', '管理员', '', '0:0:0:0:0:0:0:1', '管理员', '2016-09-30 14:44:02', NULL, NULL, b'0'),
	(46, NULL, '系统设置', '管理员', '', '0:0:0:0:0:0:0:1', '管理员', '2016-09-30 14:46:49', NULL, NULL, b'0'),
	(47, NULL, '系统设置', '管理员', '', '0:0:0:0:0:0:0:1', '管理员', '2016-09-30 14:47:46', NULL, NULL, b'0'),
	(48, NULL, '系统设置', '管理员', '', '0:0:0:0:0:0:0:1', '管理员', '2016-09-30 14:50:13', NULL, NULL, b'0'),
	(49, NULL, '系统设置', '管理员', '', '0:0:0:0:0:0:0:1', '管理员', '2016-09-30 14:51:39', NULL, NULL, b'0'),
	(50, NULL, '系统设置', '管理员', '', '0:0:0:0:0:0:0:1', '管理员', '2016-09-30 14:53:29', NULL, NULL, b'0'),
	(51, NULL, '系统设置', '管理员', '', '0:0:0:0:0:0:0:1', '管理员', '2016-09-30 15:19:43', NULL, NULL, b'0'),
	(52, NULL, '系统设置', '管理员', '', '0:0:0:0:0:0:0:1', '管理员', '2016-09-30 15:20:18', NULL, NULL, b'0'),
	(53, NULL, '添加商品', '管理员', '', '0:0:0:0:0:0:0:1', '管理员', '2016-09-30 15:38:33', NULL, NULL, b'0'),
	(54, NULL, '系统设置', '管理员', '', '0:0:0:0:0:0:0:1', '管理员', '2016-09-30 15:54:44', NULL, NULL, b'0'),
	(55, NULL, '系统设置', '管理员', '', '0:0:0:0:0:0:0:1', '管理员', '2016-09-30 15:58:33', NULL, NULL, b'0'),
	(56, NULL, '系统设置', '管理员', '', '0:0:0:0:0:0:0:1', '管理员', '2016-09-30 16:00:43', NULL, NULL, b'0'),
	(57, NULL, '系统设置', '管理员', '', '0:0:0:0:0:0:0:1', '管理员', '2016-09-30 16:01:23', NULL, NULL, b'0'),
	(58, NULL, '编辑商品', '管理员', '', '115.206.119.173', '管理员', '2016-10-11 12:30:29', NULL, NULL, b'0'),
	(59, NULL, '添加商品', '管理员', '', '183.26.168.220', '管理员', '2016-10-11 13:46:09', NULL, NULL, b'0'),
	(60, NULL, '编辑商品', '管理员', '', '183.26.168.220', '管理员', '2016-10-11 13:48:13', NULL, NULL, b'0'),
	(61, NULL, '编辑商品', '管理员', '', '183.26.168.220', '管理员', '2016-10-11 13:51:39', NULL, NULL, b'0'),
	(62, NULL, '编辑商品', '管理员', '', '183.26.168.220', '管理员', '2016-10-11 13:59:29', NULL, NULL, b'0'),
	(63, NULL, '编辑商品', '管理员', '', '183.26.168.220', '管理员', '2016-10-11 13:59:50', NULL, NULL, b'0'),
	(64, NULL, '编辑商品', '管理员', '', '183.26.168.220', '管理员', '2016-10-11 14:05:28', NULL, NULL, b'0'),
	(65, NULL, '编辑商品', '管理员', '', '183.26.168.220', '管理员', '2016-10-11 14:07:10', NULL, NULL, b'0'),
	(66, NULL, '编辑商品', '管理员', '', '183.128.143.23', '管理员', '2016-10-11 17:20:07', NULL, NULL, b'0'),
	(67, NULL, '订单确认', '管理员', 'id = 44\n', '183.26.168.220', '管理员', '2016-10-12 10:45:09', NULL, NULL, b'0'),
	(68, NULL, '编辑商品', '管理员', '', '59.56.91.77', '管理员', '2016-10-12 22:02:48', NULL, NULL, b'0'),
	(69, NULL, '系统设置', '管理员', '', '120.85.138.70', '管理员', '2016-10-12 23:48:41', NULL, NULL, b'0'),
	(70, NULL, '添加商品', '管理员', '', '183.26.168.220', '管理员', '2016-10-13 14:28:14', NULL, NULL, b'0'),
	(71, NULL, '编辑商品', '管理员', '', '183.26.168.220', '管理员', '2016-10-13 14:37:21', NULL, NULL, b'0'),
	(72, NULL, '添加文章', '管理员', 'article.title = cc\narticle.article_category_id = 1\narticle.author = cc\narticle.is_publication = true\narticle.is_publication = false\narticle.is_top = true\narticle.is_top = false\ntagIds = 3\narticle.content = ccccc\narticle.seo_title = cc\narticle.seo_keywords = cc\narticle.seo_description = cc\n', '119.57.35.66', '管理员', '2016-10-13 15:52:39', NULL, NULL, b'0'),
	(73, NULL, '添加商品', '管理员', '', '117.101.45.123', '管理员', '2016-10-13 23:38:35', NULL, NULL, b'0'),
	(74, NULL, '编辑商品', '管理员', '', '117.101.45.123', '管理员', '2016-10-13 23:39:25', NULL, NULL, b'0'),
	(75, NULL, '编辑商品', '管理员', '', '58.67.136.211', '管理员', '2016-10-14 15:25:05', NULL, NULL, b'0');
/*!40000 ALTER TABLE `log` ENABLE KEYS */;


-- 导出  表 jfinalshop.member 结构
CREATE TABLE IF NOT EXISTS `member` (
  `id` bigint(20) NOT NULL AUTO_INCREMENT COMMENT '主键_id',
  `username` varchar(100) NOT NULL COMMENT '用户名',
  `password` varchar(255) NOT NULL COMMENT '密码',
  `name` varchar(255) DEFAULT NULL COMMENT '姓名',
  `gender` int(11) DEFAULT NULL COMMENT '性别',
  `mobile` varchar(255) DEFAULT NULL COMMENT '手机',
  `phone` varchar(255) DEFAULT NULL COMMENT '电话',
  `birth` datetime DEFAULT NULL COMMENT '出生日期',
  `zip_code` varchar(255) DEFAULT NULL COMMENT '邮编',
  `area_id` bigint(20) DEFAULT NULL COMMENT '地区',
  `address` varchar(255) DEFAULT NULL COMMENT '地址',
  `email` varchar(255) NOT NULL COMMENT 'E-mail',
  `amount` decimal(27,12) NOT NULL COMMENT '消费金额',
  `balance` decimal(27,12) NOT NULL COMMENT '余额',
  `point` bigint(20) NOT NULL COMMENT '积分',
  `member_rank_id` bigint(20) NOT NULL COMMENT '会员等级',
  `register_ip` varchar(255) NOT NULL COMMENT '注册IP',
  `attribute_value0` varchar(255) DEFAULT NULL COMMENT '会员注册项值0',
  `attribute_value1` varchar(255) DEFAULT NULL COMMENT '会员注册项值1',
  `attribute_value2` varchar(255) DEFAULT NULL COMMENT '会员注册项值2',
  `attribute_value3` varchar(255) DEFAULT NULL COMMENT '会员注册项值3',
  `attribute_value4` varchar(255) DEFAULT NULL COMMENT '会员注册项值4',
  `attribute_value5` varchar(255) DEFAULT NULL COMMENT '会员注册项值5',
  `attribute_value6` varchar(255) DEFAULT NULL COMMENT '会员注册项值6',
  `attribute_value7` varchar(255) DEFAULT NULL COMMENT '会员注册项值7',
  `attribute_value8` varchar(255) DEFAULT NULL COMMENT '会员注册项值8',
  `attribute_value9` varchar(255) DEFAULT NULL COMMENT '会员注册项值9',
  `is_enabled` bit(1) NOT NULL COMMENT '是否启用',
  `is_locked` bit(1) NOT NULL COMMENT '是否锁定',
  `locked_date` datetime DEFAULT NULL COMMENT '锁定日期',
  `login_date` datetime DEFAULT NULL COMMENT '最后登录日期',
  `login_failure_count` int(11) NOT NULL COMMENT '连续登录失败次数',
  `login_ip` varchar(255) DEFAULT NULL COMMENT '最后登录IP',
  `safe_key_expire` datetime DEFAULT NULL COMMENT '安全密匙有效期',
  `safe_key_value` varchar(255) DEFAULT NULL COMMENT '安全密匙值',
  `create_by` varchar(20) DEFAULT NULL COMMENT '创建人',
  `creation_date` datetime DEFAULT NULL COMMENT '创建日期',
  `last_updated_by` varchar(20) DEFAULT NULL COMMENT '最后修改人',
  `last_updated_date` datetime DEFAULT NULL COMMENT '最后修改日期',
  `delete_flag` bit(1) NOT NULL DEFAULT b'0' COMMENT '删除标记',
  PRIMARY KEY (`id`),
  UNIQUE KEY `username` (`username`),
  KEY `FK92D398B939A0DADE` (`area_id`),
  KEY `FK92D398B937884F5B` (`member_rank_id`)
) ENGINE=InnoDB AUTO_INCREMENT=31 DEFAULT CHARSET=utf8 COMMENT='会员';

-- 正在导出表  jfinalshop.member 的数据：~20 rows (大约)
/*!40000 ALTER TABLE `member` DISABLE KEYS */;
INSERT INTO `member` (`id`, `username`, `password`, `name`, `gender`, `mobile`, `phone`, `birth`, `zip_code`, `area_id`, `address`, `email`, `amount`, `balance`, `point`, `member_rank_id`, `register_ip`, `attribute_value0`, `attribute_value1`, `attribute_value2`, `attribute_value3`, `attribute_value4`, `attribute_value5`, `attribute_value6`, `attribute_value7`, `attribute_value8`, `attribute_value9`, `is_enabled`, `is_locked`, `locked_date`, `login_date`, `login_failure_count`, `login_ip`, `safe_key_expire`, `safe_key_value`, `create_by`, `creation_date`, `last_updated_by`, `last_updated_date`, `delete_flag`) VALUES
	(1, 'hycx', '7adeaf546b7726c8a40fd4c9c2e96653', '李红元', 0, NULL, NULL, '2016-05-25 00:00:00', NULL, 4, NULL, 'hycxli', 0.000000000000, 1222.000000000000, 299, 1, '0:0:0:0:0:0:0:1', NULL, NULL, NULL, NULL, NULL, NULL, NULL, NULL, NULL, NULL, b'1', b'0', NULL, '2016-10-11 10:32:22', 0, '183.26.168.220', NULL, NULL, NULL, '2016-09-09 10:10:10', NULL, '2016-09-23 17:55:09', b'0'),
	(2, '111', 'b59c67bf196a4758191e42f76670ceba', '111', 0, NULL, NULL, '2016-09-14 00:00:00', NULL, 1806, '111', '1@173.com', 0.000000000000, 0.000000000000, 0, 1, '0:0:0:0:0:0:0:1', '有', NULL, NULL, NULL, NULL, NULL, NULL, NULL, NULL, NULL, b'1', b'0', NULL, '2016-09-12 14:22:39', 4, '0:0:0:0:0:0:0:1', NULL, NULL, NULL, '2016-09-12 14:21:24', NULL, '2016-09-23 17:52:42', b'0'),
	(3, '2222', '934b535800b1cba8f96a5d72f72f1611', '张三', 0, NULL, NULL, '2016-09-16 00:00:00', NULL, 1660, '周家口', '2@173.com', 0.000000000000, 0.000000000000, 0, 1, '0:0:0:0:0:0:0:1', '有', NULL, NULL, NULL, NULL, NULL, NULL, NULL, NULL, NULL, b'1', b'0', NULL, '2016-09-12 14:23:28', 0, '0:0:0:0:0:0:0:1', NULL, NULL, NULL, '2016-09-12 14:23:28', NULL, NULL, b'0'),
	(4, '333', '2be9bd7a3434f7038ca27d1918de58bd', '3333', 0, NULL, NULL, '2016-09-22 00:00:00', NULL, NULL, '1111', '3@173.com', 0.000000000000, 0.000000000000, 0, 1, '0:0:0:0:0:0:0:1', '有', NULL, NULL, NULL, NULL, NULL, NULL, NULL, NULL, NULL, b'1', b'0', NULL, '2016-09-12 14:54:50', 0, '0:0:0:0:0:0:0:1', NULL, NULL, NULL, '2016-09-12 14:54:50', NULL, NULL, b'0'),
	(5, '4444', '79b7cdcd14db14e9cb498f1793817d69', '3333', 0, NULL, NULL, '2016-09-14 00:00:00', NULL, NULL, NULL, '4@173.com', 0.000000000000, 0.000000000000, 0, 1, '0:0:0:0:0:0:0:1', '有', NULL, NULL, NULL, NULL, NULL, NULL, NULL, NULL, NULL, b'1', b'0', NULL, '2016-09-12 14:55:55', 0, '0:0:0:0:0:0:0:1', NULL, NULL, NULL, '2016-09-12 14:55:55', NULL, NULL, b'0'),
	(6, 'hycx2', '7adeaf546b7726c8a40fd4c9c2e96653', '1111', 0, NULL, NULL, '2016-09-22 00:00:00', NULL, 6, NULL, '1@163.com', 0.000000000000, 0.000000000000, 0, 1, '0:0:0:0:0:0:0:1', '有', NULL, NULL, NULL, NULL, NULL, NULL, NULL, NULL, NULL, b'1', b'0', NULL, '2016-09-28 18:42:31', 0, '0:0:0:0:0:0:0:1', NULL, NULL, NULL, '2016-09-12 15:15:51', NULL, NULL, b'0'),
	(7, '121', 'b59c67bf196a4758191e42f76670ceba', '1111', 0, NULL, NULL, '2016-09-12 00:00:00', NULL, NULL, NULL, '1111@1.com', 0.000000000000, 0.000000000000, 0, 1, '0:0:0:0:0:0:0:1', '有', NULL, NULL, NULL, NULL, NULL, NULL, NULL, NULL, NULL, b'1', b'0', NULL, '2016-09-12 16:06:11', 0, '0:0:0:0:0:0:0:1', NULL, NULL, NULL, '2016-09-12 16:06:11', NULL, NULL, b'0'),
	(8, '111111', 'b0baee9d279d34fa1dfd71aadb908c3f', '1111', 0, NULL, NULL, '2016-09-22 00:00:00', NULL, NULL, NULL, '1112@1.com', 0.000000000000, 0.000000000000, 0, 1, '0:0:0:0:0:0:0:1', '有', NULL, NULL, NULL, NULL, NULL, NULL, NULL, NULL, NULL, b'1', b'0', NULL, '2016-09-12 16:17:53', 0, '0:0:0:0:0:0:0:1', NULL, NULL, NULL, '2016-09-12 16:17:53', NULL, NULL, b'0'),
	(9, '6666', '96e79218965eb72c92a549dd5a330112', '1111', 0, NULL, NULL, '2016-09-07 00:00:00', NULL, 246, NULL, '1113@1.com', 0.000000000000, 0.000000000000, 0, 1, '0:0:0:0:0:0:0:1', '有', NULL, NULL, NULL, NULL, NULL, NULL, NULL, NULL, NULL, b'1', b'0', NULL, '2016-09-12 16:20:23', 0, '0:0:0:0:0:0:0:1', NULL, NULL, NULL, '2016-09-12 16:20:23', NULL, NULL, b'0'),
	(11, '1213123123', '96e79218965eb72c92a549dd5a330112', '111', 0, NULL, NULL, '2016-09-22 00:00:00', NULL, NULL, NULL, '1117@1.com', 0.000000000000, 0.000000000000, 0, 1, '0:0:0:0:0:0:0:1', '无', NULL, NULL, NULL, NULL, NULL, NULL, NULL, NULL, NULL, b'1', b'0', NULL, '2016-09-12 16:40:14', 0, '0:0:0:0:0:0:0:1', NULL, NULL, NULL, '2016-09-12 16:40:14', NULL, NULL, b'0'),
	(21, '15602247464', 'c4ca4238a0b923820dcc509a6f75849b', NULL, NULL, NULL, NULL, NULL, NULL, NULL, NULL, '1', 0.000000000000, 0.000000000000, 0, 1, '', NULL, NULL, NULL, NULL, NULL, NULL, NULL, NULL, NULL, NULL, b'1', b'0', NULL, '2016-10-10 17:50:06', 0, '0:0:0:0:0:0:0:1', NULL, NULL, NULL, '2016-09-12 16:40:14', NULL, NULL, b'0'),
	(22, 'lihongyuan', '7adeaf546b7726c8a40fd4c9c2e96653', '李红元', 0, NULL, NULL, '2016-09-01 00:00:00', NULL, 4, NULL, 'lihngyuan@163.com', 0.000000000000, 0.000000000000, 0, 1, '0:0:0:0:0:0:0:1', NULL, NULL, NULL, NULL, NULL, NULL, NULL, NULL, NULL, NULL, b'1', b'0', NULL, '2016-09-29 15:03:59', 0, '0:0:0:0:0:0:0:1', NULL, NULL, NULL, '2016-09-29 15:03:59', NULL, NULL, b'0'),
	(23, 'hycx3', '7adeaf546b7726c8a40fd4c9c2e96653', '鬼脚七', 0, NULL, NULL, '2016-09-01 00:00:00', NULL, 21, '杭州市西湖区3号', 'hycx3@163.com', 0.000000000000, 0.000000000000, 0, 1, '0:0:0:0:0:0:0:1', NULL, NULL, NULL, NULL, NULL, NULL, NULL, NULL, NULL, NULL, b'1', b'0', NULL, '2016-09-29 15:08:48', 0, '0:0:0:0:0:0:0:1', NULL, NULL, NULL, '2016-09-29 15:08:48', NULL, NULL, b'0'),
	(24, 'hycx4', '7adeaf546b7726c8a40fd4c9c2e96653', '鬼脚八', 0, NULL, NULL, '2016-09-30 00:00:00', NULL, 1812, '杭州市西湖区3号', 'hycx4@163.com', 0.000000000000, 0.000000000000, 0, 1, '0:0:0:0:0:0:0:1', NULL, NULL, NULL, NULL, NULL, NULL, NULL, NULL, NULL, NULL, b'1', b'0', NULL, '2016-09-29 15:11:44', 0, '0:0:0:0:0:0:0:1', NULL, NULL, NULL, '2016-09-29 15:11:44', NULL, NULL, b'0'),
	(25, 'hycx5', '7adeaf546b7726c8a40fd4c9c2e96653', '鬼脚九', 0, NULL, NULL, '2016-09-02 00:00:00', NULL, 20, '杭州市西湖区3号', 'hycx5@163.com', 0.000000000000, 0.000000000000, 0, 1, '0:0:0:0:0:0:0:1', NULL, NULL, NULL, NULL, NULL, NULL, NULL, NULL, NULL, NULL, b'1', b'0', NULL, '2016-09-29 15:23:56', 0, '0:0:0:0:0:0:0:1', NULL, NULL, NULL, '2016-09-29 15:23:56', NULL, NULL, b'0'),
	(26, 'hycx6', '7adeaf546b7726c8a40fd4c9c2e96653', '小顺子', 0, NULL, NULL, '2016-09-15 00:00:00', NULL, 233, '山西省太原市', 'hycx6@163.com', 0.000000000000, 0.000000000000, 0, 1, '0:0:0:0:0:0:0:1', NULL, NULL, NULL, NULL, NULL, NULL, NULL, NULL, NULL, NULL, b'1', b'0', NULL, '2016-09-29 18:37:04', 0, '0:0:0:0:0:0:0:1', NULL, NULL, NULL, '2016-09-29 15:25:50', NULL, NULL, b'0'),
	(27, 'test001', 'fa820cc1ad39a4e99283e9fa555035ec', 'test', 0, NULL, NULL, '2016-10-11 00:00:00', NULL, 4, 'ces', 'test@163.com', 0.000000000000, 0.000000000000, 0, 1, '125.118.64.92', NULL, NULL, NULL, NULL, NULL, NULL, NULL, NULL, NULL, NULL, b'1', b'0', NULL, '2016-10-14 12:00:13', 0, '125.118.64.92', NULL, NULL, NULL, '2016-10-11 16:34:56', NULL, NULL, b'0'),
	(28, 'zsj', 'e10adc3949ba59abbe56e057f20f883e', NULL, 0, NULL, NULL, NULL, NULL, NULL, NULL, 'zsj@qq.com', 0.000000000000, 0.000000000000, 0, 1, '113.247.226.18', NULL, NULL, NULL, NULL, NULL, NULL, NULL, NULL, NULL, NULL, b'1', b'0', NULL, '2016-10-13 16:28:28', 0, '113.247.226.18', NULL, NULL, NULL, '2016-10-13 16:28:28', NULL, NULL, b'0'),
	(29, '彭森林', 'e10adc3949ba59abbe56e057f20f883e', '彭森林', 0, NULL, NULL, '2016-10-13 00:00:00', NULL, 75, '合肥西南', '541070144@qq.com', 0.000000000000, 0.000000000000, 0, 1, '36.32.16.124', NULL, NULL, NULL, NULL, NULL, NULL, NULL, NULL, NULL, NULL, b'1', b'0', NULL, '2016-10-14 13:42:03', 0, '36.32.16.124', NULL, NULL, NULL, '2016-10-14 09:20:26', NULL, NULL, b'0'),
	(30, 'test', '098f6bcd4621d373cade4e832627b4f6', NULL, 0, NULL, NULL, NULL, NULL, NULL, NULL, 'test@126.com', 0.000000000000, 0.000000000000, 0, 1, '122.75.90.15', NULL, NULL, NULL, NULL, NULL, NULL, NULL, NULL, NULL, NULL, b'1', b'0', NULL, '2016-10-14 10:59:00', 2, '122.75.90.15', NULL, NULL, NULL, '2016-10-14 10:59:00', NULL, NULL, b'0');
/*!40000 ALTER TABLE `member` ENABLE KEYS */;


-- 导出  表 jfinalshop.member_attribute 结构
CREATE TABLE IF NOT EXISTS `member_attribute` (
  `id` bigint(20) NOT NULL AUTO_INCREMENT COMMENT '主键_id',
  `name` varchar(255) NOT NULL COMMENT '名称',
  `type` int(11) NOT NULL COMMENT '类型',
  `property_index` int(11) DEFAULT NULL COMMENT '属性序号',
  `is_enabled` bit(1) NOT NULL COMMENT '是否启用',
  `is_required` bit(1) NOT NULL COMMENT '是否必填',
  `orders` int(11) DEFAULT NULL COMMENT '排序',
  `create_by` varchar(20) DEFAULT NULL COMMENT '创建人',
  `creation_date` datetime DEFAULT NULL COMMENT '创建日期',
  `last_updated_by` varchar(20) DEFAULT NULL COMMENT '最后修改人',
  `last_updated_date` datetime DEFAULT NULL COMMENT '最后修改日期',
  `delete_flag` bit(1) NOT NULL DEFAULT b'0' COMMENT '删除标记',
  PRIMARY KEY (`id`)
) ENGINE=InnoDB AUTO_INCREMENT=14 DEFAULT CHARSET=utf8 COMMENT='会员注册项';

-- 正在导出表  jfinalshop.member_attribute 的数据：~8 rows (大约)
/*!40000 ALTER TABLE `member_attribute` DISABLE KEYS */;
INSERT INTO `member_attribute` (`id`, `name`, `type`, `property_index`, `is_enabled`, `is_required`, `orders`, `create_by`, `creation_date`, `last_updated_by`, `last_updated_date`, `delete_flag`) VALUES
	(1, '姓名', 0, NULL, b'1', b'0', 1, NULL, NULL, NULL, NULL, b'0'),
	(2, '性别', 1, NULL, b'1', b'0', 2, NULL, NULL, NULL, NULL, b'0'),
	(3, '出生日期', 2, NULL, b'1', b'0', 3, NULL, NULL, NULL, NULL, b'0'),
	(4, '地区', 3, NULL, b'1', b'0', 4, NULL, NULL, NULL, NULL, b'0'),
	(5, '地址', 4, NULL, b'1', b'0', 5, NULL, NULL, NULL, NULL, b'0'),
	(6, '邮编', 5, NULL, b'0', b'0', 6, NULL, NULL, NULL, NULL, b'0'),
	(7, '电话', 6, NULL, b'0', b'0', 7, NULL, NULL, NULL, NULL, b'0'),
	(8, '手机', 7, NULL, b'0', b'0', 8, NULL, NULL, NULL, NULL, b'0');
/*!40000 ALTER TABLE `member_attribute` ENABLE KEYS */;


-- 导出  表 jfinalshop.member_attribute_option 结构
CREATE TABLE IF NOT EXISTS `member_attribute_option` (
  `member_attribute` bigint(20) NOT NULL,
  `options` varchar(255) DEFAULT NULL,
  KEY `FKC3DC263E8A8815` (`member_attribute`),
  CONSTRAINT `FKC3DC263E8A8815` FOREIGN KEY (`member_attribute`) REFERENCES `member_attribute` (`id`)
) ENGINE=InnoDB DEFAULT CHARSET=utf8;

-- 正在导出表  jfinalshop.member_attribute_option 的数据：~0 rows (大约)
/*!40000 ALTER TABLE `member_attribute_option` DISABLE KEYS */;
/*!40000 ALTER TABLE `member_attribute_option` ENABLE KEYS */;


-- 导出  表 jfinalshop.member_favorite_product 结构
CREATE TABLE IF NOT EXISTS `member_favorite_product` (
  `favorite_members` bigint(20) NOT NULL,
  `favorite_products` bigint(20) NOT NULL,
  PRIMARY KEY (`favorite_members`,`favorite_products`),
  KEY `FK44DF1412A43B40D4` (`favorite_members`),
  KEY `FK44DF1412830D5552` (`favorite_products`),
  CONSTRAINT `FK44DF1412830D5552` FOREIGN KEY (`favorite_products`) REFERENCES `product` (`id`),
  CONSTRAINT `FK44DF1412A43B40D4` FOREIGN KEY (`favorite_members`) REFERENCES `member` (`id`)
) ENGINE=InnoDB DEFAULT CHARSET=utf8;

-- 正在导出表  jfinalshop.member_favorite_product 的数据：~1 rows (大约)
/*!40000 ALTER TABLE `member_favorite_product` DISABLE KEYS */;
INSERT INTO `member_favorite_product` (`favorite_members`, `favorite_products`) VALUES
	(1, 1);
/*!40000 ALTER TABLE `member_favorite_product` ENABLE KEYS */;


-- 导出  表 jfinalshop.member_rank 结构
CREATE TABLE IF NOT EXISTS `member_rank` (
  `id` bigint(20) NOT NULL AUTO_INCREMENT COMMENT '主键_id',
  `name` varchar(100) NOT NULL COMMENT '名称',
  `amount` decimal(21,6) DEFAULT NULL COMMENT '消费金额',
  `is_default` bit(1) NOT NULL COMMENT '是否默认',
  `is_special` bit(1) NOT NULL COMMENT '是否特殊',
  `scale` double NOT NULL COMMENT '优惠比例',
  `create_by` varchar(20) DEFAULT NULL COMMENT '创建人',
  `creation_date` datetime DEFAULT NULL COMMENT '创建日期',
  `last_updated_by` varchar(20) DEFAULT NULL COMMENT '最后修改人',
  `last_updated_date` datetime DEFAULT NULL COMMENT '最后修改日期',
  `delete_flag` bit(1) NOT NULL DEFAULT b'0' COMMENT '删除标记',
  PRIMARY KEY (`id`),
  UNIQUE KEY `name` (`name`),
  UNIQUE KEY `amount` (`amount`)
) ENGINE=InnoDB AUTO_INCREMENT=7 DEFAULT CHARSET=utf8 COMMENT='会员等级';

-- 正在导出表  jfinalshop.member_rank 的数据：~5 rows (大约)
/*!40000 ALTER TABLE `member_rank` DISABLE KEYS */;
INSERT INTO `member_rank` (`id`, `name`, `amount`, `is_default`, `is_special`, `scale`, `create_by`, `creation_date`, `last_updated_by`, `last_updated_date`, `delete_flag`) VALUES
	(1, '普通会员', 0.000000, b'1', b'0', 1, NULL, NULL, '管理员', '2016-08-10 15:16:26', b'0'),
	(2, '银牌会员', 1000.000000, b'0', b'0', 1, NULL, NULL, NULL, NULL, b'0'),
	(3, '金牌会员', 10000.000000, b'0', b'0', 1, NULL, NULL, NULL, NULL, b'0'),
	(4, '白金会员', 100000.000000, b'0', b'0', 0.99, NULL, NULL, NULL, NULL, b'0'),
	(5, '贵宾会员', NULL, b'0', b'1', 0.95, NULL, NULL, NULL, NULL, b'0');
/*!40000 ALTER TABLE `member_rank` ENABLE KEYS */;


-- 导出  表 jfinalshop.message 结构
CREATE TABLE IF NOT EXISTS `message` (
  `id` bigint(20) NOT NULL AUTO_INCREMENT COMMENT '主键_id',
  `title` varchar(255) NOT NULL COMMENT '标题',
  `content` longtext NOT NULL COMMENT '内容',
  `sender_id` bigint(20) DEFAULT NULL COMMENT '发件人',
  `receiver_id` bigint(20) DEFAULT NULL COMMENT '收件人',
  `for_message` bigint(20) DEFAULT NULL COMMENT '原消息',
  `receiver_read` bit(1) NOT NULL COMMENT '收件人已读',
  `receiver_delete` bit(1) NOT NULL COMMENT '收件人删除',
  `sender_read` bit(1) NOT NULL COMMENT '发件人已读',
  `sender_delete` bit(1) NOT NULL COMMENT '发件人删除',
  `is_draft` bit(1) NOT NULL COMMENT '是否为草稿',
  `ip` varchar(255) NOT NULL COMMENT 'ip',
  `create_by` varchar(20) DEFAULT NULL COMMENT '创建人',
  `creation_date` datetime DEFAULT NULL COMMENT '创建日期',
  `last_updated_by` varchar(20) DEFAULT NULL COMMENT '最后修改人',
  `last_updated_date` datetime DEFAULT NULL COMMENT '最后修改日期',
  `delete_flag` bit(1) NOT NULL DEFAULT b'0' COMMENT '删除标记',
  PRIMARY KEY (`id`),
  KEY `FKC7FBB5C886A07D93` (`sender_id`),
  KEY `FKC7FBB5C8E2B39A54` (`for_message`),
  KEY `FKC7FBB5C88C6C4D4D` (`receiver_id`),
  CONSTRAINT `FKC7FBB5C886A07D93` FOREIGN KEY (`sender_id`) REFERENCES `member` (`id`),
  CONSTRAINT `FKC7FBB5C88C6C4D4D` FOREIGN KEY (`receiver_id`) REFERENCES `member` (`id`),
  CONSTRAINT `FKC7FBB5C8E2B39A54` FOREIGN KEY (`for_message`) REFERENCES `message` (`id`)
) ENGINE=InnoDB AUTO_INCREMENT=2 DEFAULT CHARSET=utf8 COMMENT='消息';

-- 正在导出表  jfinalshop.message 的数据：~1 rows (大约)
/*!40000 ALTER TABLE `message` DISABLE KEYS */;
INSERT INTO `message` (`id`, `title`, `content`, `sender_id`, `receiver_id`, `for_message`, `receiver_read`, `receiver_delete`, `sender_read`, `sender_delete`, `is_draft`, `ip`, `create_by`, `creation_date`, `last_updated_by`, `last_updated_date`, `delete_flag`) VALUES
	(1, '12', '1212', NULL, 1, NULL, b'0', b'0', b'1', b'0', b'0', '0:0:0:0:0:0:0:1', '管理员', '2016-09-28 14:33:38', NULL, '2016-10-11 17:07:03', b'0');
/*!40000 ALTER TABLE `message` ENABLE KEYS */;


-- 导出  表 jfinalshop.navigation 结构
CREATE TABLE IF NOT EXISTS `navigation` (
  `id` bigint(20) NOT NULL AUTO_INCREMENT COMMENT '主键_id',
  `name` varchar(255) NOT NULL COMMENT '名称',
  `url` varchar(255) NOT NULL COMMENT '链接地址',
  `is_blank_target` bit(1) NOT NULL COMMENT '是否新窗口打开',
  `position` int(11) NOT NULL COMMENT '位置',
  `orders` int(11) DEFAULT NULL COMMENT '排序',
  `create_by` varchar(20) DEFAULT NULL COMMENT '创建人',
  `creation_date` datetime DEFAULT NULL COMMENT '创建日期',
  `last_updated_by` varchar(20) DEFAULT NULL COMMENT '最后修改人',
  `last_updated_date` datetime DEFAULT NULL COMMENT '最后修改日期',
  `delete_flag` bit(1) NOT NULL DEFAULT b'0' COMMENT '删除标记',
  PRIMARY KEY (`id`)
) ENGINE=InnoDB AUTO_INCREMENT=22 DEFAULT CHARSET=utf8 COMMENT='导航';

-- 正在导出表  jfinalshop.navigation 的数据：~20 rows (大约)
/*!40000 ALTER TABLE `navigation` DISABLE KEYS */;
INSERT INTO `navigation` (`id`, `name`, `url`, `is_blank_target`, `position`, `orders`, `create_by`, `creation_date`, `last_updated_by`, `last_updated_date`, `delete_flag`) VALUES
	(1, '会员中心', '/member', b'0', 0, 1, NULL, NULL, NULL, NULL, b'0'),
	(2, '购物指南', '/article/list/3', b'0', 0, 2, NULL, NULL, NULL, NULL, b'0'),
	(3, '关于我们', '/article/list/7', b'0', 0, 3, NULL, NULL, NULL, NULL, b'0'),
	(4, '首页', '/', b'0', 1, 4, NULL, NULL, NULL, NULL, b'0'),
	(5, '时尚女装', '/product/list/1', b'0', 1, 5, NULL, NULL, NULL, NULL, b'0'),
	(6, '精品男装', '/product/list/2', b'0', 1, 6, NULL, NULL, NULL, NULL, b'0'),
	(7, '精致内衣', '/product/list/3', b'0', 1, 7, NULL, NULL, NULL, NULL, b'0'),
	(8, '服饰配件', '/product/list/4', b'0', 1, 8, NULL, NULL, NULL, NULL, b'0'),
	(9, '时尚女鞋', '/product/list/5', b'0', 1, 9, NULL, NULL, NULL, NULL, b'0'),
	(10, '流行男鞋', '/product/list/6', b'0', 1, 10, NULL, NULL, NULL, NULL, b'0'),
	(11, '童装童鞋', '/product/list/9', b'0', 1, 11, NULL, NULL, NULL, NULL, b'0'),
	(12, '关于我们', '#', b'0', 2, 12, NULL, NULL, NULL, NULL, b'0'),
	(13, '联系我们', '#', b'0', 2, 13, NULL, NULL, NULL, NULL, b'0'),
	(14, '诚聘英才', '#', b'0', 2, 14, NULL, NULL, NULL, NULL, b'0'),
	(15, '法律声明', '#', b'0', 2, 15, NULL, NULL, NULL, NULL, b'0'),
	(16, '友情链接', '/friendLink', b'0', 2, 16, NULL, NULL, NULL, NULL, b'0'),
	(17, '支付方式', '/article/list/4', b'1', 2, 17, NULL, NULL, NULL, NULL, b'0'),
	(18, '配送方式', '/article/list/5', b'1', 2, 18, NULL, NULL, NULL, NULL, b'0'),
	(19, '联系方式', '#', b'0', 2, 19, NULL, NULL, NULL, NULL, b'0'),
	(20, '联系方式', '#', b'0', 2, 20, NULL, NULL, NULL, NULL, b'0');
/*!40000 ALTER TABLE `navigation` ENABLE KEYS */;


-- 导出  表 jfinalshop.order 结构
CREATE TABLE IF NOT EXISTS `order` (
  `id` bigint(20) NOT NULL AUTO_INCREMENT COMMENT '主键_id',
  `sn` varchar(100) NOT NULL COMMENT '订单编号',
  `order_status` int(11) NOT NULL COMMENT '订单状态',
  `payment_status` int(11) NOT NULL COMMENT '支付状态',
  `shipping_status` int(11) NOT NULL COMMENT '配送状态',
  `fee` decimal(21,6) NOT NULL COMMENT '支付手续费',
  `freight` decimal(21,6) NOT NULL COMMENT '运费',
  `promotion_discount` decimal(21,6) NOT NULL COMMENT '促销折扣',
  `coupon_discount` decimal(21,6) NOT NULL COMMENT '优惠券折扣',
  `offset_amount` decimal(21,6) NOT NULL COMMENT '调整金额',
  `amount_paid` decimal(21,6) NOT NULL COMMENT '已付金额',
  `point` bigint(20) NOT NULL COMMENT '赠送积分',
  `consignee` varchar(255) NOT NULL COMMENT '收货人',
  `area_name` varchar(255) NOT NULL COMMENT '地区名称',
  `address` varchar(255) NOT NULL COMMENT '地址',
  `zip_code` varchar(255) NOT NULL COMMENT '邮编',
  `phone` varchar(255) NOT NULL COMMENT '电话',
  `is_invoice` bit(1) NOT NULL COMMENT '是否开据发票',
  `invoice_title` varchar(255) DEFAULT NULL COMMENT '发票标题',
  `tax` decimal(21,6) NOT NULL COMMENT '税金',
  `memo` varchar(255) DEFAULT NULL COMMENT '附言',
  `promotion` varchar(255) DEFAULT NULL COMMENT '促销',
  `expire` datetime DEFAULT NULL COMMENT '到期时间',
  `lock_expire` datetime DEFAULT NULL COMMENT '锁定到期时间',
  `is_allocated_stock` bit(1) NOT NULL COMMENT '是否已分配库存',
  `payment_method_name` varchar(255) NOT NULL COMMENT '支付方式名称',
  `shipping_method_name` varchar(255) NOT NULL COMMENT '配送方式名称',
  `area_id` bigint(20) DEFAULT NULL COMMENT '地区',
  `payment_method_id` bigint(20) DEFAULT NULL COMMENT '支付方式',
  `shipping_method_id` bigint(20) DEFAULT NULL COMMENT '配送方式',
  `operator_id` bigint(20) DEFAULT NULL COMMENT '操作员',
  `member_id` bigint(20) NOT NULL COMMENT '会员',
  `coupon_code` bigint(20) DEFAULT NULL COMMENT '优惠码',
  `create_by` varchar(20) DEFAULT NULL COMMENT '创建人',
  `creation_date` datetime DEFAULT NULL COMMENT '创建日期',
  `last_updated_by` varchar(20) DEFAULT NULL COMMENT '最后修改人',
  `last_updated_date` datetime DEFAULT NULL COMMENT '最后修改日期',
  `delete_flag` bit(1) NOT NULL DEFAULT b'0' COMMENT '删除标记',
  PRIMARY KEY (`id`),
  UNIQUE KEY `sn` (`sn`),
  KEY `FK25E6B94F67F7C585` (`shipping_method_id`),
  KEY `FK25E6B94F39A0DADE` (`area_id`),
  KEY `FK25E6B94F7C62EDF8` (`member_id`),
  KEY `FK25E6B94FC050045D` (`coupon_code`),
  KEY `FK25E6B94FD7122AAF` (`operator_id`),
  KEY `FK25E6B94FD3A8BE7D` (`payment_method_id`)
) ENGINE=InnoDB AUTO_INCREMENT=48 DEFAULT CHARSET=utf8 COMMENT='订单';

-- 正在导出表  jfinalshop.order 的数据：~26 rows (大约)
/*!40000 ALTER TABLE `order` DISABLE KEYS */;
INSERT INTO `order` (`id`, `sn`, `order_status`, `payment_status`, `shipping_status`, `fee`, `freight`, `promotion_discount`, `coupon_discount`, `offset_amount`, `amount_paid`, `point`, `consignee`, `area_name`, `address`, `zip_code`, `phone`, `is_invoice`, `invoice_title`, `tax`, `memo`, `promotion`, `expire`, `lock_expire`, `is_allocated_stock`, `payment_method_name`, `shipping_method_name`, `area_id`, `payment_method_id`, `shipping_method_id`, `operator_id`, `member_id`, `coupon_code`, `create_by`, `creation_date`, `last_updated_by`, `last_updated_date`, `delete_flag`) VALUES
	(22, '20160921404', 0, 0, 0, 0.000000, 0.000000, 0.000000, 0.000000, 0.000000, 0.000000, 100, '李红元', '广东省佛山市顺德区', '嘉信城市广场1期办公楼4楼', '421819', '13798064110', b'0', NULL, 0.000000, '', NULL, '2016-09-22 15:51:32', '2016-10-14 10:28:18', b'1', '网上支付', '普通快递', 1993, 1, 1, 1, 1, NULL, NULL, '2016-09-21 15:51:33', NULL, '2016-10-14 10:27:58', b'0'),
	(23, '20160921505', 0, 0, 0, 0.000000, 0.000000, 0.000000, 0.000000, 0.000000, 0.000000, 100, '李红元', '广东省佛山市顺德区', '嘉信城市广场1期办公楼4楼', '421819', '13798064110', b'0', NULL, 0.000000, '', NULL, '2016-09-22 17:54:03', '2016-10-14 10:05:27', b'1', '网上支付', '普通快递', 1993, 1, 1, 1, 1, NULL, NULL, '2016-09-21 17:54:03', NULL, '2016-10-14 10:05:07', b'0'),
	(24, '20160921606', 0, 0, 0, 0.000000, 0.000000, 0.000000, 0.000000, 0.000000, 0.000000, 198, '李红元', '广东省佛山市顺德区', '嘉信城市广场1期办公楼4楼', '421819', '13798064110', b'0', NULL, 0.000000, '', NULL, '2016-09-22 17:59:17', '2016-10-12 18:15:46', b'1', '网上支付', '普通快递', 1993, 1, 1, 1, 1, NULL, NULL, '2016-09-21 17:59:17', NULL, '2016-10-12 18:15:26', b'0'),
	(25, '20160922707', 0, 0, 0, 0.000000, 0.000000, 0.000000, 0.000000, 0.000000, 0.000000, 498, '李红元', '广东省佛山市顺德区', '嘉信城市广场1期办公楼4楼', '421819', '13798064110', b'0', NULL, 0.000000, '', NULL, '2016-09-23 11:22:57', '2016-09-28 10:32:07', b'1', '网上支付', '普通快递', 1993, 1, 1, 1, 1, NULL, NULL, '2016-09-22 11:22:57', NULL, '2016-09-28 10:31:47', b'0'),
	(26, '20160927808', 0, 0, 0, 0.000000, 0.000000, 0.000000, 0.000000, 0.000000, 0.000000, 299, '李红元', '广东省佛山市顺德区', '嘉信城市广场1期办公楼4楼', '421819', '13798064110', b'0', NULL, 0.000000, '', NULL, '2016-09-28 10:43:47', '2016-09-28 18:44:33', b'1', '网上支付', '普通快递', 1993, 1, 1, 1, 1, NULL, NULL, '2016-09-27 10:43:47', NULL, '2016-09-28 18:44:13', b'0'),
	(27, '20160928909', 0, 0, 0, 0.000000, 0.000000, 0.000000, 0.000000, 0.000000, 0.000000, 498, '李红元', '广东省佛山市顺德区', '嘉信城市广场1期办公楼4楼', '421819', '13798064110', b'0', NULL, 0.000000, '', NULL, '2016-09-29 15:12:08', '2016-09-28 15:12:28', b'1', '网上支付', '普通快递', 1993, 1, 1, NULL, 1, NULL, NULL, '2016-09-28 15:12:08', NULL, NULL, b'0'),
	(28, '201609281010', 0, 0, 0, 0.000000, 0.000000, 0.000000, 0.000000, 0.000000, 0.000000, 434, '张三', '上海市松江区', '天河东路', '421819', '13800138000', b'0', NULL, 0.000000, '', NULL, '2016-09-29 16:02:02', '2016-09-28 16:02:22', b'1', '网上支付', '普通快递', 806, 1, 1, NULL, 6, NULL, NULL, '2016-09-28 16:02:02', NULL, NULL, b'0'),
	(29, '201609281111', 0, 0, 0, 0.000000, 0.000000, 0.000000, 0.000000, 0.000000, 0.000000, 199, '张三', '上海市松江区', '天河东路', '421819', '13800138000', b'0', NULL, 0.000000, '', NULL, '2016-09-29 16:13:22', '2016-10-11 11:32:39', b'1', '网上支付', '普通快递', 806, 1, 1, 1, 6, NULL, NULL, '2016-09-28 16:13:22', NULL, '2016-10-11 11:32:19', b'0'),
	(30, '201609281212', 0, 0, 0, 0.000000, 0.000000, 0.000000, 0.000000, 0.000000, 0.000000, 199, '张三', '上海市松江区', '天河东路', '421819', '13800138000', b'0', NULL, 0.000000, '', NULL, '2016-09-29 16:26:34', '2016-10-11 12:57:00', b'1', '网上支付', '普通快递', 806, 1, 1, 1, 6, NULL, NULL, '2016-09-28 16:26:35', NULL, '2016-10-11 12:56:40', b'0'),
	(31, '201609281313', 0, 0, 0, 0.000000, 0.000000, 0.000000, 0.000000, 0.000000, 0.000000, 99, '张三', '上海市松江区', '天河东路', '421819', '13800138000', b'0', NULL, 0.000000, '', NULL, '2016-09-29 16:32:45', '2016-09-28 16:33:05', b'1', '网上支付', '普通快递', 806, 1, 1, NULL, 6, NULL, NULL, '2016-09-28 16:32:45', NULL, NULL, b'0'),
	(32, '201609281414', 0, 0, 0, 0.000000, 0.000000, 0.000000, 0.000000, 0.000000, 0.000000, 99, '张三', '上海市松江区', '天河东路', '421819', '13800138000', b'0', NULL, 0.000000, '', NULL, '2016-09-29 17:02:43', '2016-09-28 17:03:03', b'1', '网上支付', '普通快递', 806, 1, 1, NULL, 6, NULL, NULL, '2016-09-28 17:02:43', NULL, NULL, b'0'),
	(33, '201609281515', 0, 0, 0, 0.000000, 0.000000, 0.000000, 0.000000, 0.000000, 0.000000, 99, '张三', '上海市松江区', '天河东路', '421819', '13800138000', b'0', NULL, 0.000000, '', NULL, '2016-09-29 17:09:30', '2016-09-28 17:09:50', b'1', '网上支付', '普通快递', 806, 1, 1, NULL, 6, NULL, NULL, '2016-09-28 17:09:30', NULL, NULL, b'0'),
	(34, '201609281616', 0, 0, 0, 0.000000, 0.000000, 0.000000, 0.000000, 0.000000, 0.000000, 199, '张三', '上海市松江区', '天河东路', '421819', '13800138000', b'0', NULL, 0.000000, '', NULL, '2016-09-29 17:13:10', '2016-09-28 17:13:30', b'1', '网上支付', '普通快递', 806, 1, 1, NULL, 6, NULL, NULL, '2016-09-28 17:13:10', NULL, NULL, b'0'),
	(35, '201609281617', 0, 0, 0, 0.000000, 0.000000, 0.000000, 0.000000, 0.000000, 0.000000, 199, '张三', '上海市松江区', '天河东路', '421819', '13800138000', b'0', NULL, 0.000000, '', NULL, '2016-09-29 17:13:54', '2016-09-28 17:14:14', b'1', '网上支付', '普通快递', 806, 1, 1, NULL, 6, NULL, NULL, '2016-09-28 17:13:54', NULL, NULL, b'0'),
	(36, '201609281717', 0, 0, 0, 0.000000, 0.000000, 0.000000, 0.000000, 0.000000, 0.000000, 99, '张三', '上海市松江区', '天河东路', '421819', '13800138000', b'0', NULL, 0.000000, '', NULL, '2016-09-29 17:18:40', '2016-09-28 17:19:00', b'1', '网上支付', '普通快递', 806, 1, 1, NULL, 6, NULL, NULL, '2016-09-28 17:18:40', NULL, NULL, b'0'),
	(37, '201609281718', 0, 0, 0, 0.000000, 0.000000, 0.000000, 0.000000, 0.000000, 0.000000, 99, '张三', '上海市松江区', '天河东路', '421819', '13800138000', b'0', NULL, 0.000000, '', NULL, '2016-09-29 17:44:01', '2016-09-28 17:44:21', b'1', '网上支付', '普通快递', 806, 1, 1, NULL, 6, NULL, NULL, '2016-09-28 17:44:01', NULL, NULL, b'0'),
	(38, '201609281818', 0, 0, 0, 0.000000, 0.000000, 0.000000, 0.000000, 0.000000, 0.000000, 199, '张三', '上海市松江区', '天河东路', '421819', '13800138000', b'0', NULL, 0.000000, '', NULL, '2016-09-29 17:55:34', '2016-09-28 17:56:13', b'1', '网上支付', '普通快递', 806, 1, 1, NULL, 6, NULL, NULL, '2016-09-28 17:55:34', NULL, '2016-09-28 17:55:53', b'0'),
	(39, '201609281919', 0, 0, 0, 0.000000, 0.000000, 0.000000, 0.000000, 0.000000, 0.000000, 199, '张三', '上海市松江区', '天河东路', '421819', '13800138000', b'0', NULL, 0.000000, '', NULL, '2016-09-29 18:00:41', '2016-09-28 18:01:12', b'1', '网上支付', '普通快递', 806, 1, 1, NULL, 6, NULL, NULL, '2016-09-28 18:00:41', NULL, '2016-09-28 18:00:52', b'0'),
	(40, '201609282020', 0, 0, 0, 0.000000, 0.000000, 0.000000, 0.000000, 0.000000, 0.000000, 100, '张三', '上海市松江区', '天河东路', '421819', '13800138000', b'0', NULL, 0.000000, '', NULL, '2016-09-29 18:42:43', '2016-09-28 18:43:15', b'1', '网上支付', '普通快递', 806, 1, 1, NULL, 6, NULL, NULL, '2016-09-28 18:42:44', NULL, '2016-09-28 18:42:55', b'0'),
	(41, '201609292121', 2, 2, 2, 0.000000, 0.000000, 0.000000, 0.000000, 0.000000, 0.000000, 299, '李红元', '广东省佛山市顺德区', '嘉信城市广场1期办公楼4楼', '421819', '13798064110', b'0', NULL, 0.000000, '', NULL, NULL, '2016-10-14 11:01:35', b'0', '网上支付', '普通快递', 1993, 1, 1, 1, 1, NULL, NULL, '2016-09-29 11:42:11', NULL, '2016-10-14 11:01:15', b'0'),
	(42, '201609292222', 1, 4, 4, 0.000000, 0.000000, 0.000000, 0.000000, 0.000000, 0.000000, 199, '213', '湖北省天门市', '12321', '131', '312312312312', b'0', NULL, 0.000000, '', NULL, NULL, '2016-09-29 19:32:39', b'0', '网上支付', '普通快递', 1807, 1, 1, 1, 26, NULL, NULL, '2016-09-29 15:44:39', NULL, '2016-09-29 19:32:19', b'0'),
	(43, '201609292323', 0, 2, 0, 0.000000, 0.000000, 0.000000, 0.000000, 0.000000, 199.000000, 199, '213', '湖北省天门市', '12321', '131', '312312312312', b'0', NULL, 0.000000, '赶紧发货', NULL, '2016-09-30 16:21:30', '2016-09-29 17:54:44', b'1', '网上支付', '普通快递', 1807, 1, 1, 1, 26, NULL, NULL, '2016-09-29 16:21:30', NULL, '2016-09-29 17:54:24', b'0'),
	(44, '201610112424', 1, 0, 0, 0.000000, 0.000000, 0.000000, 0.000000, 0.000000, 0.000000, 12, 'test001', '北京市朝阳区', '123', '300000', '13533003332', b'0', NULL, 0.000000, '', NULL, '2016-10-12 16:36:06', '2016-10-12 10:45:50', b'1', '网上支付', '普通快递', 4, 1, 1, 1, 27, NULL, NULL, '2016-10-11 16:36:06', NULL, '2016-10-12 10:45:30', b'0'),
	(45, '201610142425', 0, 0, 0, 0.000000, 0.000000, 0.000000, 0.000000, 0.000000, 0.000000, 12, '彭森', '天津市河东区', '安徽合肥', '3434343434', '15665408791', b'0', NULL, 0.000000, '', NULL, '2016-10-15 09:44:07', '2016-10-14 10:06:16', b'1', '网上支付', '普通快递', 20, 1, 1, NULL, 29, NULL, NULL, '2016-10-14 09:44:07', NULL, '2016-10-14 10:05:56', b'0'),
	(46, '201610142426', 0, 0, 0, 0.000000, 0.000000, 0.000000, 0.000000, 0.000000, 0.000000, 12, 'test', '河南省驻马店市上蔡县', 'dddd', '223211', '11111111111', b'0', NULL, 0.000000, '', NULL, '2016-10-15 11:00:01', '2016-10-14 11:00:48', b'1', '网上支付', '普通快递', 1683, 1, 1, NULL, 30, NULL, NULL, '2016-10-14 11:00:01', NULL, '2016-10-14 11:00:28', b'0'),
	(47, '201610142427', 0, 0, 0, 0.000000, 0.000000, 0.000000, 0.000000, 0.000000, 0.000000, 12, '彭森', '天津市河东区', '安徽合肥', '3434343434', '15665408791', b'0', NULL, 0.000000, '', NULL, '2016-10-15 13:42:30', '2016-10-14 13:43:12', b'1', '网上支付', '普通快递', 20, 1, 1, NULL, 29, NULL, NULL, '2016-10-14 13:42:30', NULL, '2016-10-14 13:42:52', b'0');
/*!40000 ALTER TABLE `order` ENABLE KEYS */;


-- 导出  表 jfinalshop.order_coupon 结构
CREATE TABLE IF NOT EXISTS `order_coupon` (
  `orders` bigint(20) NOT NULL COMMENT '订单',
  `coupons` bigint(20) NOT NULL COMMENT '优惠券',
  KEY `FKA3F6D516E538DDF7` (`coupons`),
  KEY `FKA3F6D516B992E8EF` (`orders`),
  CONSTRAINT `FKA3F6D516B992E8EF` FOREIGN KEY (`orders`) REFERENCES `order` (`id`),
  CONSTRAINT `FKA3F6D516E538DDF7` FOREIGN KEY (`coupons`) REFERENCES `coupon` (`id`)
) ENGINE=InnoDB DEFAULT CHARSET=utf8;

-- 正在导出表  jfinalshop.order_coupon 的数据：~0 rows (大约)
/*!40000 ALTER TABLE `order_coupon` DISABLE KEYS */;
/*!40000 ALTER TABLE `order_coupon` ENABLE KEYS */;


-- 导出  表 jfinalshop.order_item 结构
CREATE TABLE IF NOT EXISTS `order_item` (
  `id` bigint(20) NOT NULL AUTO_INCREMENT COMMENT '主键_id',
  `sn` varchar(255) NOT NULL COMMENT '商品编号',
  `name` varchar(255) NOT NULL COMMENT '商品名称',
  `full_name` varchar(255) NOT NULL COMMENT '商品全称',
  `price` decimal(21,6) NOT NULL COMMENT '商品价格',
  `weight` int(11) DEFAULT NULL COMMENT '商品重量',
  `thumbnail` varchar(255) DEFAULT NULL COMMENT '商品缩略图',
  `is_gift` bit(1) NOT NULL COMMENT '是否为赠品',
  `quantity` int(11) NOT NULL COMMENT '数量',
  `shipped_quantity` int(11) NOT NULL COMMENT '已发货数量',
  `return_quantity` int(11) NOT NULL COMMENT '已退货数量',
  `product_id` bigint(20) DEFAULT NULL COMMENT '商品',
  `order_id` bigint(20) NOT NULL COMMENT '订单',
  `create_by` varchar(20) DEFAULT NULL COMMENT '创建人',
  `creation_date` datetime DEFAULT NULL COMMENT '创建日期',
  `last_updated_by` varchar(20) DEFAULT NULL COMMENT '最后修改人',
  `last_updated_date` datetime DEFAULT NULL COMMENT '最后修改日期',
  `delete_flag` bit(1) NOT NULL DEFAULT b'0' COMMENT '删除标记',
  PRIMARY KEY (`id`),
  KEY `FKD69FF403B992E8EF` (`order_id`),
  KEY `FKD69FF40379F8D99A` (`product_id`),
  CONSTRAINT `FKD69FF40379F8D99A` FOREIGN KEY (`product_id`) REFERENCES `product` (`id`),
  CONSTRAINT `FKD69FF403B992E8EF` FOREIGN KEY (`order_id`) REFERENCES `order` (`id`)
) ENGINE=InnoDB AUTO_INCREMENT=32 DEFAULT CHARSET=utf8 COMMENT='订单项';

-- 正在导出表  jfinalshop.order_item 的数据：~31 rows (大约)
/*!40000 ALTER TABLE `order_item` DISABLE KEYS */;
INSERT INTO `order_item` (`id`, `sn`, `name`, `full_name`, `price`, `weight`, `thumbnail`, `is_gift`, `quantity`, `shipped_quantity`, `return_quantity`, `product_id`, `order_id`, `create_by`, `creation_date`, `last_updated_by`, `last_updated_date`, `delete_flag`) VALUES
	(1, '20160919101', '李宁连衣裙', '李宁连衣裙', 199.000000, 1, NULL, b'0', 1, 0, 0, 1, 22, NULL, '2016-09-21 15:51:33', NULL, NULL, b'0'),
	(2, '20160919101', '李宁连衣裙', '李宁连衣裙', 199.000000, 1, NULL, b'0', 1, 0, 0, 1, 23, NULL, '2016-09-21 17:54:03', NULL, NULL, b'0'),
	(3, '20160920203', '电脑包', '电脑包', 99.000000, NULL, NULL, b'0', 2, 0, 0, 3, 24, NULL, '2016-09-21 17:59:17', NULL, NULL, b'0'),
	(4, '20160919101', '李宁连衣裙', '李宁连衣裙', 199.000000, 1, NULL, b'0', 1, 0, 0, 1, 25, NULL, '2016-09-22 11:22:57', NULL, NULL, b'0'),
	(5, '20160920203', '电脑包', '电脑包', 99.000000, NULL, NULL, b'0', 1, 0, 0, 3, 25, NULL, '2016-09-22 11:22:57', NULL, NULL, b'0'),
	(6, '20160920202', '浪沙女装', '浪沙女装', 299.000000, NULL, NULL, b'0', 1, 0, 0, 2, 25, NULL, '2016-09-22 11:22:57', NULL, NULL, b'0'),
	(7, '20160920202', '浪沙女装', '浪沙女装', 299.000000, NULL, NULL, b'0', 1, 0, 0, 2, 26, NULL, '2016-09-27 10:43:47', NULL, NULL, b'0'),
	(8, '20160921202', 'POLO内裤', 'POLO内裤', 299.000000, NULL, NULL, b'0', 1, 0, 0, 10, 27, NULL, '2016-09-28 15:12:08', NULL, NULL, b'0'),
	(9, '20160921101', 'POLO衣服', 'POLO衣服', 199.000000, NULL, NULL, b'0', 1, 0, 0, 6, 27, NULL, '2016-09-28 15:12:08', NULL, NULL, b'0'),
	(10, '20160921102', 'POLO衣服2', 'POLO衣服2', 199.000000, NULL, NULL, b'0', 1, 0, 0, 7, 28, NULL, '2016-09-28 16:02:02', NULL, NULL, b'0'),
	(11, '20160920102', '高帮鞋', '高帮鞋', 235.000000, NULL, NULL, b'0', 1, 0, 0, 5, 28, NULL, '2016-09-28 16:02:02', NULL, NULL, b'0'),
	(12, '20160921102', 'POLO衣服2', 'POLO衣服2', 199.000000, NULL, NULL, b'0', 1, 0, 0, 7, 29, NULL, '2016-09-28 16:13:22', NULL, NULL, b'0'),
	(13, '20160921101', 'POLO衣服', 'POLO衣服', 199.000000, NULL, NULL, b'0', 1, 0, 0, 6, 30, NULL, '2016-09-28 16:26:35', NULL, NULL, b'0'),
	(14, '20160920203', '电脑包', '电脑包', 99.000000, NULL, NULL, b'0', 1, 0, 0, 3, 31, NULL, '2016-09-28 16:32:45', NULL, NULL, b'0'),
	(15, '20160920203', '电脑包', '电脑包', 99.000000, NULL, NULL, b'0', 1, 0, 0, 3, 32, NULL, '2016-09-28 17:02:43', NULL, NULL, b'0'),
	(16, '20160920203', '电脑包', '电脑包', 99.000000, NULL, NULL, b'0', 1, 0, 0, 3, 33, NULL, '2016-09-28 17:09:30', NULL, NULL, b'0'),
	(17, '20160921102', 'POLO衣服2', 'POLO衣服2', 199.000000, NULL, NULL, b'0', 1, 0, 0, 7, 34, NULL, '2016-09-28 17:13:10', NULL, NULL, b'0'),
	(18, '20160921101', 'POLO衣服', 'POLO衣服', 199.000000, NULL, NULL, b'0', 1, 0, 0, 6, 35, NULL, '2016-09-28 17:13:54', NULL, NULL, b'0'),
	(19, '20160920203', '电脑包', '电脑包', 99.000000, NULL, NULL, b'0', 1, 0, 0, 3, 36, NULL, '2016-09-28 17:18:40', NULL, NULL, b'0'),
	(20, '20160920203', '电脑包', '电脑包', 99.000000, NULL, NULL, b'0', 1, 0, 0, 3, 37, NULL, '2016-09-28 17:44:02', NULL, NULL, b'0'),
	(21, '20160921101', 'POLO衣服', 'POLO衣服', 199.000000, NULL, NULL, b'0', 1, 0, 0, 6, 38, NULL, '2016-09-28 17:55:34', NULL, NULL, b'0'),
	(22, '20160921101', 'POLO衣服', 'POLO衣服', 199.000000, NULL, NULL, b'0', 1, 0, 0, 6, 39, NULL, '2016-09-28 18:00:41', NULL, NULL, b'0'),
	(23, '20160919101', '李宁连衣裙', '李宁连衣裙', 199.000000, 1, NULL, b'0', 1, 0, 0, 1, 40, NULL, '2016-09-28 18:42:44', NULL, NULL, b'0'),
	(24, '20160921102', 'POLO衣服2', 'POLO衣服2', 199.000000, NULL, NULL, b'0', 1, 0, 0, 7, 41, NULL, '2016-09-29 11:42:11', NULL, NULL, b'0'),
	(25, '20160919101', '李宁连衣裙', '李宁连衣裙', 199.000000, 1, NULL, b'0', 1, 0, 0, 1, 41, NULL, '2016-09-29 11:42:11', NULL, NULL, b'0'),
	(26, '20160921102', 'POLO衣服2', 'POLO衣服2', 199.000000, NULL, NULL, b'0', 1, 1, 0, 7, 42, NULL, '2016-09-29 15:44:39', NULL, NULL, b'0'),
	(27, '20160921102', 'POLO衣服2', 'POLO衣服2', 199.000000, NULL, NULL, b'0', 1, 0, 0, 7, 43, NULL, '2016-09-29 16:21:30', NULL, NULL, b'0'),
	(28, '201609273131', 'er', 'er', 12.000000, NULL, NULL, b'0', 1, 0, 0, 39, 44, NULL, '2016-10-11 16:36:06', NULL, NULL, b'0'),
	(29, '201609273131', 'er', 'er', 12.000000, NULL, NULL, b'0', 1, 0, 0, 39, 45, NULL, '2016-10-14 09:44:07', NULL, NULL, b'0'),
	(30, '201609273131', 'er', 'er', 12.000000, NULL, NULL, b'0', 1, 0, 0, 39, 46, NULL, '2016-10-14 11:00:01', NULL, NULL, b'0'),
	(31, '201609273131', 'er', 'er', 12.000000, NULL, NULL, b'0', 1, 0, 0, 39, 47, NULL, '2016-10-14 13:42:30', NULL, NULL, b'0');
/*!40000 ALTER TABLE `order_item` ENABLE KEYS */;


-- 导出  表 jfinalshop.order_log 结构
CREATE TABLE IF NOT EXISTS `order_log` (
  `id` bigint(20) NOT NULL AUTO_INCREMENT COMMENT '主键_id',
  `type` int(11) NOT NULL COMMENT '类型',
  `operator` varchar(255) DEFAULT NULL COMMENT '操作员',
  `content` varchar(255) DEFAULT NULL COMMENT '内容',
  `order_id` bigint(20) NOT NULL COMMENT '订单',
  `create_by` varchar(20) DEFAULT NULL COMMENT '创建人',
  `creation_date` datetime DEFAULT NULL COMMENT '创建日期',
  `last_updated_by` varchar(20) DEFAULT NULL COMMENT '最后修改人',
  `last_updated_date` datetime DEFAULT NULL COMMENT '最后修改日期',
  `delete_flag` bit(1) NOT NULL DEFAULT b'0' COMMENT '删除标记',
  PRIMARY KEY (`id`),
  KEY `FKF6684C54B992E8EF` (`order_id`),
  CONSTRAINT `FKF6684C54B992E8EF` FOREIGN KEY (`order_id`) REFERENCES `order` (`id`)
) ENGINE=InnoDB AUTO_INCREMENT=34 DEFAULT CHARSET=utf8 COMMENT='订单日志';

-- 正在导出表  jfinalshop.order_log 的数据：~33 rows (大约)
/*!40000 ALTER TABLE `order_log` DISABLE KEYS */;
INSERT INTO `order_log` (`id`, `type`, `operator`, `content`, `order_id`, `create_by`, `creation_date`, `last_updated_by`, `last_updated_date`, `delete_flag`) VALUES
	(1, 0, NULL, NULL, 23, NULL, '2016-09-21 15:51:33', NULL, NULL, b'0'),
	(2, 0, NULL, NULL, 24, NULL, '2016-09-21 15:51:33', NULL, NULL, b'0'),
	(3, 0, NULL, NULL, 25, NULL, '2016-09-21 15:51:33', NULL, NULL, b'0'),
	(4, 0, NULL, NULL, 26, NULL, '2016-09-21 15:51:33', NULL, NULL, b'0'),
	(5, 0, NULL, NULL, 27, NULL, '2016-09-28 15:12:08', NULL, NULL, b'0'),
	(6, 0, NULL, NULL, 28, NULL, '2016-09-28 16:02:02', NULL, NULL, b'0'),
	(7, 0, NULL, NULL, 29, NULL, '2016-09-28 16:13:22', NULL, NULL, b'0'),
	(8, 0, NULL, NULL, 30, NULL, '2016-09-28 16:26:35', NULL, NULL, b'0'),
	(9, 0, NULL, NULL, 31, NULL, '2016-09-28 16:32:45', NULL, NULL, b'0'),
	(10, 0, NULL, NULL, 32, NULL, '2016-09-28 17:02:43', NULL, NULL, b'0'),
	(11, 0, NULL, NULL, 33, NULL, '2016-09-28 17:09:30', NULL, NULL, b'0'),
	(12, 0, NULL, NULL, 34, NULL, '2016-09-28 17:13:10', NULL, NULL, b'0'),
	(13, 0, NULL, NULL, 35, NULL, '2016-09-28 17:13:54', NULL, NULL, b'0'),
	(14, 0, NULL, NULL, 36, NULL, '2016-09-28 17:18:40', NULL, NULL, b'0'),
	(15, 0, NULL, NULL, 37, NULL, '2016-09-28 17:44:02', NULL, NULL, b'0'),
	(16, 0, NULL, NULL, 38, NULL, '2016-09-28 17:55:34', NULL, NULL, b'0'),
	(17, 0, NULL, NULL, 39, NULL, '2016-09-28 18:00:41', NULL, NULL, b'0'),
	(18, 0, NULL, NULL, 40, NULL, '2016-09-28 18:42:44', NULL, NULL, b'0'),
	(19, 0, NULL, NULL, 41, NULL, '2016-09-29 11:42:11', NULL, NULL, b'0'),
	(20, 2, 'admin', NULL, 41, NULL, '2016-09-29 14:01:16', NULL, NULL, b'0'),
	(21, 5, 'admin', NULL, 41, NULL, '2016-09-29 14:40:12', NULL, NULL, b'0'),
	(22, 7, 'admin', NULL, 41, NULL, '2016-09-29 14:46:22', NULL, NULL, b'0'),
	(23, 0, NULL, NULL, 42, NULL, '2016-09-29 15:44:39', NULL, NULL, b'0'),
	(24, 0, NULL, NULL, 43, NULL, '2016-09-29 16:21:30', NULL, NULL, b'0'),
	(25, 2, 'admin', NULL, 42, NULL, '2016-09-29 16:50:17', NULL, NULL, b'0'),
	(26, 4, 'admin', NULL, 42, NULL, '2016-09-29 18:01:19', NULL, NULL, b'0'),
	(27, 5, 'admin', NULL, 42, NULL, '2016-09-29 18:50:13', NULL, NULL, b'0'),
	(28, 6, 'admin', NULL, 42, NULL, '2016-09-29 19:32:09', NULL, NULL, b'0'),
	(29, 0, NULL, NULL, 44, NULL, '2016-10-11 16:36:06', NULL, NULL, b'0'),
	(30, 2, 'admin', NULL, 44, NULL, '2016-10-12 10:45:09', NULL, NULL, b'0'),
	(31, 0, NULL, NULL, 45, NULL, '2016-10-14 09:44:07', NULL, NULL, b'0'),
	(32, 0, NULL, NULL, 46, NULL, '2016-10-14 11:00:01', NULL, NULL, b'0'),
	(33, 0, NULL, NULL, 47, NULL, '2016-10-14 13:42:30', NULL, NULL, b'0');
/*!40000 ALTER TABLE `order_log` ENABLE KEYS */;


-- 导出  表 jfinalshop.parameter 结构
CREATE TABLE IF NOT EXISTS `parameter` (
  `id` bigint(20) NOT NULL AUTO_INCREMENT COMMENT '主键_id',
  `name` varchar(255) NOT NULL COMMENT '名称',
  `parameter_group_id` bigint(20) NOT NULL COMMENT '参数组',
  `orders` int(11) DEFAULT NULL COMMENT '排序',
  `create_by` varchar(20) DEFAULT NULL COMMENT '创建人',
  `creation_date` datetime DEFAULT NULL COMMENT '创建日期',
  `last_updated_by` varchar(20) DEFAULT NULL COMMENT '最后修改人',
  `last_updated_date` datetime DEFAULT NULL COMMENT '最后修改日期',
  `delete_flag` bit(1) NOT NULL DEFAULT b'0' COMMENT '删除标记',
  PRIMARY KEY (`id`),
  KEY `FK8238FD2A818BF383` (`parameter_group_id`),
  CONSTRAINT `FK8238FD2A818BF383` FOREIGN KEY (`parameter_group_id`) REFERENCES `parameter_group` (`id`)
) ENGINE=InnoDB AUTO_INCREMENT=11 DEFAULT CHARSET=utf8 COMMENT='参数';

-- 正在导出表  jfinalshop.parameter 的数据：~7 rows (大约)
/*!40000 ALTER TABLE `parameter` DISABLE KEYS */;
INSERT INTO `parameter` (`id`, `name`, `parameter_group_id`, `orders`, `create_by`, `creation_date`, `last_updated_by`, `last_updated_date`, `delete_flag`) VALUES
	(2, '12', 2, 1, '管理员', '2016-09-23 16:11:27', NULL, NULL, b'0'),
	(3, '23', 2, 2, '管理员', '2016-09-23 16:11:27', NULL, NULL, b'0'),
	(6, 'S', 4, NULL, '管理员', '2016-10-11 10:34:43', NULL, NULL, b'0'),
	(7, 'A', 4, NULL, '管理员', '2016-10-11 10:34:43', NULL, NULL, b'0'),
	(8, '次数', 5, NULL, '管理员', '2016-10-11 13:47:26', NULL, NULL, b'0'),
	(9, '服务时间', 6, NULL, '管理员', '2016-10-11 14:04:10', NULL, NULL, b'0'),
	(10, '预约时间', 7, NULL, '管理员', '2016-10-11 14:05:15', NULL, NULL, b'0');
/*!40000 ALTER TABLE `parameter` ENABLE KEYS */;


-- 导出  表 jfinalshop.parameter_group 结构
CREATE TABLE IF NOT EXISTS `parameter_group` (
  `id` bigint(20) NOT NULL AUTO_INCREMENT COMMENT '主键_id',
  `name` varchar(255) NOT NULL COMMENT '名称',
  `product_category_id` bigint(20) NOT NULL COMMENT '绑定分类',
  `orders` int(11) DEFAULT NULL COMMENT '排序',
  `create_by` varchar(20) DEFAULT NULL COMMENT '创建人',
  `creation_date` datetime DEFAULT NULL COMMENT '创建日期',
  `last_updated_by` varchar(20) DEFAULT NULL COMMENT '最后修改人',
  `last_updated_date` datetime DEFAULT NULL COMMENT '最后修改日期',
  `delete_flag` bit(1) NOT NULL DEFAULT b'0' COMMENT '删除标记',
  PRIMARY KEY (`id`),
  KEY `FKD68A4F2AD7629117` (`product_category_id`),
  CONSTRAINT `FKD68A4F2AD7629117` FOREIGN KEY (`product_category_id`) REFERENCES `product_category` (`id`)
) ENGINE=InnoDB AUTO_INCREMENT=8 DEFAULT CHARSET=utf8 COMMENT='参数组';

-- 正在导出表  jfinalshop.parameter_group 的数据：~5 rows (大约)
/*!40000 ALTER TABLE `parameter_group` DISABLE KEYS */;
INSERT INTO `parameter_group` (`id`, `name`, `product_category_id`, `orders`, `create_by`, `creation_date`, `last_updated_by`, `last_updated_date`, `delete_flag`) VALUES
	(2, '12', 1, 12, '管理员', '2016-09-23 16:11:27', '管理员', '2016-09-28 10:08:16', b'0'),
	(4, '12121', 11, 1, '管理员', '2016-10-11 10:34:43', NULL, NULL, b'0'),
	(5, '日常清洁', 1, NULL, '管理员', '2016-10-11 13:47:26', NULL, NULL, b'0'),
	(6, '服务时间', 1, NULL, '管理员', '2016-10-11 14:04:10', NULL, NULL, b'0'),
	(7, '预约时间', 11, NULL, '管理员', '2016-10-11 14:05:15', NULL, NULL, b'0');
/*!40000 ALTER TABLE `parameter_group` ENABLE KEYS */;


-- 导出  表 jfinalshop.payment 结构
CREATE TABLE IF NOT EXISTS `payment` (
  `id` bigint(20) NOT NULL AUTO_INCREMENT COMMENT '主键_id',
  `sn` varchar(100) NOT NULL COMMENT '编号',
  `type` int(11) NOT NULL COMMENT '类型',
  `status` int(11) NOT NULL COMMENT '状态',
  `method` int(11) NOT NULL COMMENT '方式',
  `payment_method` varchar(255) DEFAULT NULL COMMENT '支付方式',
  `bank` varchar(255) DEFAULT NULL COMMENT '收款银行',
  `account` varchar(255) DEFAULT NULL COMMENT '收款账号',
  `fee` decimal(21,6) NOT NULL COMMENT '支付手续费',
  `amount` decimal(21,6) NOT NULL COMMENT '付款金额',
  `payer` varchar(255) DEFAULT NULL COMMENT '付款人',
  `operator` varchar(255) DEFAULT NULL COMMENT '操作员',
  `payment_date` datetime DEFAULT NULL COMMENT '付款日期',
  `memo` varchar(255) DEFAULT NULL COMMENT '备注',
  `payment_plugin_id` varchar(255) DEFAULT NULL COMMENT '支付插件ID',
  `expire` datetime DEFAULT NULL COMMENT '到期时间',
  `member_id` bigint(20) DEFAULT NULL COMMENT '会员',
  `order_id` bigint(20) DEFAULT NULL COMMENT '订单',
  `create_by` varchar(20) DEFAULT NULL COMMENT '创建人',
  `creation_date` datetime DEFAULT NULL COMMENT '创建日期',
  `last_updated_by` varchar(20) DEFAULT NULL COMMENT '最后修改人',
  `last_updated_date` datetime DEFAULT NULL COMMENT '最后修改日期',
  `delete_flag` bit(1) NOT NULL DEFAULT b'0' COMMENT '删除标记',
  PRIMARY KEY (`id`),
  UNIQUE KEY `sn` (`sn`),
  KEY `FK602CE7C77C62EDF8` (`member_id`),
  KEY `FK602CE7C7B992E8EF` (`order_id`),
  CONSTRAINT `FK602CE7C77C62EDF8` FOREIGN KEY (`member_id`) REFERENCES `member` (`id`),
  CONSTRAINT `FK602CE7C7B992E8EF` FOREIGN KEY (`order_id`) REFERENCES `order` (`id`)
) ENGINE=InnoDB AUTO_INCREMENT=17 DEFAULT CHARSET=utf8 COMMENT='收款单';

-- 正在导出表  jfinalshop.payment 的数据：~16 rows (大约)
/*!40000 ALTER TABLE `payment` DISABLE KEYS */;
INSERT INTO `payment` (`id`, `sn`, `type`, `status`, `method`, `payment_method`, `bank`, `account`, `fee`, `amount`, `payer`, `operator`, `payment_date`, `memo`, `payment_plugin_id`, `expire`, `member_id`, `order_id`, `create_by`, `creation_date`, `last_updated_by`, `last_updated_date`, `delete_flag`) VALUES
	(1, '20160928202', 0, 0, 0, '网上支付 - 支付宝即时交易', NULL, NULL, 0.000000, 199.000000, NULL, NULL, NULL, NULL, 'alipayDirectPlugin', '2016-10-13 18:42:48', NULL, 40, 'hycx2', '2016-09-28 18:42:48', NULL, NULL, b'0'),
	(2, '20160928203', 0, 0, 0, '网上支付 - 财付通即时交易', NULL, NULL, 0.000000, 434.000000, NULL, NULL, NULL, NULL, 'tenpayDirectPlugin', '2016-10-13 18:45:09', NULL, 28, 'hycx2', '2016-09-28 18:45:09', NULL, NULL, b'0'),
	(3, '20160929303', 0, 1, 0, '网上支付 - 支付宝即时交易', NULL, NULL, 0.000000, 398.000000, NULL, NULL, '2016-09-29 11:42:16', NULL, 'alipayDirectPlugin', '2016-10-14 11:42:16', NULL, 41, 'hycx', '2016-09-29 11:42:16', NULL, NULL, b'0'),
	(4, '20160929404', 0, 0, 0, '网上支付 - 支付宝即时交易', NULL, NULL, 0.000000, 199.000000, NULL, NULL, NULL, NULL, 'alipayDirectPlugin', '2016-10-14 15:44:50', NULL, 42, 'hycx6', '2016-09-29 15:44:50', NULL, NULL, b'0'),
	(5, '20160929505', 0, 0, 0, '网上支付 - 支付宝即时交易', NULL, NULL, 0.000000, 199.000000, NULL, NULL, NULL, NULL, 'alipayDirectPlugin', '2016-10-14 16:21:39', NULL, 43, 'hycx6', '2016-09-29 16:21:39', NULL, NULL, b'0'),
	(6, '20160929506', 0, 0, 0, '网上支付 - 支付宝即时交易', NULL, NULL, 0.000000, 199.000000, NULL, NULL, NULL, NULL, 'alipayDirectPlugin', '2016-10-14 16:22:15', NULL, 43, 'hycx6', '2016-09-29 16:22:15', NULL, NULL, b'0'),
	(7, '20160929507', 0, 0, 0, '网上支付 - 支付宝即时交易', NULL, NULL, 0.000000, 199.000000, NULL, NULL, NULL, NULL, 'alipayDirectPlugin', '2016-10-14 16:22:51', NULL, 43, 'hycx6', '2016-09-29 16:22:51', NULL, NULL, b'0'),
	(8, '20160929606', 0, 0, 0, '网上支付 - 支付宝即时交易', NULL, NULL, 0.000000, 199.000000, NULL, NULL, NULL, NULL, 'alipayDirectPlugin', '2016-10-14 16:25:23', NULL, 43, 'hycx6', '2016-09-29 16:25:23', NULL, NULL, b'0'),
	(9, '20160929607', 0, 1, 0, '网上支付 - 支付宝即时交易', NULL, NULL, 0.000000, 199.000000, NULL, NULL, NULL, NULL, 'alipayDirectPlugin', '2016-10-14 16:32:26', NULL, 43, 'hycx6', '2016-09-29 16:32:32', NULL, NULL, b'0'),
	(10, '20160929707', 0, 1, 0, '网上支付 - 支付宝即时交易', NULL, NULL, 0.000000, 199.000000, 'hycx6', NULL, '2016-09-29 16:47:14', NULL, 'alipayDirectPlugin', '2016-10-14 16:47:14', NULL, 42, 'hycx6', '2016-09-29 16:47:14', NULL, NULL, b'0'),
	(11, '20161011808', 0, 0, 0, '网上支付 - 支付宝即时交易', NULL, NULL, 0.000000, 12.000000, 'test001', NULL, '2016-10-11 16:36:16', NULL, 'alipayDirectPlugin', '2016-10-26 16:36:16', NULL, 44, 'test001', '2016-10-11 16:36:16', NULL, NULL, b'0'),
	(12, '20161011809', 0, 0, 0, '网上支付 - 支付宝即时交易', NULL, NULL, 0.000000, 12.000000, 'test001', NULL, '2016-10-11 16:36:35', NULL, 'alipayDirectPlugin', '2016-10-26 16:36:35', NULL, 44, 'test001', '2016-10-11 16:36:35', NULL, NULL, b'0'),
	(13, '20161011810', 0, 0, 0, '网上支付 - 财付通即时交易', NULL, NULL, 0.000000, 12.000000, 'test001', NULL, '2016-10-11 16:36:55', NULL, 'tenpayDirectPlugin', '2016-10-26 16:36:55', NULL, 44, 'test001', '2016-10-11 16:36:55', NULL, NULL, b'0'),
	(14, '20161011811', 0, 0, 0, '网上支付 - 银联在线支付', NULL, NULL, 0.000000, 12.000000, 'test001', NULL, '2016-10-11 16:37:17', NULL, 'unionpayPlugin', '2016-10-26 16:37:17', NULL, 44, 'test001', '2016-10-11 16:37:17', NULL, NULL, b'0'),
	(15, '20161014812', 0, 0, 0, '网上支付 - 支付宝即时交易', NULL, NULL, 0.000000, 12.000000, '彭森林', NULL, '2016-10-14 09:44:12', NULL, 'alipayDirectPlugin', '2016-10-29 09:44:12', NULL, 45, '彭森林', '2016-10-14 09:44:12', NULL, NULL, b'0'),
	(16, '20161014813', 0, 0, 0, '网上支付 - 支付宝即时交易', NULL, NULL, 0.000000, 12.000000, '彭森林', NULL, '2016-10-14 13:42:45', NULL, 'alipayDirectPlugin', '2016-10-29 13:42:45', NULL, 47, '彭森林', '2016-10-14 13:42:45', NULL, NULL, b'0');
/*!40000 ALTER TABLE `payment` ENABLE KEYS */;


-- 导出  表 jfinalshop.payment_method 结构
CREATE TABLE IF NOT EXISTS `payment_method` (
  `id` bigint(20) NOT NULL AUTO_INCREMENT COMMENT '主键_id',
  `name` varchar(255) NOT NULL COMMENT '名称',
  `method` int(11) NOT NULL COMMENT '方式',
  `timeout` int(11) DEFAULT NULL COMMENT '超时时间',
  `icon` varchar(255) DEFAULT NULL COMMENT '图标',
  `description` varchar(255) DEFAULT NULL COMMENT '介绍',
  `content` longtext COMMENT '内容',
  `orders` int(11) DEFAULT NULL COMMENT '排序',
  `create_by` varchar(20) DEFAULT NULL COMMENT '创建人',
  `creation_date` datetime DEFAULT NULL COMMENT '创建日期',
  `last_updated_by` varchar(20) DEFAULT NULL COMMENT '最后修改人',
  `last_updated_date` datetime DEFAULT NULL COMMENT '最后修改日期',
  `delete_flag` bit(1) NOT NULL DEFAULT b'0' COMMENT '删除标记',
  PRIMARY KEY (`id`)
) ENGINE=InnoDB AUTO_INCREMENT=6 DEFAULT CHARSET=utf8 COMMENT='支付方式';

-- 正在导出表  jfinalshop.payment_method 的数据：~3 rows (大约)
/*!40000 ALTER TABLE `payment_method` DISABLE KEYS */;
INSERT INTO `payment_method` (`id`, `name`, `method`, `timeout`, `icon`, `description`, `content`, `orders`, `create_by`, `creation_date`, `last_updated_by`, `last_updated_date`, `delete_flag`) VALUES
	(1, '网上支付', 0, 1440, 'http://localhost:8080/upload/image/online.gif', '支持支付宝、财付通、以及大多数网上银行支付', NULL, 1, NULL, NULL, NULL, NULL, b'0'),
	(2, '银行汇款', 0, NULL, 'http://localhost:8080/upload/image/remittance.gif', '支持工行、建行、农行汇款支付，收款时间一般为汇款后的1-2个工作日', '<img src="http://storage.shopxx.net/demo-image/3.0/201301/8417e751-a1d2-4727-82da-003075a44398.jpg" />', 2, NULL, NULL, '管理员', '2016-10-10 18:59:24', b'0'),
	(3, '货到付款', 1, NULL, 'http://localhost:8080/upload/image/cash_on_delivery.gif', '由快递公司送货上门，您签收后直接将货款交付给快递员', NULL, 3, NULL, NULL, NULL, NULL, b'0');
/*!40000 ALTER TABLE `payment_method` ENABLE KEYS */;


-- 导出  表 jfinalshop.payment_shipping_method 结构
CREATE TABLE IF NOT EXISTS `payment_shipping_method` (
  `payment_methods` bigint(20) NOT NULL,
  `shipping_methods` bigint(20) NOT NULL,
  PRIMARY KEY (`payment_methods`,`shipping_methods`),
  KEY `FKC230A01A85883714` (`shipping_methods`),
  KEY `FKC230A01AA2ED13BC` (`payment_methods`),
  CONSTRAINT `FKC230A01A85883714` FOREIGN KEY (`shipping_methods`) REFERENCES `shipping_method` (`id`),
  CONSTRAINT `FKC230A01AA2ED13BC` FOREIGN KEY (`payment_methods`) REFERENCES `payment_method` (`id`)
) ENGINE=InnoDB DEFAULT CHARSET=utf8;

-- 正在导出表  jfinalshop.payment_shipping_method 的数据：~1 rows (大约)
/*!40000 ALTER TABLE `payment_shipping_method` DISABLE KEYS */;
INSERT INTO `payment_shipping_method` (`payment_methods`, `shipping_methods`) VALUES
	(1, 1);
/*!40000 ALTER TABLE `payment_shipping_method` ENABLE KEYS */;


-- 导出  表 jfinalshop.permission 结构
CREATE TABLE IF NOT EXISTS `permission` (
  `id` bigint(20) NOT NULL AUTO_INCREMENT,
  `name` varchar(50) NOT NULL COMMENT '名称',
  `value` varchar(50) NOT NULL COMMENT '值',
  `url` varchar(255) DEFAULT NULL COMMENT 'url地址',
  `module` varchar(50) DEFAULT NULL COMMENT '所属模块',
  `description` varchar(255) DEFAULT NULL COMMENT '简介',
  `create_by` varchar(20) DEFAULT NULL COMMENT '创建人',
  `creation_date` datetime DEFAULT NULL COMMENT '创建日期',
  `last_updated_by` varchar(20) DEFAULT NULL COMMENT '最后修改人',
  `last_updated_date` datetime DEFAULT NULL COMMENT '最后修改日期',
  `delete_flag` bit(1) NOT NULL DEFAULT b'0' COMMENT '删除标记',
  PRIMARY KEY (`id`),
  UNIQUE KEY `value` (`value`)
) ENGINE=InnoDB AUTO_INCREMENT=52 DEFAULT CHARSET=utf8 COMMENT='权限';

-- 正在导出表  jfinalshop.permission 的数据：~51 rows (大约)
/*!40000 ALTER TABLE `permission` DISABLE KEYS */;
INSERT INTO `permission` (`id`, `name`, `value`, `url`, `module`, `description`, `create_by`, `creation_date`, `last_updated_by`, `last_updated_date`, `delete_flag`) VALUES
	(1, '商品管理 ', 'adminProduct', '/admin/product/**', 'productGroup', NULL, '管理员', '2016-10-09 11:04:33', NULL, NULL, b'0'),
	(2, '商品分类管理', 'adminProductCategory', '/admin/productCategory/**', 'productGroup', NULL, '管理员', '2016-10-09 11:05:34', '管理员', '2016-10-09 11:05:51', b'0'),
	(3, '商品参数管理', 'adminParameterGroup', '/admin/parameterGroup/**', 'productGroup', NULL, '管理员', '2016-10-09 11:06:42', NULL, NULL, b'0'),
	(4, '商品属性管理', 'adminAttribute', '/admin/attribute/**', 'productGroup', NULL, '管理员', '2016-10-09 11:10:25', NULL, NULL, b'0'),
	(5, '规格管理', 'adminSpecification', '/admin/specification/**', 'productGroup', NULL, '管理员', '2016-10-09 11:11:00', NULL, NULL, b'0'),
	(6, '品牌管理', 'adminBrand', '/admin/brand/**', 'productGroup', NULL, '管理员', '2016-10-09 11:11:34', NULL, NULL, b'0'),
	(7, '到货通知管理', 'adminProductNotify', '/admin/productNotify/**', 'productGroup', NULL, '管理员', '2016-10-09 11:12:23', NULL, NULL, b'0'),
	(8, '订单管理', 'adminOrder', '/admin/order/**', 'orderGroup', NULL, '管理员', '2016-10-09 13:53:29', NULL, NULL, b'0'),
	(9, '打印管理', 'adminPrint', '/admin/print/**', 'orderGroup', NULL, '管理员', '2016-10-09 13:54:06', NULL, NULL, b'0'),
	(10, '收款管理', 'adminPayment', '/admin/payment/**', 'orderGroup', NULL, '管理员', '2016-10-09 13:54:50', NULL, NULL, b'0'),
	(11, '退款管理', 'adminRefunds', '/admin/refunds/**', 'orderGroup', NULL, '管理员', '2016-10-09 13:55:27', NULL, NULL, b'0'),
	(12, '发货管理', 'adminShipping', '/admin/shipping/**', 'orderGroup', NULL, '管理员', '2016-10-09 13:56:02', NULL, NULL, b'0'),
	(13, '退货管理', 'adminReturns', '/admin/returns/**', 'orderGroup', NULL, '管理员', '2016-10-09 13:56:32', NULL, NULL, b'0'),
	(14, '发货点管理', 'adminDeliveryCenter', '/admin/deliveryCenter/**', 'orderGroup', NULL, '管理员', '2016-10-09 13:57:12', NULL, NULL, b'0'),
	(15, '快递单模板管理', 'adminDeliveryTemplate', '/admin/deliveryTemplate/**', 'orderGroup', NULL, '管理员', '2016-10-09 13:57:50', NULL, NULL, b'0'),
	(16, '会员管理', 'adminMember', '/admin/member/**', 'memberGroup', NULL, '管理员', '2016-10-09 13:58:21', NULL, NULL, b'0'),
	(17, '会员等级管理', 'adminMemberRank', '/admin/memberRank/**', 'memberGroup', NULL, '管理员', '2016-10-09 13:58:56', NULL, NULL, b'0'),
	(18, '会员注册项管理', 'adminMemberAttribute', '/admin/memberAttribute/**', 'memberGroup', NULL, '管理员', '2016-10-09 13:59:28', NULL, NULL, b'0'),
	(19, '评论管理', 'adminReview', '/admin/review/**', 'memberGroup', NULL, '管理员', '2016-10-09 14:00:01', NULL, NULL, b'0'),
	(20, '咨询管理', 'adminConsultation', '/admin/consultation/**', 'memberGroup', NULL, '管理员', '2016-10-09 14:00:37', NULL, NULL, b'0'),
	(21, '导航管理', 'adminNavigation', '/admin/navigation/**', 'contentGroup', NULL, '管理员', '2016-10-09 14:01:11', NULL, NULL, b'0'),
	(22, '文章管理', 'adminArticle', '/admin/article/**', 'contentGroup', NULL, '管理员', '2016-10-09 14:01:47', NULL, NULL, b'0'),
	(23, '文章分类管理', 'adminArticleCategory', '/admin/articleCategory/**', 'contentGroup', NULL, '管理员', '2016-10-09 14:02:22', NULL, NULL, b'0'),
	(24, '标签管理', 'adminTag', '/admin/tag/**', 'contentGroup', NULL, '管理员', '2016-10-09 14:02:55', NULL, NULL, b'0'),
	(25, '友情链接管理', 'adminFriendLink', '/admin/friendLink/**', 'contentGroup', NULL, '管理员', '2016-10-09 14:03:43', NULL, NULL, b'0'),
	(26, '广告位管理', 'adminAdPosition', '/admin/adPosition/**', 'contentGroup', NULL, '管理员', '2016-10-09 14:04:17', NULL, NULL, b'0'),
	(27, '广告管理', 'adminAd', '/admin/ad/**', 'contentGroup', NULL, '管理员', '2016-10-09 14:04:49', NULL, NULL, b'0'),
	(28, '模板管理', 'adminTemplate', '/admin/template/**', 'contentGroup', NULL, '管理员', '2016-10-09 14:05:18', NULL, NULL, b'0'),
	(29, '缓存管理', 'adminCache', '/admin/cache/**', 'contentGroup', NULL, '管理员', '2016-10-09 14:05:52', NULL, NULL, b'0'),
	(30, '静态化管理', 'adminStatic', '/admin/static/**', 'contentGroup', NULL, '管理员', '2016-10-09 14:06:22', NULL, NULL, b'0'),
	(31, '索引管理', 'adminIndex', '/admin/index/**', 'contentGroup', NULL, '管理员', '2016-10-09 14:07:01', NULL, NULL, b'0'),
	(32, '促销管理', 'adminPromotion', '/admin/promotion/**', 'marketingGroup', NULL, '管理员', '2016-10-09 14:07:37', NULL, NULL, b'0'),
	(33, '优惠券管理', 'adminCoupon', '/admin/coupon/**', 'marketingGroup', NULL, '管理员', '2016-10-09 14:08:09', NULL, NULL, b'0'),
	(34, 'SEO设置', 'adminSeo', '/admin/seo/**', 'marketingGroup', NULL, '管理员', '2016-10-09 14:08:43', NULL, NULL, b'0'),
	(35, 'Sitemap管理', 'adminSitemap', '/admin/sitemap/**', 'marketingGroup', NULL, '管理员', '2016-10-09 14:09:14', NULL, NULL, b'0'),
	(36, '访问统计管理', 'adminStatistics', '/admin/statistics/**', 'statisticsGroup', NULL, '管理员', '2016-10-09 14:11:12', NULL, NULL, b'0'),
	(37, '销售统计', 'adminSales', '/admin/sales/**', 'statisticsGroup', NULL, '管理员', '2016-10-09 14:11:47', NULL, NULL, b'0'),
	(38, '销售排行', 'adminSalesRanking', '/admin/salesRanking/**', 'statisticsGroup', NULL, '管理员', '2016-10-09 14:12:20', NULL, NULL, b'0'),
	(39, '消费排行', 'adminPurchaseRanking', '/admin/purchaseRanking/**', 'statisticsGroup', NULL, '管理员', '2016-10-09 14:12:55', NULL, NULL, b'0'),
	(40, '预存款', 'adminDeposit', '/admin/deposit/**', 'statisticsGroup', NULL, '管理员', '2016-10-09 14:13:25', NULL, NULL, b'0'),
	(41, '系统设置', 'adminSetting', '/admin/setting/**', 'systemGroup', NULL, '管理员', '2016-10-09 14:14:08', NULL, NULL, b'0'),
	(42, '地区管理', 'adminArea', '/admin/area/**', 'systemGroup', NULL, '管理员', '2016-10-09 14:14:39', NULL, NULL, b'0'),
	(43, '支付方式管理', 'adminPaymentMethod', '/admin/payment_method/**', 'systemGroup', NULL, '管理员', '2016-10-09 14:15:14', NULL, NULL, b'0'),
	(44, '配送方式管理', 'adminShippingMethod', '/admin/shippingMethod/**', 'systemGroup', NULL, '管理员', '2016-10-09 14:15:47', NULL, NULL, b'0'),
	(45, '物流公司管理', 'adminDeliveryCorp', '/admin/deliveryCorp/**', 'systemGroup', NULL, '管理员', '2016-10-09 14:16:19', NULL, NULL, b'0'),
	(46, '支付插件', 'adminPaymentPlugin', '/admin/paymentPlugin/**', 'systemGroup', NULL, '管理员', '2016-10-09 14:16:50', NULL, NULL, b'0'),
	(47, '存储插件', 'adminStoragePlugin', '/admin/storagePlugin/**', 'systemGroup', NULL, '管理员', '2016-10-09 14:17:27', NULL, NULL, b'0'),
	(48, '管理员管理', 'adminAdmin', '/admin/admin/**', 'systemGroup', NULL, '管理员', '2016-10-09 14:18:21', '管理员', '2016-10-10 10:50:25', b'0'),
	(49, '角色管理', 'adminRole', '/admin/role/**', 'systemGroup', NULL, '管理员', '2016-10-09 14:19:40', NULL, NULL, b'0'),
	(50, '消息管理', 'adminMessage', '/admin/message/**', 'systemGroup', NULL, '管理员', '2016-10-09 14:20:12', NULL, NULL, b'0'),
	(51, '日志管理', 'adminLog', '/admin/log/**', 'systemGroup', NULL, '管理员', '2016-10-09 14:20:39', NULL, NULL, b'0');
/*!40000 ALTER TABLE `permission` ENABLE KEYS */;


-- 导出  表 jfinalshop.permission_role 结构
CREATE TABLE IF NOT EXISTS `permission_role` (
  `permissions` bigint(20) NOT NULL,
  `roles` bigint(20) NOT NULL COMMENT '角色',
  PRIMARY KEY (`permissions`,`roles`),
  KEY `FK_permission_role_role` (`roles`),
  KEY `permissions` (`permissions`),
  CONSTRAINT `FK_permission_role_permission` FOREIGN KEY (`permissions`) REFERENCES `permission` (`id`),
  CONSTRAINT `FK_permission_role_role` FOREIGN KEY (`roles`) REFERENCES `role` (`id`)
) ENGINE=InnoDB DEFAULT CHARSET=utf8;

-- 正在导出表  jfinalshop.permission_role 的数据：~56 rows (大约)
/*!40000 ALTER TABLE `permission_role` DISABLE KEYS */;
INSERT INTO `permission_role` (`permissions`, `roles`) VALUES
	(1, 1),
	(2, 1),
	(3, 1),
	(4, 1),
	(5, 1),
	(6, 1),
	(7, 1),
	(8, 1),
	(9, 1),
	(10, 1),
	(11, 1),
	(12, 1),
	(13, 1),
	(14, 1),
	(15, 1),
	(16, 1),
	(17, 1),
	(18, 1),
	(19, 1),
	(20, 1),
	(21, 1),
	(22, 1),
	(23, 1),
	(24, 1),
	(25, 1),
	(26, 1),
	(27, 1),
	(28, 1),
	(29, 1),
	(30, 1),
	(31, 1),
	(32, 1),
	(33, 1),
	(34, 1),
	(35, 1),
	(36, 1),
	(37, 1),
	(38, 1),
	(39, 1),
	(40, 1),
	(41, 1),
	(42, 1),
	(43, 1),
	(44, 1),
	(45, 1),
	(46, 1),
	(47, 1),
	(48, 1),
	(49, 1),
	(50, 1),
	(51, 1),
	(1, 2),
	(41, 2),
	(42, 2),
	(1, 3),
	(6, 4);
/*!40000 ALTER TABLE `permission_role` ENABLE KEYS */;


-- 导出  表 jfinalshop.plugin_config 结构
CREATE TABLE IF NOT EXISTS `plugin_config` (
  `id` bigint(20) NOT NULL AUTO_INCREMENT COMMENT '主键_id',
  `plugin_id` varchar(100) NOT NULL COMMENT '插件ID',
  `is_enabled` bit(1) NOT NULL COMMENT '是否启用',
  `orders` int(11) DEFAULT NULL COMMENT '排序',
  `create_by` varchar(20) DEFAULT NULL COMMENT '创建人',
  `creation_date` datetime DEFAULT NULL COMMENT '创建日期',
  `last_updated_by` varchar(20) DEFAULT NULL COMMENT '最后修改人',
  `last_updated_date` datetime DEFAULT NULL COMMENT '最后修改日期',
  `delete_flag` bit(1) NOT NULL DEFAULT b'0' COMMENT '删除标记',
  PRIMARY KEY (`id`),
  UNIQUE KEY `plugin_id` (`plugin_id`)
) ENGINE=InnoDB AUTO_INCREMENT=12 DEFAULT CHARSET=utf8 COMMENT='插件配置';

-- 正在导出表  jfinalshop.plugin_config 的数据：~10 rows (大约)
/*!40000 ALTER TABLE `plugin_config` DISABLE KEYS */;
INSERT INTO `plugin_config` (`id`, `plugin_id`, `is_enabled`, `orders`, `create_by`, `creation_date`, `last_updated_by`, `last_updated_date`, `delete_flag`) VALUES
	(1, 'filePlugin', b'1', 100, NULL, NULL, NULL, NULL, b'0'),
	(2, 'alipayDirectPlugin', b'1', 1, NULL, NULL, NULL, NULL, b'0'),
	(3, 'tenpayDirectPlugin', b'1', NULL, NULL, NULL, '管理员', '2016-10-15 11:22:18', b'0'),
	(4, 'pay99billPlugin', b'1', 3, NULL, NULL, NULL, NULL, b'0'),
	(5, 'yeepayPlugin', b'1', 4, NULL, NULL, NULL, NULL, b'0'),
	(6, 'unionpayPlugin', b'1', 5, NULL, NULL, NULL, NULL, b'0'),
	(7, 'paypalPlugin', b'1', 6, NULL, NULL, NULL, NULL, b'0'),
	(9, 'ossPlugin', b'0', NULL, '管理员', '2016-10-11 11:47:36', NULL, NULL, b'0'),
	(10, 'alipayBankPlugin', b'0', NULL, '管理员', '2016-10-11 11:55:57', NULL, NULL, b'0'),
	(11, 'alipayDualPlugin', b'1', NULL, '管理员', '2016-10-15 11:22:48', '管理员', '2016-10-15 11:23:19', b'0');
/*!40000 ALTER TABLE `plugin_config` ENABLE KEYS */;


-- 导出  表 jfinalshop.plugin_config_attribute 结构
CREATE TABLE IF NOT EXISTS `plugin_config_attribute` (
  `plugin_config` bigint(20) NOT NULL,
  `attributes` varchar(255) DEFAULT NULL,
  `name` varchar(100) NOT NULL,
  PRIMARY KEY (`plugin_config`,`name`),
  KEY `FK42CB712CE174C3E7` (`plugin_config`),
  CONSTRAINT `FK42CB712CE174C3E7` FOREIGN KEY (`plugin_config`) REFERENCES `plugin_config` (`id`)
) ENGINE=InnoDB DEFAULT CHARSET=utf8;

-- 正在导出表  jfinalshop.plugin_config_attribute 的数据：~37 rows (大约)
/*!40000 ALTER TABLE `plugin_config_attribute` DISABLE KEYS */;
INSERT INTO `plugin_config_attribute` (`plugin_config`, `attributes`, `name`) VALUES
	(2, '0', 'fee'),
	(2, 'fixed', 'feeType'),
	(2, 'abc', 'key'),
	(2, 'http://localhost:8080/upload/image/alipay.gif', 'logo'),
	(2, 'abc', 'partner'),
	(2, '支付宝即时交易', 'paymentName'),
	(3, '0', 'fee'),
	(3, 'fixed', 'feeType'),
	(3, 'abc', 'key'),
	(3, 'http://localhost:8080/upload/image/tenpay.gif', 'logo'),
	(3, 'abc', 'partner'),
	(3, '财付通即时交易', 'paymentName'),
	(4, '0', 'fee'),
	(4, 'fixed', 'feeType'),
	(4, 'abc', 'key'),
	(4, 'http://localhost:8080/upload/image/99bill.gif', 'logo'),
	(4, 'abc', 'partner'),
	(4, '快钱支付', 'paymentName'),
	(5, '0', 'fee'),
	(5, 'fixed', 'feeType'),
	(5, 'abc', 'key'),
	(5, 'http://localhost:8080/upload/image/yeepay.gif', 'logo'),
	(5, 'abc', 'partner'),
	(5, '易宝支付', 'paymentName'),
	(6, '0', 'fee'),
	(6, 'fixed', 'feeType'),
	(6, 'abc', 'key'),
	(6, 'http://localhost:8080/upload/image/unionpay.gif', 'logo'),
	(6, 'abc', 'partner'),
	(6, '银联在线支付', 'paymentName'),
	(7, 'USD', 'currency'),
	(7, '0', 'fee'),
	(7, 'fixed', 'feeType'),
	(7, 'abc', 'key'),
	(7, 'http://localhost:8080/upload/image/paypal.gif', 'logo'),
	(7, 'abc', 'partner'),
	(7, 'Paypal', 'paymentName');
/*!40000 ALTER TABLE `plugin_config_attribute` ENABLE KEYS */;


-- 导出  表 jfinalshop.product 结构
CREATE TABLE IF NOT EXISTS `product` (
  `id` bigint(20) NOT NULL AUTO_INCREMENT COMMENT 'id',
  `sn` varchar(100) NOT NULL COMMENT '编号',
  `name` varchar(255) NOT NULL COMMENT '名称',
  `full_name` varchar(255) NOT NULL COMMENT '全称',
  `price` decimal(21,6) NOT NULL COMMENT '销售价',
  `cost` decimal(21,6) DEFAULT NULL COMMENT '成本价',
  `market_price` decimal(21,6) NOT NULL COMMENT '市场价',
  `image` varchar(255) DEFAULT NULL COMMENT '展示图片',
  `unit` varchar(255) DEFAULT NULL COMMENT '单位',
  `weight` int(11) DEFAULT NULL COMMENT '重量',
  `stock` int(11) DEFAULT NULL COMMENT '库存',
  `allocated_stock` int(11) NOT NULL COMMENT '已分配库存',
  `stock_memo` varchar(255) DEFAULT NULL COMMENT '库存备注',
  `point` bigint(20) NOT NULL COMMENT '赠送积分',
  `is_marketable` bit(1) NOT NULL COMMENT '是否上架',
  `is_list` bit(1) NOT NULL COMMENT '是否列出',
  `is_top` bit(1) NOT NULL COMMENT '是否置顶',
  `is_gift` bit(1) NOT NULL COMMENT '是否为赠品',
  `introduction` longtext COMMENT '介绍',
  `memo` varchar(255) DEFAULT NULL COMMENT '备注',
  `keyword` varchar(255) DEFAULT NULL COMMENT '搜索关键词',
  `seo_title` varchar(255) DEFAULT NULL COMMENT '页面标题',
  `seo_keywords` varchar(255) DEFAULT NULL COMMENT '页面关键词',
  `seo_description` varchar(255) DEFAULT NULL COMMENT '页面描述',
  `score` float NOT NULL COMMENT '评分',
  `total_score` bigint(20) NOT NULL COMMENT '总评分',
  `score_count` bigint(20) NOT NULL COMMENT '评分数',
  `hits` bigint(20) NOT NULL COMMENT '点击数',
  `week_hits` bigint(20) NOT NULL COMMENT '周点击数',
  `month_hits` bigint(20) NOT NULL COMMENT '月点击数',
  `sales` bigint(20) NOT NULL COMMENT '销量',
  `week_sales` bigint(20) NOT NULL COMMENT '周销量',
  `month_sales` bigint(20) NOT NULL COMMENT '月销量',
  `week_hits_date` datetime NOT NULL COMMENT '周点击数更新日期',
  `month_hits_date` datetime NOT NULL COMMENT '月点击数更新日期',
  `week_sales_date` datetime NOT NULL COMMENT '周销量更新日期',
  `month_sales_date` datetime NOT NULL COMMENT '月销量更新日期',
  `attribute_value0` varchar(255) DEFAULT NULL COMMENT '商品属性值0',
  `attribute_value1` varchar(255) DEFAULT NULL COMMENT '商品属性值1',
  `attribute_value2` varchar(255) DEFAULT NULL COMMENT '商品属性值2',
  `attribute_value3` varchar(255) DEFAULT NULL COMMENT '商品属性值3',
  `attribute_value4` varchar(255) DEFAULT NULL COMMENT '商品属性值4',
  `attribute_value5` varchar(255) DEFAULT NULL COMMENT '商品属性值5',
  `attribute_value6` varchar(255) DEFAULT NULL COMMENT '商品属性值6',
  `attribute_value7` varchar(255) DEFAULT NULL COMMENT '商品属性值7',
  `attribute_value8` varchar(255) DEFAULT NULL COMMENT '商品属性值8',
  `attribute_value9` varchar(255) DEFAULT NULL COMMENT '商品属性值9',
  `attribute_value10` varchar(255) DEFAULT NULL COMMENT '商品属性值10',
  `attribute_value11` varchar(255) DEFAULT NULL COMMENT '商品属性值11',
  `attribute_value12` varchar(255) DEFAULT NULL COMMENT '商品属性值12',
  `attribute_value13` varchar(255) DEFAULT NULL COMMENT '商品属性值13',
  `attribute_value14` varchar(255) DEFAULT NULL COMMENT '商品属性值14',
  `attribute_value15` varchar(255) DEFAULT NULL COMMENT '商品属性值15',
  `attribute_value16` varchar(255) DEFAULT NULL COMMENT '商品属性值16',
  `attribute_value17` varchar(255) DEFAULT NULL COMMENT '商品属性值17',
  `attribute_value18` varchar(255) DEFAULT NULL COMMENT '商品属性值18',
  `attribute_value19` varchar(255) DEFAULT NULL COMMENT '商品属性19',
  `brand_id` bigint(20) DEFAULT NULL COMMENT '品牌',
  `goods_id` bigint(20) NOT NULL COMMENT '货品',
  `product_category_id` bigint(20) NOT NULL COMMENT '商品分类',
  `create_by` varchar(20) DEFAULT NULL COMMENT '创建人',
  `creation_date` datetime DEFAULT NULL COMMENT '创建日期',
  `last_updated_by` varchar(20) DEFAULT NULL COMMENT '最后修改人',
  `last_updated_date` datetime DEFAULT NULL COMMENT '最后修改日期',
  `delete_flag` bit(1) NOT NULL DEFAULT b'0' COMMENT '删除标记',
  PRIMARY KEY (`id`),
  UNIQUE KEY `sn` (`sn`),
  KEY `FK7C9E82B0D7629117` (`product_category_id`),
  KEY `FK7C9E82B0FB212D68` (`goods_id`),
  KEY `FK7C9E82B0FA9695CA` (`brand_id`),
  CONSTRAINT `FK7C9E82B0D7629117` FOREIGN KEY (`product_category_id`) REFERENCES `product_category` (`id`),
  CONSTRAINT `FK7C9E82B0FA9695CA` FOREIGN KEY (`brand_id`) REFERENCES `brand` (`id`),
  CONSTRAINT `FK7C9E82B0FB212D68` FOREIGN KEY (`goods_id`) REFERENCES `goods` (`id`)
) ENGINE=InnoDB AUTO_INCREMENT=49 DEFAULT CHARSET=utf8 COMMENT='商品';

-- 正在导出表  jfinalshop.product 的数据：~43 rows (大约)
/*!40000 ALTER TABLE `product` DISABLE KEYS */;
INSERT INTO `product` (`id`, `sn`, `name`, `full_name`, `price`, `cost`, `market_price`, `image`, `unit`, `weight`, `stock`, `allocated_stock`, `stock_memo`, `point`, `is_marketable`, `is_list`, `is_top`, `is_gift`, `introduction`, `memo`, `keyword`, `seo_title`, `seo_keywords`, `seo_description`, `score`, `total_score`, `score_count`, `hits`, `week_hits`, `month_hits`, `sales`, `week_sales`, `month_sales`, `week_hits_date`, `month_hits_date`, `week_sales_date`, `month_sales_date`, `attribute_value0`, `attribute_value1`, `attribute_value2`, `attribute_value3`, `attribute_value4`, `attribute_value5`, `attribute_value6`, `attribute_value7`, `attribute_value8`, `attribute_value9`, `attribute_value10`, `attribute_value11`, `attribute_value12`, `attribute_value13`, `attribute_value14`, `attribute_value15`, `attribute_value16`, `attribute_value17`, `attribute_value18`, `attribute_value19`, `brand_id`, `goods_id`, `product_category_id`, `create_by`, `creation_date`, `last_updated_by`, `last_updated_date`, `delete_flag`) VALUES
	(1, '20160919101', '李宁连衣裙', '李宁连衣裙', 199.000000, NULL, 399.000000, NULL, '件', 1, 9999, 12, NULL, 100, b'1', b'1', b'0', b'0', NULL, NULL, NULL, NULL, NULL, NULL, 0, 0, 0, 0, 0, 0, 1, 1, 1, '2016-09-19 16:49:52', '2016-09-19 16:49:52', '2016-09-29 14:46:22', '2016-09-29 14:46:22', NULL, NULL, NULL, NULL, NULL, NULL, NULL, NULL, NULL, NULL, NULL, NULL, NULL, NULL, NULL, NULL, NULL, NULL, NULL, NULL, 6, 1, 11, '管理员', '2016-09-19 16:49:52', NULL, '2016-09-28 14:31:10', b'0'),
	(2, '20160920202', '浪沙女装', '浪沙女装', 299.000000, NULL, 358.800000, NULL, NULL, NULL, NULL, 0, NULL, 299, b'1', b'1', b'0', b'0', NULL, NULL, NULL, NULL, NULL, NULL, 0, 0, 0, 0, 0, 0, 0, 0, 0, '2016-09-20 19:05:14', '2016-09-20 19:05:14', '2016-09-20 19:05:14', '2016-09-20 19:05:14', NULL, NULL, NULL, NULL, NULL, NULL, NULL, NULL, NULL, NULL, NULL, NULL, NULL, NULL, NULL, NULL, NULL, NULL, NULL, NULL, 1, 1, 1, '管理员', '2016-09-20 19:05:14', NULL, '2016-09-28 14:31:10', b'0'),
	(3, '20160920203', '电脑包', '电脑包', 99.000000, NULL, 118.800000, NULL, NULL, NULL, NULL, 0, NULL, 99, b'1', b'1', b'0', b'0', NULL, NULL, NULL, NULL, NULL, NULL, 0, 0, 0, 0, 0, 0, 0, 0, 0, '2016-09-20 19:06:06', '2016-09-20 19:06:06', '2016-09-20 19:06:06', '2016-09-20 19:06:06', NULL, NULL, NULL, NULL, NULL, NULL, NULL, NULL, NULL, NULL, NULL, NULL, NULL, NULL, NULL, NULL, NULL, NULL, NULL, NULL, NULL, 1, 63, '管理员', '2016-09-20 19:06:06', NULL, '2016-09-28 14:31:10', b'0'),
	(4, '20160920101', '内裤', '内裤', 59.000000, NULL, 70.800000, NULL, NULL, NULL, NULL, 0, NULL, 59, b'1', b'1', b'0', b'0', NULL, NULL, NULL, NULL, NULL, NULL, 0, 0, 0, 0, 0, 0, 0, 0, 0, '2016-09-20 19:08:15', '2016-09-20 19:08:15', '2016-09-20 19:08:15', '2016-09-20 19:08:15', NULL, NULL, NULL, NULL, NULL, NULL, NULL, NULL, NULL, NULL, NULL, NULL, NULL, NULL, NULL, NULL, NULL, NULL, NULL, NULL, NULL, 1, 32, '管理员', '2016-09-20 19:08:15', NULL, '2016-09-28 14:31:10', b'0'),
	(5, '20160920102', '高帮鞋', '高帮鞋', 235.000000, NULL, 282.000000, NULL, NULL, NULL, NULL, 0, NULL, 235, b'1', b'1', b'0', b'0', NULL, NULL, NULL, NULL, NULL, NULL, 0, 0, 0, 0, 0, 0, 0, 0, 0, '2016-09-20 19:09:07', '2016-09-20 19:09:07', '2016-09-20 19:09:07', '2016-09-20 19:09:07', NULL, NULL, NULL, NULL, NULL, NULL, NULL, NULL, NULL, NULL, NULL, NULL, NULL, NULL, NULL, NULL, NULL, NULL, NULL, NULL, NULL, 1, 51, '管理员', '2016-09-20 19:09:07', '管理员', '2016-10-14 15:25:06', b'0'),
	(6, '20160921101', 'POLO衣服', 'POLO衣服', 199.000000, NULL, 238.800000, NULL, NULL, NULL, NULL, 0, NULL, 199, b'1', b'1', b'0', b'0', NULL, NULL, NULL, NULL, NULL, NULL, 0, 0, 0, 0, 0, 0, 0, 0, 0, '2016-09-21 13:49:41', '2016-09-21 13:49:41', '2016-09-21 13:49:41', '2016-09-21 13:49:41', NULL, NULL, NULL, NULL, NULL, NULL, NULL, NULL, NULL, NULL, NULL, NULL, NULL, NULL, NULL, NULL, NULL, NULL, NULL, NULL, 5, 1, 22, '管理员', '2016-09-21 13:49:41', NULL, '2016-09-28 14:31:10', b'0'),
	(7, '20160921102', 'POLO衣服2', 'POLO衣服2', 199.000000, NULL, 238.800000, NULL, NULL, NULL, NULL, 0, NULL, 199, b'1', b'1', b'0', b'0', NULL, NULL, NULL, NULL, NULL, NULL, 0, 0, 0, 0, 0, 0, 1, 1, 1, '2016-09-21 13:49:58', '2016-09-21 13:49:58', '2016-09-29 14:46:21', '2016-09-29 14:46:21', NULL, NULL, NULL, NULL, NULL, NULL, NULL, NULL, NULL, NULL, NULL, NULL, NULL, NULL, NULL, NULL, NULL, NULL, NULL, NULL, NULL, 1, 22, '管理员', '2016-09-21 13:49:58', NULL, '2016-09-28 14:31:10', b'0'),
	(8, '20160921103', 'POLO衣服3', 'POLO衣服3', 199.000000, NULL, 238.800000, NULL, NULL, NULL, NULL, 0, NULL, 199, b'1', b'1', b'0', b'0', NULL, NULL, NULL, NULL, NULL, NULL, 0, 0, 0, 0, 0, 0, 0, 0, 0, '2016-09-21 13:52:33', '2016-09-21 13:52:33', '2016-09-21 13:52:33', '2016-09-21 13:52:33', NULL, NULL, NULL, NULL, NULL, NULL, NULL, NULL, NULL, NULL, NULL, NULL, NULL, NULL, NULL, NULL, NULL, NULL, NULL, NULL, 6, 1, 22, '管理员', '2016-09-21 13:52:33', NULL, '2016-09-28 14:31:10', b'0'),
	(9, '20160921104', 'POLO衣服5', 'POLO衣服5', 199.000000, NULL, 238.800000, NULL, NULL, NULL, NULL, 0, NULL, 199, b'1', b'1', b'0', b'0', NULL, NULL, NULL, NULL, NULL, NULL, 0, 0, 0, 0, 0, 0, 0, 0, 0, '2016-09-21 13:59:55', '2016-09-21 13:59:55', '2016-09-21 13:59:55', '2016-09-21 13:59:55', NULL, NULL, NULL, NULL, NULL, NULL, NULL, NULL, NULL, NULL, NULL, NULL, NULL, NULL, NULL, NULL, NULL, NULL, NULL, NULL, NULL, 1, 22, '管理员', '2016-09-21 13:59:55', NULL, '2016-09-28 14:31:10', b'0'),
	(10, '20160921202', 'POLO内裤', 'POLO内裤', 299.000000, NULL, 358.800000, NULL, NULL, NULL, NULL, 0, NULL, 299, b'1', b'1', b'0', b'0', NULL, NULL, NULL, NULL, NULL, NULL, 0, 0, 0, 0, 0, 0, 0, 0, 0, '2016-09-21 14:06:14', '2016-09-21 14:06:14', '2016-09-21 14:06:14', '2016-09-21 14:06:14', NULL, NULL, NULL, NULL, NULL, NULL, NULL, NULL, NULL, NULL, NULL, NULL, NULL, NULL, NULL, NULL, NULL, NULL, NULL, NULL, 3, 1, 32, '管理员', '2016-09-21 14:06:14', NULL, '2016-09-28 14:31:10', b'0'),
	(13, '20160926808', '121', '121', 12.000000, NULL, 14.400000, NULL, NULL, NULL, NULL, 0, NULL, 12, b'1', b'1', b'0', b'0', NULL, NULL, NULL, NULL, NULL, NULL, 0, 0, 0, 0, 0, 0, 0, 0, 0, '2016-09-26 13:57:27', '2016-09-26 13:57:27', '2016-09-26 13:57:27', '2016-09-26 13:57:27', NULL, NULL, NULL, NULL, NULL, NULL, NULL, NULL, NULL, NULL, NULL, NULL, NULL, NULL, NULL, NULL, NULL, NULL, NULL, NULL, NULL, 73, 41, '管理员', '2016-09-26 13:57:27', NULL, '2016-09-28 14:31:10', b'0'),
	(14, '20160926909', '12', '12', 12.000000, NULL, 14.400000, NULL, NULL, NULL, NULL, 0, NULL, 12, b'1', b'1', b'0', b'0', NULL, NULL, NULL, NULL, NULL, NULL, 0, 0, 0, 0, 0, 0, 0, 0, 0, '2016-09-26 14:02:24', '2016-09-26 14:02:24', '2016-09-26 14:02:24', '2016-09-26 14:02:24', NULL, NULL, NULL, NULL, NULL, NULL, NULL, NULL, NULL, NULL, NULL, NULL, NULL, NULL, NULL, NULL, NULL, NULL, NULL, NULL, NULL, 74, 41, '管理员', '2016-09-26 14:02:24', NULL, '2016-09-28 14:31:10', b'0'),
	(15, '201609261010', 'qqqqq', 'qqqqq[绿色 XS]', 1111.000000, NULL, 2.000000, '3', '4', 55, 6, 0, NULL, 7, b'1', b'1', b'0', b'0', '11111111111<br />', '12', '1', '11', '1', '1', 0, 0, 0, 0, 0, 0, 0, 0, 0, '2016-09-26 14:11:39', '2016-09-26 14:11:40', '2016-09-26 14:11:40', '2016-09-26 14:11:40', NULL, NULL, NULL, NULL, NULL, NULL, NULL, NULL, NULL, NULL, NULL, NULL, NULL, NULL, NULL, NULL, NULL, NULL, NULL, NULL, 14, 75, 1, '管理员', '2016-09-26 14:15:43', NULL, '2016-09-28 14:31:10', b'0'),
	(16, '201609261111', '111111', '111111[绿色 XXS]', 1111.000000, NULL, 111.000000, NULL, '1111', 111, 111, 0, '11', 11, b'1', b'1', b'1', b'1', '2222222222', '11', '111', '11', '11', '11', 0, 0, 0, 0, 0, 0, 0, 0, 0, '2016-09-26 14:19:30', '2016-09-26 14:19:30', '2016-09-26 14:19:30', '2016-09-26 14:19:30', NULL, NULL, NULL, NULL, NULL, NULL, NULL, NULL, NULL, NULL, NULL, NULL, NULL, NULL, NULL, NULL, NULL, NULL, NULL, NULL, 15, 76, 1, '管理员', '2016-09-26 14:19:30', NULL, '2016-09-28 14:31:10', b'0'),
	(17, '201609261212', '11', '11', 111.000000, NULL, 133.200000, NULL, NULL, NULL, NULL, 0, NULL, 111, b'1', b'1', b'0', b'0', NULL, NULL, NULL, NULL, NULL, NULL, 0, 0, 0, 0, 0, 0, 0, 0, 0, '2016-09-26 14:51:06', '2016-09-26 14:51:06', '2016-09-26 14:51:06', '2016-09-26 14:51:06', NULL, NULL, NULL, NULL, NULL, NULL, NULL, NULL, NULL, NULL, NULL, NULL, NULL, NULL, NULL, NULL, NULL, NULL, NULL, NULL, NULL, 77, 1, '管理员', '2016-09-26 14:51:06', NULL, '2016-09-28 14:31:10', b'0'),
	(18, '201609261313', '123', '123', 123.000000, NULL, 147.600000, NULL, NULL, NULL, NULL, 0, NULL, 123, b'1', b'1', b'0', b'0', NULL, NULL, NULL, NULL, NULL, NULL, 0, 0, 0, 0, 0, 0, 0, 0, 0, '2016-09-26 15:29:41', '2016-09-26 15:29:41', '2016-09-26 15:29:41', '2016-09-26 15:29:41', NULL, NULL, NULL, NULL, NULL, NULL, NULL, NULL, NULL, NULL, NULL, NULL, NULL, NULL, NULL, NULL, NULL, NULL, NULL, NULL, NULL, 78, 1, '管理员', '2016-09-26 15:29:41', NULL, '2016-09-28 14:31:10', b'0'),
	(19, '201609261414', '3333', '3333', 3333.000000, NULL, 3999.600000, NULL, NULL, NULL, NULL, 0, NULL, 3333, b'1', b'1', b'0', b'0', NULL, NULL, NULL, NULL, NULL, NULL, 0, 0, 0, 0, 0, 0, 0, 0, 0, '2016-09-26 15:58:02', '2016-09-26 15:58:02', '2016-09-26 15:58:02', '2016-09-26 15:58:02', NULL, NULL, NULL, NULL, NULL, NULL, NULL, NULL, NULL, NULL, NULL, NULL, NULL, NULL, NULL, NULL, NULL, NULL, NULL, NULL, NULL, 79, 1, '管理员', '2016-09-26 15:58:02', NULL, '2016-09-28 14:31:10', b'0'),
	(20, '201609261515', '4444', '4444', 444.000000, NULL, 532.800000, NULL, NULL, NULL, NULL, 0, NULL, 444, b'1', b'1', b'0', b'0', NULL, NULL, NULL, NULL, NULL, NULL, 0, 0, 0, 0, 0, 0, 0, 0, 0, '2016-09-26 16:07:01', '2016-09-26 16:07:01', '2016-09-26 16:07:01', '2016-09-26 16:07:01', NULL, NULL, NULL, NULL, NULL, NULL, NULL, NULL, NULL, NULL, NULL, NULL, NULL, NULL, NULL, NULL, NULL, NULL, NULL, NULL, NULL, 80, 1, '管理员', '2016-09-26 16:07:01', NULL, '2016-09-28 14:31:10', b'0'),
	(21, '201609261516', '555555', '555555', 555.000000, NULL, 666.000000, NULL, NULL, NULL, NULL, 0, NULL, 555, b'1', b'1', b'0', b'0', NULL, NULL, NULL, NULL, NULL, NULL, 0, 0, 0, 0, 0, 0, 0, 0, 0, '2016-09-26 16:09:38', '2016-09-26 16:09:38', '2016-09-26 16:09:39', '2016-09-26 16:09:40', NULL, NULL, NULL, NULL, NULL, NULL, NULL, NULL, NULL, NULL, NULL, NULL, NULL, NULL, NULL, NULL, NULL, NULL, NULL, NULL, NULL, 81, 1, '管理员', '2016-09-26 16:09:57', NULL, '2016-09-28 14:31:10', b'0'),
	(22, '201609261517', '1000', '1000', 10000.000000, NULL, 12000.000000, NULL, NULL, NULL, NULL, 0, NULL, 10000, b'1', b'1', b'0', b'0', NULL, NULL, NULL, NULL, NULL, NULL, 0, 0, 0, 0, 0, 0, 0, 0, 0, '2016-09-26 16:13:24', '2016-09-26 16:13:24', '2016-09-26 16:13:24', '2016-09-26 16:13:24', NULL, NULL, NULL, NULL, NULL, NULL, NULL, NULL, NULL, NULL, NULL, NULL, NULL, NULL, NULL, NULL, NULL, NULL, NULL, NULL, NULL, 82, 1, '管理员', '2016-09-26 16:13:25', NULL, '2016-09-28 14:31:10', b'0'),
	(23, '201609261616', '1001', '1001', 1.000000, NULL, 1.200000, NULL, NULL, NULL, NULL, 0, NULL, 1, b'1', b'1', b'0', b'0', NULL, NULL, NULL, NULL, NULL, NULL, 0, 0, 0, 0, 0, 0, 0, 0, 0, '2016-09-26 16:17:45', '2016-09-26 16:17:45', '2016-09-26 16:17:45', '2016-09-26 16:17:45', NULL, NULL, NULL, NULL, NULL, NULL, NULL, NULL, NULL, NULL, NULL, NULL, NULL, NULL, NULL, NULL, NULL, NULL, NULL, NULL, NULL, 83, 1, '管理员', '2016-09-26 16:17:45', NULL, '2016-09-28 14:31:10', b'0'),
	(24, '201609261717', '1002', '1002', 12.000000, NULL, 14.400000, NULL, NULL, NULL, NULL, 0, NULL, 12, b'1', b'1', b'0', b'0', NULL, NULL, NULL, NULL, NULL, NULL, 0, 0, 0, 0, 0, 0, 0, 0, 0, '2016-09-26 16:57:43', '2016-09-26 16:57:43', '2016-09-26 16:57:43', '2016-09-26 16:57:43', NULL, NULL, NULL, NULL, NULL, NULL, NULL, NULL, NULL, NULL, NULL, NULL, NULL, NULL, NULL, NULL, NULL, NULL, NULL, NULL, NULL, 84, 1, '管理员', '2016-09-26 16:57:43', NULL, '2016-09-28 14:31:10', b'0'),
	(25, '201609261818', '4544', '4544', 44.000000, NULL, 52.800000, NULL, NULL, NULL, NULL, 0, NULL, 44, b'1', b'1', b'0', b'0', NULL, NULL, NULL, NULL, NULL, NULL, 0, 0, 0, 0, 0, 0, 0, 0, 0, '2016-09-26 19:11:10', '2016-09-26 19:11:10', '2016-09-26 19:11:10', '2016-09-26 19:11:10', NULL, NULL, NULL, NULL, NULL, NULL, NULL, NULL, NULL, NULL, NULL, NULL, NULL, NULL, NULL, NULL, NULL, NULL, NULL, NULL, NULL, 85, 1, '管理员', '2016-09-26 19:11:10', NULL, '2016-09-28 14:31:10', b'0'),
	(26, '201609261919', '7878', '7878', 7878.000000, NULL, 9453.600000, NULL, NULL, NULL, NULL, 0, NULL, 7878, b'1', b'1', b'0', b'0', NULL, NULL, NULL, NULL, NULL, NULL, 0, 0, 0, 0, 0, 0, 0, 0, 0, '2016-09-26 19:22:53', '2016-09-26 19:22:53', '2016-09-26 19:22:53', '2016-09-26 19:22:53', NULL, NULL, NULL, NULL, NULL, NULL, NULL, NULL, NULL, NULL, NULL, NULL, NULL, NULL, NULL, NULL, NULL, NULL, NULL, NULL, NULL, 86, 1, '管理员', '2016-09-26 19:22:53', NULL, '2016-09-28 14:31:10', b'0'),
	(27, '201609262020', '9898', '9898', 98.000000, NULL, 117.600000, NULL, NULL, NULL, NULL, 0, NULL, 98, b'1', b'1', b'0', b'0', NULL, NULL, NULL, NULL, NULL, NULL, 0, 0, 0, 0, 0, 0, 0, 0, 0, '2016-09-26 19:49:29', '2016-09-26 19:49:29', '2016-09-26 19:49:29', '2016-09-26 19:49:29', NULL, NULL, NULL, NULL, NULL, NULL, NULL, NULL, NULL, NULL, NULL, NULL, NULL, NULL, NULL, NULL, NULL, NULL, NULL, NULL, NULL, 87, 1, '管理员', '2016-09-26 19:49:30', NULL, '2016-09-28 14:31:10', b'0'),
	(28, '201609262121', '8787', '8787', 87.000000, NULL, 104.400000, NULL, NULL, NULL, NULL, 0, NULL, 87, b'1', b'1', b'0', b'0', NULL, NULL, NULL, NULL, NULL, NULL, 0, 0, 0, 0, 0, 0, 0, 0, 0, '2016-09-26 19:52:09', '2016-09-26 19:52:09', '2016-09-26 19:52:10', '2016-09-26 19:52:10', NULL, NULL, NULL, NULL, NULL, NULL, NULL, NULL, NULL, NULL, NULL, NULL, NULL, NULL, NULL, NULL, NULL, NULL, NULL, NULL, NULL, 88, 1, '管理员', '2016-09-26 19:53:36', NULL, '2016-09-28 14:31:10', b'0'),
	(29, '201609262222', '4545', '4545', 45.000000, NULL, 54.000000, 'http://localhost/upload/image/201609/04f7d432-b72e-4349-84fa-d0c8c0f0cdfb-thumbnail.jpg', NULL, NULL, NULL, 0, NULL, 45, b'1', b'1', b'0', b'0', NULL, NULL, NULL, NULL, NULL, NULL, 0, 0, 0, 0, 0, 0, 0, 0, 0, '2016-09-26 20:16:45', '2016-09-26 20:16:45', '2016-09-26 20:16:45', '2016-09-26 20:16:45', NULL, NULL, NULL, NULL, NULL, NULL, NULL, NULL, NULL, NULL, NULL, NULL, NULL, NULL, NULL, NULL, NULL, NULL, NULL, NULL, NULL, 89, 1, '管理员', '2016-09-26 20:18:42', NULL, '2016-09-28 14:31:10', b'0'),
	(30, '201609262323', '4646', '4646', 46.000000, NULL, 55.200000, 'http://localhost/upload/image/201609/3df82259-d81f-4d04-adb3-750b81e1de43-thumbnail.jpg', NULL, NULL, NULL, 0, NULL, 46, b'1', b'1', b'0', b'0', NULL, NULL, NULL, NULL, NULL, NULL, 0, 0, 0, 0, 0, 0, 0, 0, 0, '2016-09-26 20:30:09', '2016-09-26 20:30:09', '2016-09-26 20:30:09', '2016-09-26 20:30:09', NULL, NULL, NULL, NULL, NULL, NULL, NULL, NULL, NULL, NULL, NULL, NULL, NULL, NULL, NULL, NULL, NULL, NULL, NULL, NULL, NULL, 90, 1, '管理员', '2016-09-26 20:32:10', NULL, '2016-09-28 14:31:10', b'0'),
	(31, '201609272424', '1212', '1212', 1212.000000, NULL, 1454.400000, 'http://localhost/upload/image/201609/889d65b5-6725-4680-be47-5d4f0233182c-thumbnail.jpg', NULL, NULL, NULL, 0, NULL, 1212, b'1', b'1', b'0', b'0', NULL, NULL, NULL, NULL, NULL, NULL, 0, 0, 0, 0, 0, 0, 0, 0, 0, '2016-09-27 09:18:18', '2016-09-27 09:18:18', '2016-09-27 09:18:18', '2016-09-27 09:18:18', NULL, NULL, NULL, NULL, NULL, NULL, NULL, NULL, NULL, NULL, NULL, NULL, NULL, NULL, NULL, NULL, NULL, NULL, NULL, NULL, NULL, 91, 1, '管理员', '2016-09-27 09:18:19', NULL, '2016-09-28 14:31:10', b'0'),
	(32, '201609272525', '2323', '2323', 23.000000, NULL, 27.600000, 'http://localhost/upload/image/201609/24571d3a-9082-48bc-8066-f1e5f8ac0a43-thumbnail.jpg', NULL, NULL, NULL, 0, NULL, 23, b'1', b'1', b'0', b'0', NULL, NULL, NULL, NULL, NULL, NULL, 0, 0, 0, 0, 0, 0, 0, 0, 0, '2016-09-27 09:19:52', '2016-09-27 09:19:52', '2016-09-27 09:19:52', '2016-09-27 09:19:52', NULL, NULL, NULL, NULL, NULL, NULL, NULL, NULL, NULL, NULL, NULL, NULL, NULL, NULL, NULL, NULL, NULL, NULL, NULL, NULL, NULL, 92, 1, '管理员', '2016-09-27 09:23:56', NULL, '2016-09-28 14:31:10', b'0'),
	(33, '201609272626', '7788', '7788', 78.000000, NULL, 93.600000, 'http://localhost:8080/upload/image/201609/1320d8c9-20a6-4036-8123-b18a53988675-thumbnail.jpg', NULL, NULL, NULL, 0, NULL, 78, b'1', b'1', b'0', b'0', NULL, NULL, NULL, NULL, NULL, NULL, 0, 0, 0, 0, 0, 0, 0, 0, 0, '2016-09-27 09:54:36', '2016-09-27 09:54:36', '2016-09-27 09:54:36', '2016-09-27 09:54:36', NULL, NULL, NULL, NULL, NULL, NULL, NULL, NULL, NULL, NULL, NULL, NULL, NULL, NULL, NULL, NULL, NULL, NULL, NULL, NULL, NULL, 93, 1, '管理员', '2016-09-27 09:58:06', NULL, '2016-09-28 14:31:10', b'0'),
	(34, '201609272627', '8899', '8899', 89.000000, NULL, 106.800000, 'http://localhost:8080/upload/image/201609/13ddb6d5-d47a-4725-a37f-5a632c075851-thumbnail.jpg', NULL, NULL, NULL, 0, NULL, 89, b'1', b'1', b'0', b'0', NULL, NULL, NULL, NULL, NULL, NULL, 0, 0, 0, 0, 0, 0, 0, 0, 0, '2016-09-27 10:04:06', '2016-09-27 10:04:06', '2016-09-27 10:04:06', '2016-09-27 10:04:06', NULL, NULL, NULL, NULL, NULL, NULL, NULL, NULL, NULL, NULL, NULL, NULL, NULL, NULL, NULL, NULL, NULL, NULL, NULL, NULL, NULL, 94, 1, '管理员', '2016-09-27 10:06:03', NULL, '2016-09-28 14:31:10', b'0'),
	(35, '201609272727', '7766', '7766', 76.000000, NULL, 91.200000, 'http://localhost:8080/upload/image/201609/23248450-eb55-458f-9e55-035406b87648-thumbnail.jpg', NULL, NULL, NULL, 0, NULL, 76, b'1', b'1', b'0', b'0', NULL, NULL, NULL, NULL, NULL, NULL, 0, 0, 0, 0, 0, 0, 0, 0, 0, '2016-09-27 10:21:55', '2016-09-27 10:21:55', '2016-09-27 10:21:55', '2016-09-27 10:21:55', NULL, NULL, NULL, NULL, NULL, NULL, NULL, NULL, NULL, NULL, NULL, NULL, NULL, NULL, NULL, NULL, NULL, NULL, NULL, NULL, NULL, 95, 1, '管理员', '2016-09-27 10:21:56', NULL, '2016-09-28 14:31:10', b'0'),
	(36, '201609272828', '66663', '66663', 664.000000, 12.000000, 79.200000, 'http://localhost:8080/upload/image/201609/6a33c70a-b411-4e9d-b357-ec5ba6b3f338-thumbnail.jpg', '12', 12, 12, 0, '12', 66, b'1', b'1', b'0', b'0', NULL, '12', '12', '12', '12', '12', 0, 0, 0, 0, 0, 0, 0, 0, 0, '2016-09-27 10:26:51', '2016-09-27 10:26:51', '2016-09-27 10:26:51', '2016-09-27 10:26:51', NULL, NULL, NULL, NULL, NULL, NULL, NULL, NULL, NULL, NULL, NULL, NULL, NULL, NULL, NULL, NULL, NULL, NULL, NULL, NULL, 14, 97, 1, '管理员', '2016-09-27 10:26:52', '管理员', '2016-09-28 14:31:10', b'0'),
	(38, '201609273030', '34', '34', 34.000000, NULL, 40.800000, 'http://localhost:8080/upload/image/201609/943a30d8-947f-4a30-b048-9208d4a3355c-thumbnail.jpg', NULL, 1, 1, 0, '1', 34, b'1', b'1', b'0', b'0', NULL, NULL, NULL, NULL, NULL, NULL, 0, 0, 0, 0, 0, 0, 0, 0, 0, '2016-09-27 14:06:13', '2016-09-27 14:06:13', '2016-09-27 14:06:13', '2016-09-27 14:06:13', NULL, NULL, NULL, NULL, NULL, NULL, NULL, NULL, NULL, NULL, NULL, NULL, NULL, NULL, NULL, NULL, NULL, NULL, NULL, NULL, NULL, 99, 1, '管理员', '2016-09-27 14:06:14', '管理员', '2016-09-28 14:31:10', b'0'),
	(39, '201609273131', 'er', 'er', 12.000000, NULL, 14.400000, NULL, NULL, NULL, NULL, 0, NULL, 12, b'1', b'1', b'0', b'0', NULL, '1', '1', '1', '1', '1', 0, 0, 0, 0, 0, 0, 0, 0, 0, '2016-09-27 18:46:26', '2016-09-27 18:46:26', '2016-09-27 18:46:26', '2016-09-27 18:46:26', NULL, NULL, NULL, NULL, NULL, NULL, NULL, NULL, NULL, NULL, NULL, NULL, NULL, NULL, NULL, NULL, NULL, NULL, NULL, NULL, 3, 100, 1, '管理员', '2016-09-27 18:46:27', NULL, '2016-09-28 14:31:10', b'0'),
	(40, '201609273132', '21', '21', 12.000000, NULL, 14.400000, NULL, NULL, NULL, NULL, 0, NULL, 12, b'1', b'1', b'0', b'0', NULL, NULL, NULL, NULL, NULL, NULL, 0, 0, 0, 0, 0, 0, 0, 0, 0, '2016-09-27 18:47:53', '2016-09-27 18:47:53', '2016-09-27 18:47:53', '2016-09-27 18:47:53', NULL, NULL, NULL, NULL, NULL, NULL, NULL, NULL, NULL, NULL, NULL, NULL, NULL, NULL, NULL, NULL, NULL, NULL, NULL, NULL, NULL, 101, 1, '管理员', '2016-09-27 18:47:53', NULL, '2016-09-28 14:31:10', b'0'),
	(41, '201609273232', 'werqw8899', 'werqw8899', 12.000000, 90.000000, 14.400000, NULL, NULL, NULL, NULL, 0, NULL, 12, b'1', b'1', b'0', b'0', NULL, NULL, NULL, NULL, NULL, NULL, 0, 0, 0, 0, 0, 0, 0, 0, 0, '2016-09-27 18:53:53', '2016-09-27 18:53:53', '2016-09-27 18:53:53', '2016-09-27 18:53:53', NULL, NULL, NULL, NULL, NULL, NULL, NULL, NULL, NULL, NULL, NULL, NULL, NULL, NULL, NULL, NULL, NULL, NULL, NULL, NULL, 2, 102, 1, '管理员', '2016-09-27 18:53:53', '管理员', '2016-09-28 14:31:10', b'0'),
	(44, '201609283535', '12', '12', 12.000000, NULL, 14.400000, NULL, NULL, NULL, NULL, 0, NULL, 12, b'1', b'1', b'0', b'0', NULL, NULL, NULL, NULL, NULL, NULL, 0, 0, 0, 0, 0, 0, 0, 0, 0, '2016-09-28 10:05:27', '2016-09-28 10:05:27', '2016-09-28 10:05:27', '2016-09-28 10:05:27', NULL, NULL, NULL, NULL, NULL, NULL, NULL, NULL, NULL, NULL, NULL, NULL, NULL, NULL, NULL, NULL, NULL, NULL, NULL, NULL, 3, 105, 1, '管理员', '2016-09-28 10:05:27', '管理员', '2016-09-28 14:31:10', b'0'),
	(45, '201609303636', '121', '121', 2121.000000, NULL, 2545.200000, 'http://localhost:8080/upload/image/201609/17ad66a7-93e9-4a19-ada3-f5ce489d0cf3.jpg', NULL, NULL, NULL, 0, NULL, 2121, b'1', b'1', b'0', b'0', NULL, NULL, NULL, NULL, NULL, NULL, 0, 0, 0, 0, 0, 0, 0, 0, 0, '2016-09-30 15:38:33', '2016-09-30 15:38:33', '2016-09-30 15:38:33', '2016-09-30 15:38:33', NULL, NULL, NULL, NULL, NULL, NULL, NULL, NULL, NULL, NULL, NULL, NULL, NULL, NULL, NULL, NULL, NULL, NULL, NULL, NULL, NULL, 106, 1, '管理员', '2016-09-30 15:38:34', '管理员', '2016-10-11 12:30:30', b'0'),
	(46, '201610113737', '单次清洁', '单次清洁', 1.500000, NULL, 1.500000, NULL, NULL, NULL, NULL, 0, NULL, 1, b'1', b'1', b'0', b'0', '<p>\r\n	<img alt="" src="http://localhost:8080/upload/image/201610/d47837b4-470e-4dbe-a74b-b9efe19a7274.jpg" />&nbsp; 此处不能上传本体图片\r\n</p>\r\n<img alt="" src="http://localhost:8080/upload/image/201610/b0f1d3b0-911a-4f26-b7bd-75bb3f28ada8.jpg" /><img alt="" src="http://img.taopic.com/uploads/allimg/140422/234995-1404220P60492.jpg" /><img alt="" src="http://img.taopic.com/uploads/allimg/140422/234995-1404220P60492.jpg" width="1000" height="666" /> \r\n<p>\r\n	&nbsp;\r\n</p>\r\n<p>\r\n	&nbsp;\r\n</p>', NULL, NULL, NULL, NULL, NULL, 0, 0, 0, 0, 0, 0, 0, 0, 0, '2016-10-11 13:46:09', '2016-10-11 13:46:09', '2016-10-11 13:46:09', '2016-10-11 13:46:09', NULL, NULL, NULL, NULL, NULL, NULL, NULL, NULL, NULL, NULL, NULL, NULL, NULL, NULL, NULL, NULL, NULL, NULL, NULL, NULL, NULL, 107, 1, '管理员', '2016-10-11 13:46:09', '管理员', '2016-10-12 22:02:48', b'0'),
	(47, '201610133738', '鼎湖山泉水', '鼎湖山泉水', 18.000000, NULL, 21.600000, NULL, NULL, NULL, NULL, 0, NULL, 18, b'1', b'1', b'0', b'0', '你喝过山泉水吗', NULL, NULL, NULL, NULL, NULL, 0, 0, 0, 0, 0, 0, 0, 0, 0, '2016-10-13 14:28:14', '2016-10-13 14:28:14', '2016-10-13 14:28:14', '2016-10-13 14:28:14', NULL, NULL, NULL, NULL, NULL, NULL, NULL, NULL, NULL, NULL, NULL, NULL, NULL, NULL, NULL, NULL, NULL, NULL, NULL, NULL, NULL, 108, 20, '管理员', '2016-10-13 14:28:14', '管理员', '2016-10-13 14:37:21', b'0'),
	(48, '201610133739', '测试商品一', '测试商品一', 20.000000, NULL, 22.000000, NULL, NULL, NULL, NULL, 0, NULL, 20, b'1', b'1', b'0', b'0', '<p>\r\n	测试啊\r\n</p>\r\n<p>\r\n	<img src="http://localhost:8080/upload/image/201610/eb9da268-fffa-4f5b-b28e-65f9a6268075.png" alt="" />\r\n</p>\r\n<p>\r\n	sss\r\n</p>', NULL, NULL, NULL, NULL, NULL, 0, 0, 0, 0, 0, 0, 0, 0, 0, '2016-10-13 23:38:35', '2016-10-13 23:38:35', '2016-10-13 23:38:35', '2016-10-13 23:38:35', NULL, NULL, NULL, NULL, NULL, NULL, NULL, NULL, NULL, NULL, NULL, NULL, NULL, NULL, NULL, NULL, NULL, NULL, NULL, NULL, NULL, 109, 1, '管理员', '2016-10-13 23:38:35', '管理员', '2016-10-13 23:39:25', b'0');
/*!40000 ALTER TABLE `product` ENABLE KEYS */;


-- 导出  表 jfinalshop.product_category 结构
CREATE TABLE IF NOT EXISTS `product_category` (
  `id` bigint(20) NOT NULL AUTO_INCREMENT COMMENT 'id',
  `name` varchar(255) NOT NULL COMMENT '名称',
  `seo_title` varchar(255) DEFAULT NULL COMMENT '页面标题',
  `seo_keywords` varchar(255) DEFAULT NULL COMMENT '页面关键词',
  `seo_description` varchar(255) DEFAULT NULL COMMENT '页面描述',
  `tree_path` varchar(255) NOT NULL DEFAULT '' COMMENT '树路径',
  `grade` int(11) NOT NULL COMMENT '层级',
  `parent_id` bigint(20) DEFAULT NULL COMMENT '上级分类',
  `orders` int(11) DEFAULT NULL COMMENT '订单',
  `create_by` varchar(20) DEFAULT NULL COMMENT '创建人',
  `creation_date` datetime DEFAULT NULL COMMENT '创建日期',
  `last_updated_by` varchar(20) DEFAULT NULL COMMENT '最后修改人',
  `last_updated_date` datetime DEFAULT NULL COMMENT '最后修改日期',
  `delete_flag` bit(1) NOT NULL DEFAULT b'0' COMMENT '删除标记',
  PRIMARY KEY (`id`),
  KEY `FK1B7971ADFBDD5B73` (`parent_id`),
  CONSTRAINT `FK1B7971ADFBDD5B73` FOREIGN KEY (`parent_id`) REFERENCES `product_category` (`id`)
) ENGINE=InnoDB AUTO_INCREMENT=82 DEFAULT CHARSET=utf8 COMMENT='商品分类';

-- 正在导出表  jfinalshop.product_category 的数据：~74 rows (大约)
/*!40000 ALTER TABLE `product_category` DISABLE KEYS */;
INSERT INTO `product_category` (`id`, `name`, `seo_title`, `seo_keywords`, `seo_description`, `tree_path`, `grade`, `parent_id`, `orders`, `create_by`, `creation_date`, `last_updated_by`, `last_updated_date`, `delete_flag`) VALUES
	(1, '日常清洁', NULL, NULL, NULL, ',', 0, NULL, 1, NULL, NULL, '管理员', '2016-10-11 13:57:02', b'0'),
	(2, '精品男装', NULL, NULL, NULL, ',', 0, NULL, 2, NULL, NULL, NULL, NULL, b'0'),
	(3, '精致内衣', NULL, NULL, NULL, ',', 0, NULL, 3, NULL, NULL, NULL, NULL, b'0'),
	(4, '服饰配件', NULL, NULL, NULL, ',', 0, NULL, 4, NULL, NULL, NULL, NULL, b'0'),
	(5, '时尚女鞋', NULL, NULL, NULL, ',', 0, NULL, 5, NULL, NULL, NULL, NULL, b'0'),
	(6, '流行男鞋', NULL, NULL, NULL, ',', 0, NULL, 6, NULL, NULL, NULL, NULL, b'0'),
	(7, '潮流女包', NULL, NULL, NULL, ',', 0, NULL, 7, NULL, NULL, NULL, NULL, b'0'),
	(8, '精品男包', NULL, NULL, NULL, ',', 0, NULL, 8, NULL, NULL, NULL, NULL, b'0'),
	(9, '童装童鞋', NULL, NULL, NULL, ',', 0, NULL, 9, NULL, NULL, NULL, NULL, b'0'),
	(10, '实物-生活日杂', NULL, NULL, NULL, ',', 0, NULL, 10, NULL, NULL, '管理员', '2016-10-13 14:26:32', b'0'),
	(11, '单次清洁', NULL, NULL, NULL, ',1,', 1, 1, 1, NULL, NULL, '管理员', '2016-10-11 13:57:11', b'0'),
	(12, '针织衫', NULL, NULL, NULL, ',1,', 1, 1, 2, NULL, NULL, NULL, NULL, b'0'),
	(13, '短外套', NULL, NULL, NULL, ',1,', 1, 1, 3, NULL, NULL, NULL, NULL, b'0'),
	(14, '小西装', NULL, NULL, NULL, ',1,', 1, 1, 4, NULL, NULL, NULL, NULL, b'0'),
	(15, '牛仔裤', NULL, NULL, NULL, ',1,', 1, 1, 5, NULL, NULL, NULL, NULL, b'0'),
	(16, 'T恤', NULL, NULL, NULL, ',1,', 1, 1, 6, NULL, NULL, NULL, NULL, b'0'),
	(17, '衬衫', NULL, NULL, NULL, ',1,', 1, 1, 7, NULL, NULL, NULL, NULL, b'0'),
	(18, '风衣', NULL, NULL, NULL, ',1,', 1, 1, 8, NULL, NULL, NULL, NULL, b'0'),
	(19, '卫衣', NULL, NULL, NULL, ',1,', 1, 1, 9, NULL, NULL, NULL, NULL, b'0'),
	(20, '桶装水 8升', NULL, NULL, NULL, ',1,', 1, 1, 10, NULL, NULL, '管理员', '2016-10-13 14:27:11', b'0'),
	(21, '周期清洁', NULL, NULL, NULL, ',2,', 1, 2, 1, NULL, NULL, '管理员', '2016-10-11 13:57:50', b'0'),
	(22, 'POLO衫', NULL, NULL, NULL, ',2,', 1, 2, 2, NULL, NULL, NULL, NULL, b'0'),
	(23, '休闲裤', NULL, NULL, NULL, ',2,', 1, 2, 3, NULL, NULL, NULL, NULL, b'0'),
	(24, '牛仔裤', NULL, NULL, NULL, ',2,', 1, 2, 4, NULL, NULL, NULL, NULL, b'0'),
	(25, 'T恤', NULL, NULL, NULL, ',2,', 1, 2, 5, NULL, NULL, NULL, NULL, b'0'),
	(26, '衬衫', NULL, NULL, NULL, ',2,', 1, 2, 6, NULL, NULL, NULL, NULL, b'0'),
	(27, '西服', NULL, NULL, NULL, ',2,', 1, 2, 7, NULL, NULL, NULL, NULL, b'0'),
	(28, '西裤', NULL, NULL, NULL, ',2,', 1, 2, 8, NULL, NULL, NULL, NULL, b'0'),
	(29, '风衣', NULL, NULL, NULL, ',2,', 1, 2, 9, NULL, NULL, NULL, NULL, b'0'),
	(30, '卫衣', NULL, NULL, NULL, ',2,', 1, 2, 10, NULL, NULL, NULL, NULL, b'0'),
	(31, '深度清洁', NULL, NULL, NULL, ',3,', 1, 3, 1, NULL, NULL, '管理员', '2016-10-11 13:58:10', b'0'),
	(32, '男式内裤', NULL, NULL, NULL, ',3,', 1, 3, 2, NULL, NULL, NULL, NULL, b'0'),
	(33, '保暖内衣', NULL, NULL, NULL, ',3,', 1, 3, 3, NULL, NULL, NULL, NULL, b'0'),
	(34, '塑身衣', NULL, NULL, NULL, ',3,', 1, 3, 4, NULL, NULL, NULL, NULL, b'0'),
	(35, '连裤袜', NULL, NULL, NULL, ',3,', 1, 3, 5, NULL, NULL, NULL, NULL, b'0'),
	(36, '打底袜', NULL, NULL, NULL, ',3,', 1, 3, 6, NULL, NULL, NULL, NULL, b'0'),
	(37, '文胸', NULL, NULL, NULL, ',3,', 1, 3, 7, NULL, NULL, NULL, NULL, b'0'),
	(38, '睡衣', NULL, NULL, NULL, ',3,', 1, 3, 8, NULL, NULL, NULL, NULL, b'0'),
	(39, '泳装', NULL, NULL, NULL, ',3,', 1, 3, 9, NULL, NULL, NULL, NULL, b'0'),
	(40, '浴袍', NULL, NULL, NULL, ',3,', 1, 3, 10, NULL, NULL, NULL, NULL, b'0'),
	(41, '女士腰带', NULL, NULL, NULL, ',4,', 1, 4, 1, NULL, NULL, NULL, NULL, b'0'),
	(42, '男士皮带', NULL, NULL, NULL, ',4,', 1, 4, 2, NULL, NULL, NULL, NULL, b'0'),
	(43, '女士围巾', NULL, NULL, NULL, ',4,', 1, 4, 3, NULL, NULL, NULL, NULL, b'0'),
	(44, '男士围巾', NULL, NULL, NULL, ',4,', 1, 4, 4, NULL, NULL, NULL, NULL, b'0'),
	(45, '帽子', NULL, NULL, NULL, ',4,', 1, 4, 5, NULL, NULL, NULL, NULL, b'0'),
	(46, '手套', NULL, NULL, NULL, ',4,', 1, 4, 6, NULL, NULL, NULL, NULL, b'0'),
	(47, '领带', NULL, NULL, NULL, ',4,', 1, 4, 7, NULL, NULL, NULL, NULL, b'0'),
	(48, '领结', NULL, NULL, NULL, ',4,', 1, 4, 8, NULL, NULL, NULL, NULL, b'0'),
	(49, '发饰', NULL, NULL, NULL, ',4,', 1, 4, 9, NULL, NULL, NULL, NULL, b'0'),
	(50, '袖扣', NULL, NULL, NULL, ',4,', 1, 4, 10, NULL, NULL, NULL, NULL, b'0'),
	(51, '高帮鞋', NULL, NULL, NULL, ',5,', 1, 5, 1, NULL, NULL, NULL, NULL, b'0'),
	(52, '雪地靴', NULL, NULL, NULL, ',5,', 1, 5, 2, NULL, NULL, NULL, NULL, b'0'),
	(53, '中筒靴', NULL, NULL, NULL, ',5,', 1, 5, 3, NULL, NULL, NULL, NULL, b'0'),
	(54, '单鞋', NULL, NULL, NULL, ',5,', 1, 5, 4, NULL, NULL, NULL, NULL, b'0'),
	(55, '凉鞋', NULL, NULL, NULL, ',5,', 1, 5, 5, NULL, NULL, NULL, NULL, b'0'),
	(56, '靴子', NULL, NULL, NULL, ',5,', 1, 5, 6, NULL, NULL, NULL, NULL, b'0'),
	(57, '短靴', NULL, NULL, NULL, ',5,', 1, 5, 7, NULL, NULL, NULL, NULL, b'0'),
	(58, '雨靴', NULL, NULL, NULL, ',5,', 1, 5, 8, NULL, NULL, NULL, NULL, b'0'),
	(60, '高帮鞋', NULL, NULL, NULL, ',6,', 1, 6, 2, NULL, NULL, NULL, NULL, b'0'),
	(61, '休闲鞋', NULL, NULL, NULL, ',6,', 1, 6, 3, NULL, NULL, NULL, NULL, b'0'),
	(62, '正装鞋', NULL, NULL, NULL, ',6,', 1, 6, 4, NULL, NULL, NULL, NULL, b'0'),
	(63, '单肩包', NULL, NULL, NULL, ',7,', 1, 7, 1, NULL, NULL, NULL, NULL, b'0'),
	(64, '双肩包', NULL, NULL, NULL, ',7,', 1, 7, 2, NULL, NULL, NULL, NULL, b'0'),
	(65, '手提包', NULL, NULL, NULL, ',7,', 1, 7, 3, NULL, NULL, NULL, NULL, b'0'),
	(66, '手拿包', NULL, NULL, NULL, ',7,', 1, 7, 4, NULL, NULL, NULL, NULL, b'0'),
	(68, '双肩包', NULL, NULL, NULL, ',8,', 1, 8, 2, NULL, NULL, NULL, NULL, b'0'),
	(69, '手提包', NULL, NULL, NULL, ',8,', 1, 8, 3, NULL, NULL, NULL, NULL, b'0'),
	(70, '手拿包', NULL, NULL, NULL, ',8,', 1, 8, 4, NULL, NULL, NULL, NULL, b'0'),
	(72, '牛仔裤', NULL, NULL, NULL, ',9,', 1, 9, 2, NULL, NULL, NULL, NULL, b'0'),
	(73, '套装', NULL, NULL, NULL, ',9,', 1, 9, 3, NULL, NULL, NULL, NULL, b'0'),
	(74, '裤子', NULL, NULL, NULL, ',9,', 1, 9, 4, NULL, NULL, NULL, NULL, b'0'),
	(76, '手链', NULL, NULL, NULL, ',10,', 1, 10, 2, NULL, NULL, NULL, NULL, b'0'),
	(77, '戒指', NULL, NULL, NULL, ',10,', 1, 10, 3, NULL, NULL, NULL, NULL, b'0'),
	(78, '耳饰', NULL, NULL, NULL, ',10,', 1, 10, 4, NULL, NULL, NULL, NULL, b'0');
/*!40000 ALTER TABLE `product_category` ENABLE KEYS */;


-- 导出  表 jfinalshop.product_category_brand 结构
CREATE TABLE IF NOT EXISTS `product_category_brand` (
  `product_categories` bigint(20) NOT NULL,
  `brands` bigint(20) NOT NULL,
  PRIMARY KEY (`product_categories`,`brands`),
  KEY `FKE42D6A75A2AB700F` (`brands`),
  KEY `FKE42D6A758C4C0635` (`product_categories`),
  CONSTRAINT `FKE42D6A758C4C0635` FOREIGN KEY (`product_categories`) REFERENCES `product_category` (`id`),
  CONSTRAINT `FKE42D6A75A2AB700F` FOREIGN KEY (`brands`) REFERENCES `brand` (`id`)
) ENGINE=InnoDB DEFAULT CHARSET=utf8;

-- 正在导出表  jfinalshop.product_category_brand 的数据：~0 rows (大约)
/*!40000 ALTER TABLE `product_category_brand` DISABLE KEYS */;
/*!40000 ALTER TABLE `product_category_brand` ENABLE KEYS */;


-- 导出  表 jfinalshop.product_image 结构
CREATE TABLE IF NOT EXISTS `product_image` (
  `title` varchar(255) DEFAULT NULL COMMENT '标题',
  `product_id` bigint(20) NOT NULL COMMENT '商品',
  `source` varchar(255) DEFAULT NULL COMMENT '原图片',
  `large` varchar(255) DEFAULT NULL COMMENT '大图片',
  `medium` varchar(255) DEFAULT NULL COMMENT '中图片',
  `thumbnail` varchar(255) DEFAULT NULL COMMENT '缩略图',
  `orders` int(11) DEFAULT NULL COMMENT '排序',
  KEY `FK66470ABC79F8D99A` (`product_id`),
  CONSTRAINT `FK66470ABC79F8D99A` FOREIGN KEY (`product_id`) REFERENCES `product` (`id`)
) ENGINE=InnoDB DEFAULT CHARSET=utf8 COMMENT='商品图片';

-- 正在导出表  jfinalshop.product_image 的数据：~9 rows (大约)
/*!40000 ALTER TABLE `product_image` DISABLE KEYS */;
INSERT INTO `product_image` (`title`, `product_id`, `source`, `large`, `medium`, `thumbnail`, `orders`) VALUES
	('788', 33, 'http://localhost:8080/upload/image/201609/1320d8c9-20a6-4036-8123-b18a53988675-source.jpg', 'http://localhost:8080/upload/image/201609/1320d8c9-20a6-4036-8123-b18a53988675-large.jpg', 'http://localhost:8080/upload/image/201609/1320d8c9-20a6-4036-8123-b18a53988675-medium.jpg', 'http://localhost:8080/upload/image/201609/1320d8c9-20a6-4036-8123-b18a53988675-thumbnail.jpg', 78),
	('8899', 34, 'http://localhost:8080/upload/image/201609/13ddb6d5-d47a-4725-a37f-5a632c075851-source.jpg', 'http://localhost:8080/upload/image/201609/13ddb6d5-d47a-4725-a37f-5a632c075851-large.jpg', 'http://localhost:8080/upload/image/201609/13ddb6d5-d47a-4725-a37f-5a632c075851-medium.jpg', 'http://localhost:8080/upload/image/201609/13ddb6d5-d47a-4725-a37f-5a632c075851-thumbnail.jpg', 89),
	('11', 35, 'http://localhost:8080/upload/image/201609/23248450-eb55-458f-9e55-035406b87648-source.jpg', 'http://localhost:8080/upload/image/201609/23248450-eb55-458f-9e55-035406b87648-large.jpg', 'http://localhost:8080/upload/image/201609/23248450-eb55-458f-9e55-035406b87648-medium.jpg', 'http://localhost:8080/upload/image/201609/23248450-eb55-458f-9e55-035406b87648-thumbnail.jpg', 1),
	('22', 35, 'http://localhost:8080/upload/image/201609/159b7286-4b36-4334-a4d8-c21a3742bced-source.jpg', 'http://localhost:8080/upload/image/201609/159b7286-4b36-4334-a4d8-c21a3742bced-large.jpg', 'http://localhost:8080/upload/image/201609/159b7286-4b36-4334-a4d8-c21a3742bced-medium.jpg', 'http://localhost:8080/upload/image/201609/159b7286-4b36-4334-a4d8-c21a3742bced-thumbnail.jpg', 2),
	('666', 36, 'http://localhost:8080/upload/image/201609/6a33c70a-b411-4e9d-b357-ec5ba6b3f338-source.jpg', 'http://localhost:8080/upload/image/201609/6a33c70a-b411-4e9d-b357-ec5ba6b3f338-large.jpg', 'http://localhost:8080/upload/image/201609/6a33c70a-b411-4e9d-b357-ec5ba6b3f338-medium.jpg', 'http://localhost:8080/upload/image/201609/6a33c70a-b411-4e9d-b357-ec5ba6b3f338-thumbnail.jpg', 6),
	('777', 36, 'http://localhost:8080/upload/image/201609/f70bd0cd-8a01-40a1-8ec3-78c0ba836f9f-source.jpg', 'http://localhost:8080/upload/image/201609/f70bd0cd-8a01-40a1-8ec3-78c0ba836f9f-large.jpg', 'http://localhost:8080/upload/image/201609/f70bd0cd-8a01-40a1-8ec3-78c0ba836f9f-medium.jpg', 'http://localhost:8080/upload/image/201609/f70bd0cd-8a01-40a1-8ec3-78c0ba836f9f-thumbnail.jpg', 7),
	('1', 38, 'http://localhost:8080/upload/image/201609/943a30d8-947f-4a30-b048-9208d4a3355c-source.jpg', 'http://localhost:8080/upload/image/201609/943a30d8-947f-4a30-b048-9208d4a3355c-large.jpg', 'http://localhost:8080/upload/image/201609/943a30d8-947f-4a30-b048-9208d4a3355c-medium.jpg', 'http://localhost:8080/upload/image/201609/943a30d8-947f-4a30-b048-9208d4a3355c-thumbnail.jpg', 1),
	('2', 38, 'http://localhost:8080/upload/image/201609/67423314-4149-461c-bcef-87fc979e9a8a-source.jpg', 'http://localhost:8080/upload/image/201609/67423314-4149-461c-bcef-87fc979e9a8a-large.jpg', 'http://localhost:8080/upload/image/201609/67423314-4149-461c-bcef-87fc979e9a8a-medium.jpg', 'http://localhost:8080/upload/image/201609/67423314-4149-461c-bcef-87fc979e9a8a-thumbnail.jpg', 2),
	('31', 38, 'http://localhost:8080/upload/image/201609/61069350-2e85-4700-b6ea-f336b9499ca3-source.jpg', 'http://localhost:8080/upload/image/201609/61069350-2e85-4700-b6ea-f336b9499ca3-large.jpg', 'http://localhost:8080/upload/image/201609/61069350-2e85-4700-b6ea-f336b9499ca3-medium.jpg', 'http://localhost:8080/upload/image/201609/61069350-2e85-4700-b6ea-f336b9499ca3-thumbnail.jpg', 3);
/*!40000 ALTER TABLE `product_image` ENABLE KEYS */;


-- 导出  表 jfinalshop.product_member_price 结构
CREATE TABLE IF NOT EXISTS `product_member_price` (
  `product` bigint(20) NOT NULL,
  `member_price` decimal(19,2) DEFAULT NULL,
  `member_price_key` bigint(20) NOT NULL,
  PRIMARY KEY (`product`,`member_price_key`),
  KEY `FKDCCD88935CCD83AE` (`member_price_key`),
  KEY `FKDCCD889379F8D99A` (`product`),
  CONSTRAINT `FKDCCD88935CCD83AE` FOREIGN KEY (`member_price_key`) REFERENCES `member_rank` (`id`),
  CONSTRAINT `FKDCCD889379F8D99A` FOREIGN KEY (`product`) REFERENCES `product` (`id`)
) ENGINE=InnoDB DEFAULT CHARSET=utf8;

-- 正在导出表  jfinalshop.product_member_price 的数据：~5 rows (大约)
/*!40000 ALTER TABLE `product_member_price` DISABLE KEYS */;
INSERT INTO `product_member_price` (`product`, `member_price`, `member_price_key`) VALUES
	(16, 1.00, 1),
	(16, 2.00, 2),
	(16, 3.00, 3),
	(16, 4.00, 4),
	(16, 5.00, 5);
/*!40000 ALTER TABLE `product_member_price` ENABLE KEYS */;


-- 导出  表 jfinalshop.product_notify 结构
CREATE TABLE IF NOT EXISTS `product_notify` (
  `id` bigint(20) NOT NULL AUTO_INCREMENT COMMENT 'id',
  `email` varchar(255) NOT NULL COMMENT 'E-mail',
  `has_sent` bit(1) NOT NULL COMMENT '是否已发送',
  `member_id` bigint(20) DEFAULT NULL COMMENT '会员',
  `product_id` bigint(20) NOT NULL COMMENT '商品',
  `create_by` varchar(20) DEFAULT NULL COMMENT '创建人',
  `creation_date` datetime DEFAULT NULL COMMENT '创建日期',
  `last_updated_by` varchar(20) DEFAULT NULL COMMENT '最后修改人',
  `last_updated_date` datetime DEFAULT NULL COMMENT '最后修改日期',
  `delete_flag` bit(1) NOT NULL DEFAULT b'0' COMMENT '删除标记',
  PRIMARY KEY (`id`),
  KEY `FKDCB1ABB87C62EDF8` (`member_id`),
  KEY `FKDCB1ABB879F8D99A` (`product_id`),
  CONSTRAINT `FKDCB1ABB879F8D99A` FOREIGN KEY (`product_id`) REFERENCES `product` (`id`),
  CONSTRAINT `FKDCB1ABB87C62EDF8` FOREIGN KEY (`member_id`) REFERENCES `member` (`id`)
) ENGINE=InnoDB DEFAULT CHARSET=utf8 COMMENT='到货通知';

-- 正在导出表  jfinalshop.product_notify 的数据：~0 rows (大约)
/*!40000 ALTER TABLE `product_notify` DISABLE KEYS */;
/*!40000 ALTER TABLE `product_notify` ENABLE KEYS */;


-- 导出  表 jfinalshop.product_parameter_value 结构
CREATE TABLE IF NOT EXISTS `product_parameter_value` (
  `product` bigint(20) NOT NULL,
  `parameter_value` varchar(255) DEFAULT NULL,
  `parameter_value_key` bigint(20) NOT NULL,
  PRIMARY KEY (`product`,`parameter_value_key`),
  KEY `FK1B76FDCCEDA221E0` (`parameter_value_key`),
  KEY `FK1B76FDCC79F8D99A` (`product`),
  CONSTRAINT `FK1B76FDCC79F8D99A` FOREIGN KEY (`product`) REFERENCES `product` (`id`),
  CONSTRAINT `FK1B76FDCCEDA221E0` FOREIGN KEY (`parameter_value_key`) REFERENCES `parameter` (`id`)
) ENGINE=InnoDB DEFAULT CHARSET=utf8;

-- 正在导出表  jfinalshop.product_parameter_value 的数据：~5 rows (大约)
/*!40000 ALTER TABLE `product_parameter_value` DISABLE KEYS */;
INSERT INTO `product_parameter_value` (`product`, `parameter_value`, `parameter_value_key`) VALUES
	(15, '11', 2),
	(15, '11', 3),
	(16, '12', 2),
	(16, '12', 3),
	(46, '12：:3', 10);
/*!40000 ALTER TABLE `product_parameter_value` ENABLE KEYS */;


-- 导出  表 jfinalshop.product_specification 结构
CREATE TABLE IF NOT EXISTS `product_specification` (
  `products` bigint(20) NOT NULL,
  `specifications` bigint(20) NOT NULL,
  PRIMARY KEY (`products`,`specifications`),
  KEY `FK622421B45096DE0F` (`products`),
  KEY `FK622421B4840DA38F` (`specifications`),
  CONSTRAINT `FK622421B45096DE0F` FOREIGN KEY (`products`) REFERENCES `product` (`id`),
  CONSTRAINT `FK622421B4840DA38F` FOREIGN KEY (`specifications`) REFERENCES `specification` (`id`)
) ENGINE=InnoDB DEFAULT CHARSET=utf8;

-- 正在导出表  jfinalshop.product_specification 的数据：~4 rows (大约)
/*!40000 ALTER TABLE `product_specification` DISABLE KEYS */;
INSERT INTO `product_specification` (`products`, `specifications`) VALUES
	(15, 2),
	(15, 3),
	(16, 2),
	(16, 4);
/*!40000 ALTER TABLE `product_specification` ENABLE KEYS */;


-- 导出  表 jfinalshop.product_specification_value 结构
CREATE TABLE IF NOT EXISTS `product_specification_value` (
  `products` bigint(20) NOT NULL,
  `specification_values` bigint(20) NOT NULL,
  PRIMARY KEY (`products`,`specification_values`),
  KEY `FKBF71FF265096DE0F` (`products`),
  KEY `FKBF71FF2677BD1CD0` (`specification_values`),
  CONSTRAINT `FKBF71FF265096DE0F` FOREIGN KEY (`products`) REFERENCES `product` (`id`),
  CONSTRAINT `FKBF71FF2677BD1CD0` FOREIGN KEY (`specification_values`) REFERENCES `specification_value` (`id`)
) ENGINE=InnoDB DEFAULT CHARSET=utf8;

-- 正在导出表  jfinalshop.product_specification_value 的数据：~4 rows (大约)
/*!40000 ALTER TABLE `product_specification_value` DISABLE KEYS */;
INSERT INTO `product_specification_value` (`products`, `specification_values`) VALUES
	(15, 38),
	(15, 43),
	(16, 38),
	(16, 51);
/*!40000 ALTER TABLE `product_specification_value` ENABLE KEYS */;


-- 导出  表 jfinalshop.product_tag 结构
CREATE TABLE IF NOT EXISTS `product_tag` (
  `products` bigint(20) NOT NULL,
  `tags` bigint(20) NOT NULL,
  PRIMARY KEY (`products`,`tags`),
  KEY `FK2F6A998B5096DE0F` (`products`),
  KEY `FK2F6A998BC842716F` (`tags`),
  CONSTRAINT `FK2F6A998B5096DE0F` FOREIGN KEY (`products`) REFERENCES `product` (`id`),
  CONSTRAINT `FK2F6A998BC842716F` FOREIGN KEY (`tags`) REFERENCES `tag` (`id`)
) ENGINE=InnoDB DEFAULT CHARSET=utf8;

-- 正在导出表  jfinalshop.product_tag 的数据：~11 rows (大约)
/*!40000 ALTER TABLE `product_tag` DISABLE KEYS */;
INSERT INTO `product_tag` (`products`, `tags`) VALUES
	(2, 2),
	(4, 1),
	(5, 2),
	(6, 1),
	(15, 1),
	(16, 1),
	(16, 2),
	(36, 1),
	(39, 1),
	(41, 1),
	(44, 1);
/*!40000 ALTER TABLE `product_tag` ENABLE KEYS */;


-- 导出  表 jfinalshop.promotion 结构
CREATE TABLE IF NOT EXISTS `promotion` (
  `id` bigint(20) NOT NULL AUTO_INCREMENT,
  `name` varchar(255) NOT NULL COMMENT '名称',
  `title` varchar(255) NOT NULL COMMENT '标题',
  `begin_date` datetime DEFAULT NULL COMMENT '起始日期',
  `end_date` datetime DEFAULT NULL COMMENT '结束日期',
  `minimum_quantity` int(11) DEFAULT NULL COMMENT '最小商品数量',
  `maximum_quantity` int(11) DEFAULT NULL COMMENT '最大商品数量',
  `minimum_price` decimal(21,6) DEFAULT NULL COMMENT '最小商品价格',
  `maximum_price` decimal(21,6) DEFAULT NULL COMMENT '最大商品价格',
  `price_expression` varchar(255) DEFAULT NULL COMMENT '价格运算表达式',
  `point_expression` varchar(255) DEFAULT NULL COMMENT '积分运算表达式',
  `is_free_shipping` bit(1) NOT NULL COMMENT '是否免运费',
  `is_coupon_allowed` bit(1) NOT NULL COMMENT '是否允许使用优惠券',
  `introduction` longtext COMMENT '介绍',
  `orders` int(11) DEFAULT NULL COMMENT '排序',
  `create_by` varchar(20) DEFAULT NULL COMMENT '创建人',
  `creation_date` datetime DEFAULT NULL COMMENT '创建日期',
  `last_updated_by` varchar(20) DEFAULT NULL COMMENT '最后修改人',
  `last_updated_date` datetime DEFAULT NULL COMMENT '最后修改日期',
  `delete_flag` bit(1) NOT NULL DEFAULT b'0' COMMENT '删除标记',
  PRIMARY KEY (`id`)
) ENGINE=InnoDB AUTO_INCREMENT=6 DEFAULT CHARSET=utf8 COMMENT='促销';

-- 正在导出表  jfinalshop.promotion 的数据：~5 rows (大约)
/*!40000 ALTER TABLE `promotion` DISABLE KEYS */;
INSERT INTO `promotion` (`id`, `name`, `title`, `begin_date`, `end_date`, `minimum_quantity`, `maximum_quantity`, `minimum_price`, `maximum_price`, `price_expression`, `point_expression`, `is_free_shipping`, `is_coupon_allowed`, `introduction`, `orders`, `create_by`, `creation_date`, `last_updated_by`, `last_updated_date`, `delete_flag`) VALUES
	(1, '限时抢购', '限时抢购', '2013-07-14 00:03:06', '2015-01-01 00:00:00', NULL, NULL, NULL, NULL, 'price * 0.9', NULL, b'0', b'0', '<p>\r\n	活动内容：订单商品金额满300元立减10元\r\n</p>\r\n<p>\r\n	参与商品分类：连衣裙、针织衫\r\n</p>\r\n<p>\r\n	说明：参与该活动商品不允许使用优惠券\r\n</p>', 1, NULL, NULL, NULL, '2016-09-06 09:38:13', b'0'),
	(2, '双倍积分', '双倍积分', NULL, NULL, NULL, NULL, NULL, NULL, NULL, 'point * 2', b'0', b'1', '<p>\r\n	<span style="white-space:normal;">活动内容：</span>订单商品价格满200元赠送双倍<span style="white-space:normal;">积分</span> \r\n</p>\r\n<p>\r\n	<span style="white-space:normal;">参与商品分类：服饰配件、小西装</span> \r\n</p>', 2, NULL, NULL, NULL, '2016-09-06 09:38:13', b'0'),
	(3, '满减促销', 'iPhone促销专场', '2016-09-01 15:05:47', '2016-09-30 15:05:50', 5000, NULL, NULL, NULL, 'price - 100', NULL, b'0', b'1', NULL, 3, '管理员', '2016-09-28 15:07:05', NULL, NULL, b'0'),
	(4, '折扣促销', '联想笔记本促销专场', '2016-09-01 15:07:32', '2016-09-30 15:07:34', NULL, NULL, NULL, NULL, 'price * 0.95', NULL, b'0', b'1', NULL, 4, '管理员', '2016-09-28 15:08:00', NULL, NULL, b'0'),
	(5, '返券促销', '平板电视促销专场', '2016-09-01 15:08:27', '2016-09-30 15:08:29', 5000, NULL, NULL, NULL, NULL, NULL, b'0', b'1', NULL, 5, '管理员', '2016-09-28 15:08:47', '管理员', '2016-09-28 15:09:08', b'0');
/*!40000 ALTER TABLE `promotion` ENABLE KEYS */;


-- 导出  表 jfinalshop.promotion_brand 结构
CREATE TABLE IF NOT EXISTS `promotion_brand` (
  `promotions` bigint(20) NOT NULL,
  `brands` bigint(20) NOT NULL,
  PRIMARY KEY (`promotions`,`brands`),
  KEY `FKBD21C9ACA2AB700F` (`brands`),
  KEY `FKBD21C9AC682BD58F` (`promotions`),
  CONSTRAINT `FKBD21C9AC682BD58F` FOREIGN KEY (`promotions`) REFERENCES `promotion` (`id`),
  CONSTRAINT `FKBD21C9ACA2AB700F` FOREIGN KEY (`brands`) REFERENCES `brand` (`id`)
) ENGINE=InnoDB DEFAULT CHARSET=utf8;

-- 正在导出表  jfinalshop.promotion_brand 的数据：~0 rows (大约)
/*!40000 ALTER TABLE `promotion_brand` DISABLE KEYS */;
/*!40000 ALTER TABLE `promotion_brand` ENABLE KEYS */;


-- 导出  表 jfinalshop.promotion_coupon 结构
CREATE TABLE IF NOT EXISTS `promotion_coupon` (
  `promotions` bigint(20) NOT NULL,
  `coupons` bigint(20) NOT NULL,
  PRIMARY KEY (`promotions`,`coupons`),
  KEY `FKE8AB1EA1E538DDF7` (`coupons`),
  KEY `FKE8AB1EA1682BD58F` (`promotions`),
  CONSTRAINT `FKE8AB1EA1682BD58F` FOREIGN KEY (`promotions`) REFERENCES `promotion` (`id`),
  CONSTRAINT `FKE8AB1EA1E538DDF7` FOREIGN KEY (`coupons`) REFERENCES `coupon` (`id`)
) ENGINE=InnoDB DEFAULT CHARSET=utf8;

-- 正在导出表  jfinalshop.promotion_coupon 的数据：~0 rows (大约)
/*!40000 ALTER TABLE `promotion_coupon` DISABLE KEYS */;
/*!40000 ALTER TABLE `promotion_coupon` ENABLE KEYS */;


-- 导出  表 jfinalshop.promotion_member_rank 结构
CREATE TABLE IF NOT EXISTS `promotion_member_rank` (
  `promotions` bigint(20) NOT NULL,
  `member_ranks` bigint(20) NOT NULL,
  PRIMARY KEY (`promotions`,`member_ranks`),
  KEY `FKFF359916E24D908C` (`member_ranks`),
  KEY `FKFF359916682BD58F` (`promotions`),
  CONSTRAINT `FKFF359916682BD58F` FOREIGN KEY (`promotions`) REFERENCES `promotion` (`id`),
  CONSTRAINT `FKFF359916E24D908C` FOREIGN KEY (`member_ranks`) REFERENCES `member_rank` (`id`)
) ENGINE=InnoDB DEFAULT CHARSET=utf8;

-- 正在导出表  jfinalshop.promotion_member_rank 的数据：~23 rows (大约)
/*!40000 ALTER TABLE `promotion_member_rank` DISABLE KEYS */;
INSERT INTO `promotion_member_rank` (`promotions`, `member_ranks`) VALUES
	(1, 1),
	(2, 1),
	(3, 1),
	(4, 1),
	(5, 1),
	(1, 2),
	(2, 2),
	(3, 2),
	(4, 2),
	(5, 2),
	(1, 3),
	(2, 3),
	(3, 3),
	(4, 3),
	(5, 3),
	(1, 4),
	(2, 4),
	(3, 4),
	(4, 4),
	(5, 4),
	(3, 5),
	(4, 5),
	(5, 5);
/*!40000 ALTER TABLE `promotion_member_rank` ENABLE KEYS */;


-- 导出  表 jfinalshop.promotion_product 结构
CREATE TABLE IF NOT EXISTS `promotion_product` (
  `promotions` bigint(20) NOT NULL,
  `products` bigint(20) NOT NULL,
  PRIMARY KEY (`promotions`,`products`),
  KEY `FKE12E55D45096DE0F` (`products`),
  KEY `FKE12E55D4682BD58F` (`promotions`),
  CONSTRAINT `FKE12E55D45096DE0F` FOREIGN KEY (`products`) REFERENCES `product` (`id`),
  CONSTRAINT `FKE12E55D4682BD58F` FOREIGN KEY (`promotions`) REFERENCES `promotion` (`id`)
) ENGINE=InnoDB DEFAULT CHARSET=utf8;

-- 正在导出表  jfinalshop.promotion_product 的数据：~0 rows (大约)
/*!40000 ALTER TABLE `promotion_product` DISABLE KEYS */;
/*!40000 ALTER TABLE `promotion_product` ENABLE KEYS */;


-- 导出  表 jfinalshop.promotion_product_category 结构
CREATE TABLE IF NOT EXISTS `promotion_product_category` (
  `promotions` bigint(20) NOT NULL COMMENT '促销Id',
  `product_categories` bigint(20) NOT NULL COMMENT '商品分类',
  PRIMARY KEY (`promotions`,`product_categories`),
  KEY `FK4A5AE7098C4C0635` (`product_categories`),
  KEY `FK4A5AE709682BD58F` (`promotions`),
  CONSTRAINT `FK4A5AE709682BD58F` FOREIGN KEY (`promotions`) REFERENCES `promotion` (`id`),
  CONSTRAINT `FK4A5AE7098C4C0635` FOREIGN KEY (`product_categories`) REFERENCES `product_category` (`id`)
) ENGINE=InnoDB DEFAULT CHARSET=utf8;

-- 正在导出表  jfinalshop.promotion_product_category 的数据：~4 rows (大约)
/*!40000 ALTER TABLE `promotion_product_category` DISABLE KEYS */;
INSERT INTO `promotion_product_category` (`promotions`, `product_categories`) VALUES
	(2, 4),
	(1, 11),
	(2, 14),
	(1, 21);
/*!40000 ALTER TABLE `promotion_product_category` ENABLE KEYS */;


-- 导出  表 jfinalshop.receiver 结构
CREATE TABLE IF NOT EXISTS `receiver` (
  `id` bigint(20) NOT NULL AUTO_INCREMENT COMMENT 'id',
  `consignee` varchar(255) NOT NULL COMMENT '收货人',
  `area_name` varchar(255) NOT NULL COMMENT '地区名称',
  `address` varchar(255) NOT NULL COMMENT '地址',
  `zip_code` varchar(255) NOT NULL COMMENT '邮编',
  `phone` varchar(255) NOT NULL COMMENT '电话',
  `is_default` bit(1) NOT NULL COMMENT '是否默认',
  `area_id` bigint(20) DEFAULT NULL COMMENT '地区',
  `member_id` bigint(20) NOT NULL COMMENT '会员',
  `create_by` varchar(20) DEFAULT NULL COMMENT '创建人',
  `creation_date` datetime DEFAULT NULL COMMENT '创建日期',
  `last_updated_by` varchar(20) DEFAULT NULL COMMENT '最后修改人',
  `last_updated_date` datetime DEFAULT NULL COMMENT '最后修改日期',
  `delete_flag` bit(1) NOT NULL DEFAULT b'0' COMMENT '删除标记',
  PRIMARY KEY (`id`),
  KEY `FK22D1EC4E39A0DADE` (`area_id`),
  KEY `FK22D1EC4E7C62EDF8` (`member_id`)
) ENGINE=InnoDB AUTO_INCREMENT=13 DEFAULT CHARSET=utf8 COMMENT='收货地址';

-- 正在导出表  jfinalshop.receiver 的数据：~7 rows (大约)
/*!40000 ALTER TABLE `receiver` DISABLE KEYS */;
INSERT INTO `receiver` (`id`, `consignee`, `area_name`, `address`, `zip_code`, `phone`, `is_default`, `area_id`, `member_id`, `create_by`, `creation_date`, `last_updated_by`, `last_updated_date`, `delete_flag`) VALUES
	(1, '李红元', '广东省佛山市顺德区', '嘉信城市广场1期办公楼4楼', '421819', '13798064110', b'1', 1993, 1, NULL, '2016-09-20 17:52:24', NULL, NULL, b'0'),
	(2, '张三', '上海市松江区', '天河东路', '421819', '13800138000', b'1', 806, 6, 'hycx2', '2016-09-28 16:01:40', NULL, NULL, b'0'),
	(3, '213', '湖北省天门市', '12321', '131', '312312312312', b'0', 1807, 26, 'hycx6', '2016-09-29 15:39:06', NULL, NULL, b'0'),
	(9, '张三', '北京市朝阳区', '北京市朝阳区', '11121212', '15602247464', b'1', 4, 21, NULL, NULL, NULL, NULL, b'0'),
	(10, 'test001', '北京市朝阳区', '123', '300000', '13533003332', b'1', 4, 27, 'test001', '2016-10-11 16:35:45', NULL, NULL, b'0'),
	(11, '彭森', '天津市河东区', '安徽合肥', '3434343434', '15665408791', b'1', 20, 29, '彭森林', '2016-10-14 09:21:20', NULL, NULL, b'0'),
	(12, 'test', '河南省驻马店市上蔡县', 'dddd', '223211', '11111111111', b'1', 1683, 30, 'test', '2016-10-14 10:59:52', NULL, NULL, b'0');
/*!40000 ALTER TABLE `receiver` ENABLE KEYS */;


-- 导出  表 jfinalshop.refunds 结构
CREATE TABLE IF NOT EXISTS `refunds` (
  `id` bigint(20) NOT NULL AUTO_INCREMENT COMMENT 'id',
  `sn` varchar(100) NOT NULL COMMENT '编号',
  `method` int(11) NOT NULL COMMENT '方式',
  `payment_method` varchar(255) NOT NULL COMMENT '支付方式',
  `bank` varchar(255) DEFAULT NULL COMMENT '退款银行',
  `account` varchar(255) DEFAULT NULL COMMENT '退款账号',
  `amount` decimal(21,6) NOT NULL COMMENT '退款金额',
  `payee` varchar(255) DEFAULT NULL COMMENT '收款人',
  `operator` varchar(255) NOT NULL COMMENT '操作员',
  `memo` varchar(255) DEFAULT NULL COMMENT '备注',
  `order_id` bigint(20) NOT NULL COMMENT '订单',
  `create_by` varchar(20) DEFAULT NULL COMMENT '创建人',
  `creation_date` datetime DEFAULT NULL COMMENT '创建日期',
  `last_updated_by` varchar(20) DEFAULT NULL COMMENT '最后修改人',
  `last_updated_date` datetime DEFAULT NULL COMMENT '最后修改日期',
  `delete_flag` bit(1) NOT NULL DEFAULT b'0' COMMENT '删除标记',
  PRIMARY KEY (`id`),
  UNIQUE KEY `sn` (`sn`),
  KEY `FKCFC4C5BCB992E8EF` (`order_id`),
  CONSTRAINT `FKCFC4C5BCB992E8EF` FOREIGN KEY (`order_id`) REFERENCES `order` (`id`)
) ENGINE=InnoDB AUTO_INCREMENT=2 DEFAULT CHARSET=utf8 COMMENT='退款单';

-- 正在导出表  jfinalshop.refunds 的数据：~1 rows (大约)
/*!40000 ALTER TABLE `refunds` DISABLE KEYS */;
INSERT INTO `refunds` (`id`, `sn`, `method`, `payment_method`, `bank`, `account`, `amount`, `payee`, `operator`, `memo`, `order_id`, `create_by`, `creation_date`, `last_updated_by`, `last_updated_date`, `delete_flag`) VALUES
	(1, '20160929303', 0, '网上支付', NULL, '187048359@qq.com', 199.000000, '李红元', 'admin', '退款', 42, '管理员', '2016-09-29 18:01:19', NULL, NULL, b'0');
/*!40000 ALTER TABLE `refunds` ENABLE KEYS */;


-- 导出  表 jfinalshop.register_code 结构
CREATE TABLE IF NOT EXISTS `register_code` (
  `mobile` char(11) NOT NULL COMMENT '接收短信的手机号码',
  `sms_code` char(4) DEFAULT NULL COMMENT '短信内容',
  `op` char(10) DEFAULT NULL COMMENT '短信类型',
  `creation_date` datetime DEFAULT NULL COMMENT '创建日期',
  `last_updated_date` datetime DEFAULT NULL COMMENT '修改日期',
  `expiration_date` datetime DEFAULT NULL COMMENT '结束时间',
  PRIMARY KEY (`mobile`)
) ENGINE=InnoDB DEFAULT CHARSET=utf8;

-- 正在导出表  jfinalshop.register_code 的数据：~7 rows (大约)
/*!40000 ALTER TABLE `register_code` DISABLE KEYS */;
INSERT INTO `register_code` (`mobile`, `sms_code`, `op`, `creation_date`, `last_updated_date`, `expiration_date`) VALUES
	('13537644090', '3377', 'register', '2015-09-19 11:14:46', NULL, NULL),
	('13800138000', '1109', 'modify', '2015-08-30 14:42:16', NULL, NULL),
	('15015543553', '5450', 'register', NULL, NULL, NULL),
	('15172513879', '4058', 'login', '2015-09-18 17:23:56', NULL, NULL),
	('15602247464', '6383', 'register', NULL, NULL, NULL),
	('15807738254', '1286', 'modify', '2015-09-17 16:21:47', NULL, NULL),
	('15807738682', '6518', 'login', '2015-08-27 10:11:57', NULL, NULL);
/*!40000 ALTER TABLE `register_code` ENABLE KEYS */;


-- 导出  表 jfinalshop.returns 结构
CREATE TABLE IF NOT EXISTS `returns` (
  `id` bigint(20) NOT NULL AUTO_INCREMENT COMMENT 'id',
  `sn` varchar(100) NOT NULL COMMENT '编号',
  `shipping_method` varchar(255) DEFAULT NULL COMMENT '配送方式',
  `delivery_corp` varchar(255) DEFAULT NULL COMMENT '物流公司',
  `tracking_no` varchar(255) DEFAULT NULL COMMENT '运单号',
  `freight` decimal(21,6) DEFAULT NULL COMMENT '物流费用',
  `shipper` varchar(255) NOT NULL COMMENT '发货人',
  `area` varchar(255) NOT NULL COMMENT '地区',
  `address` varchar(255) NOT NULL COMMENT '地址',
  `zip_code` varchar(255) NOT NULL COMMENT '邮编',
  `phone` varchar(255) NOT NULL COMMENT '电话',
  `operator` varchar(255) NOT NULL COMMENT '操作员',
  `memo` varchar(255) DEFAULT NULL COMMENT '备注',
  `order_id` bigint(20) NOT NULL COMMENT '订单',
  `create_by` varchar(20) DEFAULT NULL COMMENT '创建人',
  `creation_date` datetime DEFAULT NULL COMMENT '创建日期',
  `last_updated_by` varchar(20) DEFAULT NULL COMMENT '最后修改人',
  `last_updated_date` datetime DEFAULT NULL COMMENT '最后修改日期',
  `delete_flag` bit(1) NOT NULL DEFAULT b'0' COMMENT '删除标记',
  PRIMARY KEY (`id`),
  UNIQUE KEY `sn` (`sn`),
  KEY `FKD08A1F04B992E8EF` (`order_id`),
  CONSTRAINT `FKD08A1F04B992E8EF` FOREIGN KEY (`order_id`) REFERENCES `order` (`id`)
) ENGINE=InnoDB AUTO_INCREMENT=2 DEFAULT CHARSET=utf8 COMMENT='退货单';

-- 正在导出表  jfinalshop.returns 的数据：~1 rows (大约)
/*!40000 ALTER TABLE `returns` DISABLE KEYS */;
INSERT INTO `returns` (`id`, `sn`, `shipping_method`, `delivery_corp`, `tracking_no`, `freight`, `shipper`, `area`, `address`, `zip_code`, `phone`, `operator`, `memo`, `order_id`, `create_by`, `creation_date`, `last_updated_by`, `last_updated_date`, `delete_flag`) VALUES
	(1, '20160929404', '普通快递', '圆通速递', 'ST1111010010', 12.000000, '213', '天津市河西区', '12321', '131', '312312312312', 'admin', NULL, 42, '管理员', '2016-09-29 19:32:09', NULL, NULL, b'0');
/*!40000 ALTER TABLE `returns` ENABLE KEYS */;


-- 导出  表 jfinalshop.returns_item 结构
CREATE TABLE IF NOT EXISTS `returns_item` (
  `id` bigint(20) NOT NULL AUTO_INCREMENT COMMENT 'id',
  `sn` varchar(255) NOT NULL COMMENT '商品编号',
  `name` varchar(255) NOT NULL COMMENT '商品名称',
  `quantity` int(11) NOT NULL COMMENT '数量',
  `returns_id` bigint(20) NOT NULL COMMENT '退货单-关联returns',
  `create_by` varchar(20) DEFAULT NULL COMMENT '创建人',
  `creation_date` datetime DEFAULT NULL COMMENT '创建日期',
  `last_updated_by` varchar(20) DEFAULT NULL COMMENT '最后修改人',
  `last_updated_date` datetime DEFAULT NULL COMMENT '最后修改日期',
  `delete_flag` bit(1) NOT NULL DEFAULT b'0' COMMENT '删除标记',
  PRIMARY KEY (`id`),
  KEY `FKE830D76E21D01242` (`returns_id`),
  CONSTRAINT `FKE830D76E21D01242` FOREIGN KEY (`returns_id`) REFERENCES `returns` (`id`)
) ENGINE=InnoDB AUTO_INCREMENT=2 DEFAULT CHARSET=utf8 COMMENT='退货项';

-- 正在导出表  jfinalshop.returns_item 的数据：~1 rows (大约)
/*!40000 ALTER TABLE `returns_item` DISABLE KEYS */;
INSERT INTO `returns_item` (`id`, `sn`, `name`, `quantity`, `returns_id`, `create_by`, `creation_date`, `last_updated_by`, `last_updated_date`, `delete_flag`) VALUES
	(1, '20160921102', 'POLO衣服2', 1, 1, '管理员', '2016-09-29 19:32:09', NULL, NULL, b'0');
/*!40000 ALTER TABLE `returns_item` ENABLE KEYS */;


-- 导出  表 jfinalshop.review 结构
CREATE TABLE IF NOT EXISTS `review` (
  `id` bigint(20) NOT NULL AUTO_INCREMENT COMMENT 'id',
  `score` int(11) NOT NULL COMMENT '评分',
  `content` varchar(255) NOT NULL COMMENT '内容',
  `is_show` bit(1) NOT NULL COMMENT '是否显示',
  `ip` varchar(255) NOT NULL COMMENT 'IP',
  `member_id` bigint(20) DEFAULT NULL COMMENT '会员',
  `product_id` bigint(20) NOT NULL COMMENT '商品',
  `create_by` varchar(20) DEFAULT NULL COMMENT '创建人',
  `creation_date` datetime DEFAULT NULL COMMENT '创建日期',
  `last_updated_by` varchar(20) DEFAULT NULL COMMENT '最后修改人',
  `last_updated_date` datetime DEFAULT NULL COMMENT '最后修改日期',
  `delete_flag` bit(1) NOT NULL DEFAULT b'0' COMMENT '删除标记',
  PRIMARY KEY (`id`),
  KEY `FK9B6005777C62EDF8` (`member_id`),
  KEY `FK9B60057779F8D99A` (`product_id`),
  CONSTRAINT `FK9B60057779F8D99A` FOREIGN KEY (`product_id`) REFERENCES `product` (`id`),
  CONSTRAINT `FK9B6005777C62EDF8` FOREIGN KEY (`member_id`) REFERENCES `member` (`id`)
) ENGINE=InnoDB DEFAULT CHARSET=utf8 COMMENT='评论';

-- 正在导出表  jfinalshop.review 的数据：~0 rows (大约)
/*!40000 ALTER TABLE `review` DISABLE KEYS */;
/*!40000 ALTER TABLE `review` ENABLE KEYS */;


-- 导出  表 jfinalshop.role 结构
CREATE TABLE IF NOT EXISTS `role` (
  `id` bigint(20) NOT NULL AUTO_INCREMENT,
  `name` varchar(50) NOT NULL COMMENT '名称',
  `value` varchar(50) NOT NULL COMMENT '值',
  `description` varchar(255) DEFAULT NULL COMMENT '简介',
  `is_system` bit(1) DEFAULT b'0' COMMENT '是否系统角色',
  `create_by` varchar(20) DEFAULT NULL COMMENT '创建人',
  `creation_date` datetime DEFAULT NULL COMMENT '创建日期',
  `last_updated_by` varchar(20) DEFAULT NULL COMMENT '最后修改人',
  `last_updated_date` datetime DEFAULT NULL COMMENT '最后修改日期',
  `delete_flag` bit(1) NOT NULL DEFAULT b'0' COMMENT '删除标记',
  PRIMARY KEY (`id`),
  UNIQUE KEY `name` (`name`),
  UNIQUE KEY `value` (`value`)
) ENGINE=InnoDB AUTO_INCREMENT=10 DEFAULT CHARSET=utf8 COMMENT='角色';

-- 正在导出表  jfinalshop.role 的数据：~4 rows (大约)
/*!40000 ALTER TABLE `role` DISABLE KEYS */;
INSERT INTO `role` (`id`, `name`, `value`, `description`, `is_system`, `create_by`, `creation_date`, `last_updated_by`, `last_updated_date`, `delete_flag`) VALUES
	(1, '超级管理员', 'R_ADMIN', '拥有最高后台管理权限', b'1', '圣牧.管理员', '2016-05-05 16:55:13', '管理员', '2016-10-11 11:12:51', b'0'),
	(2, '系统管理员', 'R_MANAGER', NULL, b'0', '圣牧.管理员', '2016-05-13 10:44:34', '管理员', '2016-10-10 19:39:11', b'0'),
	(3, '会员', 'R_MEMBER', NULL, b'0', '圣牧.管理员', '2016-05-13 10:45:15', '管理员', '2016-10-10 19:56:15', b'0'),
	(4, '普通用户', 'R_USER', '', b'0', '圣牧.管理员', '2016-05-13 10:45:50', NULL, NULL, b'0');
/*!40000 ALTER TABLE `role` ENABLE KEYS */;


-- 导出  表 jfinalshop.seo 结构
CREATE TABLE IF NOT EXISTS `seo` (
  `id` bigint(20) NOT NULL AUTO_INCREMENT COMMENT 'id',
  `type` int(11) NOT NULL COMMENT '类型',
  `title` varchar(255) DEFAULT NULL COMMENT '页面标题',
  `keywords` varchar(255) DEFAULT NULL COMMENT '页面关键词',
  `description` varchar(255) DEFAULT NULL COMMENT '页面描述',
  `create_by` varchar(20) DEFAULT NULL COMMENT '创建人',
  `creation_date` datetime DEFAULT NULL COMMENT '创建日期',
  `last_updated_by` varchar(20) DEFAULT NULL COMMENT '最后修改人',
  `last_updated_date` datetime DEFAULT NULL COMMENT '最后修改日期',
  `delete_flag` bit(1) NOT NULL DEFAULT b'0' COMMENT '删除标记',
  PRIMARY KEY (`id`),
  UNIQUE KEY `type` (`type`)
) ENGINE=InnoDB AUTO_INCREMENT=10 DEFAULT CHARSET=utf8 COMMENT='SEO设置';

-- 正在导出表  jfinalshop.seo 的数据：~9 rows (大约)
/*!40000 ALTER TABLE `seo` DISABLE KEYS */;
INSERT INTO `seo` (`id`, `type`, `title`, `keywords`, `description`, `create_by`, `creation_date`, `last_updated_by`, `last_updated_date`, `delete_flag`) VALUES
	(1, 0, '${setting.siteName}', '${setting.siteName}', '${setting.siteName}', NULL, NULL, '管理员', '2016-08-10 17:16:54', b'0'),
	(2, 1, '${productCategory.name}', '${productCategory.name}', '${productCategory.name}', NULL, NULL, NULL, NULL, b'0'),
	(3, 2, '${productKeyword}', '${productKeyword}', '${productKeyword}', NULL, NULL, NULL, NULL, b'0'),
	(4, 3, '${product.name}', '${product.name}', '${product.name}', NULL, NULL, NULL, NULL, b'0'),
	(5, 4, '${articleCategory.name}', '${articleCategory.name}', '${articleCategory.name}', NULL, NULL, NULL, NULL, b'0'),
	(6, 5, '${articleKeyword}', '${articleKeyword}', '${articleKeyword}', NULL, NULL, NULL, NULL, b'0'),
	(7, 6, '${article.title}', '${article.title}', '${article.title}', NULL, NULL, NULL, NULL, b'0'),
	(8, 7, '${setting.siteName}', '${setting.siteName}', '${setting.siteName}', NULL, NULL, NULL, NULL, b'0'),
	(9, 8, '${brand.name}', '${brand.name}', '${brand.name}', NULL, NULL, NULL, NULL, b'0');
/*!40000 ALTER TABLE `seo` ENABLE KEYS */;


-- 导出  表 jfinalshop.shipping 结构
CREATE TABLE IF NOT EXISTS `shipping` (
  `id` bigint(20) NOT NULL AUTO_INCREMENT COMMENT 'id',
  `sn` varchar(100) NOT NULL COMMENT '编号',
  `shipping_method` varchar(255) NOT NULL COMMENT '配送方式',
  `delivery_corp` varchar(255) NOT NULL COMMENT '物流公司',
  `delivery_corp_url` varchar(255) DEFAULT NULL COMMENT '物流公司网址',
  `delivery_corp_code` varchar(255) DEFAULT NULL COMMENT '物流公司代码',
  `tracking_no` varchar(255) DEFAULT NULL COMMENT '运单号',
  `freight` decimal(21,6) DEFAULT NULL COMMENT '物流费用',
  `consignee` varchar(255) NOT NULL COMMENT '收货人',
  `area` varchar(255) NOT NULL COMMENT '地区',
  `address` varchar(255) NOT NULL COMMENT '地址',
  `zip_code` varchar(255) NOT NULL COMMENT '邮编',
  `phone` varchar(255) NOT NULL COMMENT '电话',
  `operator` varchar(255) NOT NULL COMMENT '操作员',
  `memo` varchar(255) DEFAULT NULL COMMENT '备注',
  `order_id` bigint(20) NOT NULL COMMENT '订单',
  `create_by` varchar(20) DEFAULT NULL COMMENT '创建人',
  `creation_date` datetime DEFAULT NULL COMMENT '创建日期',
  `last_updated_by` varchar(20) DEFAULT NULL COMMENT '最后修改人',
  `last_updated_date` datetime DEFAULT NULL COMMENT '最后修改日期',
  `delete_flag` bit(1) NOT NULL DEFAULT b'0' COMMENT '删除标记',
  PRIMARY KEY (`id`),
  UNIQUE KEY `sn` (`sn`),
  KEY `FK3440E00DB992E8EF` (`order_id`),
  CONSTRAINT `FK3440E00DB992E8EF` FOREIGN KEY (`order_id`) REFERENCES `order` (`id`)
) ENGINE=InnoDB AUTO_INCREMENT=3 DEFAULT CHARSET=utf8 COMMENT='发货单';

-- 正在导出表  jfinalshop.shipping 的数据：~2 rows (大约)
/*!40000 ALTER TABLE `shipping` DISABLE KEYS */;
INSERT INTO `shipping` (`id`, `sn`, `shipping_method`, `delivery_corp`, `delivery_corp_url`, `delivery_corp_code`, `tracking_no`, `freight`, `consignee`, `area`, `address`, `zip_code`, `phone`, `operator`, `memo`, `order_id`, `create_by`, `creation_date`, `last_updated_by`, `last_updated_date`, `delete_flag`) VALUES
	(1, '20160929202', '普通快递', '圆通速递', 'http://www.yto.net.cn', 'yuantong', 'st10000001', 12.000000, '李红元', '河北省邯郸市邯郸县', '嘉信城市广场1期办公楼4楼', '421819', '13798064110', 'admin', NULL, 41, '管理员', '2016-09-29 14:40:08', NULL, NULL, b'0'),
	(2, '20160929303', '普通快递', '圆通速递', 'http://www.yto.net.cn', 'yuantong', '11111111', 111.000000, '213', '湖南省怀化市', '12321', '131', '312312312312', 'admin', '111', 42, '管理员', '2016-09-29 18:50:13', NULL, NULL, b'0');
/*!40000 ALTER TABLE `shipping` ENABLE KEYS */;


-- 导出  表 jfinalshop.shipping_item 结构
CREATE TABLE IF NOT EXISTS `shipping_item` (
  `id` bigint(20) NOT NULL AUTO_INCREMENT COMMENT 'id',
  `sn` varchar(255) NOT NULL COMMENT '商品编号',
  `name` varchar(255) NOT NULL COMMENT '商品名称',
  `quantity` int(11) NOT NULL COMMENT '数量',
  `shipping_id` bigint(20) NOT NULL COMMENT '发货单',
  `create_by` varchar(20) DEFAULT NULL COMMENT '创建人',
  `creation_date` datetime DEFAULT NULL COMMENT '创建日期',
  `last_updated_by` varchar(20) DEFAULT NULL COMMENT '最后修改人',
  `last_updated_date` datetime DEFAULT NULL COMMENT '最后修改日期',
  `delete_flag` bit(1) NOT NULL DEFAULT b'0' COMMENT '删除标记',
  PRIMARY KEY (`id`),
  KEY `FKCCE65405FF407320` (`shipping_id`),
  CONSTRAINT `FKCCE65405FF407320` FOREIGN KEY (`shipping_id`) REFERENCES `shipping` (`id`)
) ENGINE=InnoDB AUTO_INCREMENT=4 DEFAULT CHARSET=utf8 COMMENT='发货项';

-- 正在导出表  jfinalshop.shipping_item 的数据：~3 rows (大约)
/*!40000 ALTER TABLE `shipping_item` DISABLE KEYS */;
INSERT INTO `shipping_item` (`id`, `sn`, `name`, `quantity`, `shipping_id`, `create_by`, `creation_date`, `last_updated_by`, `last_updated_date`, `delete_flag`) VALUES
	(1, '20160921102', 'POLO衣服2', 1, 1, NULL, NULL, NULL, NULL, b'0'),
	(2, '20160919101', '李宁连衣裙', 1, 1, NULL, NULL, NULL, NULL, b'0'),
	(3, '20160921102', 'POLO衣服2', 1, 2, '管理员', '2016-09-29 18:50:13', NULL, NULL, b'0');
/*!40000 ALTER TABLE `shipping_item` ENABLE KEYS */;


-- 导出  表 jfinalshop.shipping_method 结构
CREATE TABLE IF NOT EXISTS `shipping_method` (
  `id` bigint(20) NOT NULL AUTO_INCREMENT,
  `name` varchar(255) NOT NULL COMMENT '名称',
  `first_weight` int(11) NOT NULL COMMENT '首重量',
  `continue_weight` int(11) NOT NULL COMMENT '续重量',
  `first_price` decimal(21,6) NOT NULL COMMENT '首重价格',
  `continue_price` decimal(21,6) NOT NULL COMMENT '续重价格',
  `orders` int(11) DEFAULT NULL COMMENT '订单',
  `icon` varchar(255) DEFAULT NULL COMMENT '图标',
  `description` longtext COMMENT 'description',
  `default_delivery_corp_id` bigint(20) DEFAULT NULL COMMENT '默认物流公司',
  `create_by` varchar(20) DEFAULT NULL COMMENT '创建人',
  `creation_date` datetime DEFAULT NULL COMMENT '创建日期',
  `last_updated_by` varchar(20) DEFAULT NULL COMMENT '最后修改人',
  `last_updated_date` datetime DEFAULT NULL COMMENT '最后修改日期',
  `delete_flag` bit(1) NOT NULL DEFAULT b'0' COMMENT '删除标记',
  PRIMARY KEY (`id`),
  KEY `FK32A8355346542319` (`default_delivery_corp_id`),
  CONSTRAINT `FK32A8355346542319` FOREIGN KEY (`default_delivery_corp_id`) REFERENCES `delivery_corp` (`id`)
) ENGINE=InnoDB AUTO_INCREMENT=4 DEFAULT CHARSET=utf8 COMMENT='配送方式';

-- 正在导出表  jfinalshop.shipping_method 的数据：~2 rows (大约)
/*!40000 ALTER TABLE `shipping_method` DISABLE KEYS */;
INSERT INTO `shipping_method` (`id`, `name`, `first_weight`, `continue_weight`, `first_price`, `continue_price`, `orders`, `icon`, `description`, `default_delivery_corp_id`, `create_by`, `creation_date`, `last_updated_by`, `last_updated_date`, `delete_flag`) VALUES
	(1, '普通快递', 1000, 1000, 0.000000, 0.000000, 1, 'http://localhost:8080/upload/image/express.gif', '系统将根据您的收货地址自动匹配快递公司进行配送，享受免运费服务', 2, NULL, NULL, NULL, NULL, b'0'),
	(2, '顺丰速递', 1000, 1000, 10.000000, 0.000000, 2, 'http://localhost:8080/upload/image/sf_express.gif', '需支付10元配送费用，不享受免运费服务', 4, NULL, NULL, NULL, NULL, b'0');
/*!40000 ALTER TABLE `shipping_method` ENABLE KEYS */;


-- 导出  表 jfinalshop.sn 结构
CREATE TABLE IF NOT EXISTS `sn` (
  `id` bigint(20) NOT NULL AUTO_INCREMENT COMMENT 'id',
  `type` int(11) NOT NULL COMMENT '类型',
  `last_value` bigint(20) NOT NULL COMMENT '末值',
  `create_by` varchar(20) DEFAULT NULL COMMENT '创建人',
  `creation_date` datetime DEFAULT NULL COMMENT '创建日期',
  `last_updated_by` varchar(20) DEFAULT NULL COMMENT '最后修改人',
  `last_updated_date` datetime DEFAULT NULL COMMENT '最后修改日期',
  `delete_flag` bit(1) NOT NULL DEFAULT b'0' COMMENT '删除标记',
  PRIMARY KEY (`id`),
  UNIQUE KEY `type` (`type`)
) ENGINE=InnoDB AUTO_INCREMENT=7 DEFAULT CHARSET=utf8 COMMENT='序列号';

-- 正在导出表  jfinalshop.sn 的数据：~6 rows (大约)
/*!40000 ALTER TABLE `sn` DISABLE KEYS */;
INSERT INTO `sn` (`id`, `type`, `last_value`, `create_by`, `creation_date`, `last_updated_by`, `last_updated_date`, `delete_flag`) VALUES
	(1, 0, 38, NULL, NULL, NULL, NULL, b'0'),
	(2, 1, 25, NULL, NULL, NULL, NULL, b'0'),
	(3, 2, 9, NULL, NULL, NULL, NULL, b'0'),
	(4, 3, 4, NULL, NULL, NULL, NULL, b'0'),
	(5, 4, 4, NULL, NULL, NULL, NULL, b'0'),
	(6, 5, 5, NULL, NULL, NULL, NULL, b'0');
/*!40000 ALTER TABLE `sn` ENABLE KEYS */;


-- 导出  表 jfinalshop.specification 结构
CREATE TABLE IF NOT EXISTS `specification` (
  `id` bigint(20) NOT NULL AUTO_INCREMENT COMMENT 'id',
  `name` varchar(255) NOT NULL COMMENT '名称',
  `type` int(11) NOT NULL COMMENT '类型',
  `memo` varchar(255) DEFAULT NULL COMMENT '备注',
  `orders` int(11) DEFAULT NULL COMMENT '排序',
  `create_by` varchar(20) DEFAULT NULL COMMENT '创建人',
  `creation_date` datetime DEFAULT NULL COMMENT '创建日期',
  `last_updated_by` varchar(20) DEFAULT NULL COMMENT '最后修改人',
  `last_updated_date` datetime DEFAULT NULL COMMENT '最后修改日期',
  `delete_flag` bit(1) NOT NULL DEFAULT b'0' COMMENT '删除标记',
  PRIMARY KEY (`id`)
) ENGINE=InnoDB AUTO_INCREMENT=9 DEFAULT CHARSET=utf8 COMMENT='规格';

-- 正在导出表  jfinalshop.specification 的数据：~8 rows (大约)
/*!40000 ALTER TABLE `specification` DISABLE KEYS */;
INSERT INTO `specification` (`id`, `name`, `type`, `memo`, `orders`, `create_by`, `creation_date`, `last_updated_by`, `last_updated_date`, `delete_flag`) VALUES
	(1, '颜色', 1, '女装', 1, NULL, NULL, NULL, NULL, b'0'),
	(2, '颜色', 1, '男装', 2, NULL, NULL, NULL, NULL, b'0'),
	(3, '尺码', 0, '女装', 3, NULL, NULL, NULL, NULL, b'0'),
	(4, '尺码', 0, '男装', 4, NULL, NULL, NULL, NULL, b'0'),
	(5, '尺码', 0, '女鞋', 5, NULL, NULL, NULL, NULL, b'0'),
	(6, '尺码', 0, '男鞋', 6, NULL, NULL, NULL, NULL, b'0'),
	(7, '121', 0, '12', 12, '管理员', '2016-09-28 10:09:01', '管理员', '2016-09-28 10:09:18', b'0'),
	(8, '12222121', 0, '11', 1, '管理员', '2016-10-11 10:35:54', NULL, NULL, b'0');
/*!40000 ALTER TABLE `specification` ENABLE KEYS */;


-- 导出  表 jfinalshop.specification_value 结构
CREATE TABLE IF NOT EXISTS `specification_value` (
  `id` bigint(20) NOT NULL AUTO_INCREMENT COMMENT 'id',
  `name` varchar(255) NOT NULL COMMENT '名称',
  `image` varchar(255) DEFAULT NULL COMMENT '图片',
  `specification_id` bigint(20) NOT NULL COMMENT '规格',
  `orders` int(11) DEFAULT NULL COMMENT '排序',
  `creation_date` datetime DEFAULT NULL COMMENT '创建日期',
  `create_by` varchar(20) DEFAULT NULL COMMENT '创建人',
  `last_updated_by` varchar(20) DEFAULT NULL COMMENT '最后修改人',
  `last_updated_date` datetime DEFAULT NULL COMMENT '最后修改日期',
  `delete_flag` bit(1) NOT NULL DEFAULT b'0' COMMENT '删除标记',
  PRIMARY KEY (`id`),
  KEY `FK5E624376629A04C2` (`specification_id`),
  CONSTRAINT `FK5E624376629A04C2` FOREIGN KEY (`specification_id`) REFERENCES `specification` (`id`)
) ENGINE=InnoDB AUTO_INCREMENT=82 DEFAULT CHARSET=utf8 COMMENT='规格值';

-- 正在导出表  jfinalshop.specification_value 的数据：~80 rows (大约)
/*!40000 ALTER TABLE `specification_value` DISABLE KEYS */;
INSERT INTO `specification_value` (`id`, `name`, `image`, `specification_id`, `orders`, `creation_date`, `create_by`, `last_updated_by`, `last_updated_date`, `delete_flag`) VALUES
	(1, '无', 'http://storage.shopxx.net/demo-image/3.0/specification/1.gif', 1, 1, NULL, NULL, NULL, NULL, b'0'),
	(2, '黄色', 'http://storage.shopxx.net/demo-image/3.0/specification/2.gif', 1, 2, NULL, NULL, NULL, NULL, b'0'),
	(3, '酒红色', 'http://storage.shopxx.net/demo-image/3.0/specification/3.gif', 1, 3, NULL, NULL, NULL, NULL, b'0'),
	(4, '金色', 'http://storage.shopxx.net/demo-image/3.0/specification/4.gif', 1, 4, NULL, NULL, NULL, NULL, b'0'),
	(5, '橙色', 'http://storage.shopxx.net/demo-image/3.0/specification/5.gif', 1, 5, NULL, NULL, NULL, NULL, b'0'),
	(6, '灰色', 'http://storage.shopxx.net/demo-image/3.0/specification/6.gif', 1, 6, NULL, NULL, NULL, NULL, b'0'),
	(8, '黑色', 'http://storage.shopxx.net/demo-image/3.0/specification/8.gif', 1, 8, NULL, NULL, NULL, NULL, b'0'),
	(9, '卡其色', 'http://storage.shopxx.net/demo-image/3.0/specification/9.gif', 1, 9, NULL, NULL, NULL, NULL, b'0'),
	(10, '混色', 'http://storage.shopxx.net/demo-image/3.0/specification/10.gif', 1, 10, NULL, NULL, NULL, NULL, b'0'),
	(11, '紫色', 'http://storage.shopxx.net/demo-image/3.0/specification/11.gif', 1, 11, NULL, NULL, NULL, NULL, b'0'),
	(12, '粉红色', 'http://storage.shopxx.net/demo-image/3.0/specification/12.gif', 1, 12, NULL, NULL, NULL, NULL, b'0'),
	(13, '银色', 'http://storage.shopxx.net/demo-image/3.0/specification/13.gif', 1, 13, NULL, NULL, NULL, NULL, b'0'),
	(14, '红色', 'http://storage.shopxx.net/demo-image/3.0/specification/14.gif', 1, 14, NULL, NULL, NULL, NULL, b'0'),
	(15, '白色', 'http://storage.shopxx.net/demo-image/3.0/specification/15.gif', 1, 15, NULL, NULL, NULL, NULL, b'0'),
	(16, '浅蓝色', 'http://storage.shopxx.net/demo-image/3.0/specification/16.gif', 1, 16, NULL, NULL, NULL, NULL, b'0'),
	(17, '深蓝色', 'http://storage.shopxx.net/demo-image/3.0/specification/17.gif', 1, 17, NULL, NULL, NULL, NULL, b'0'),
	(18, '绿色', 'http://storage.shopxx.net/demo-image/3.0/specification/18.gif', 1, 18, NULL, NULL, NULL, NULL, b'0'),
	(19, '米黄色', 'http://storage.shopxx.net/demo-image/3.0/specification/19.gif', 1, 19, NULL, NULL, NULL, NULL, b'0'),
	(20, '咖啡色', 'http://storage.shopxx.net/demo-image/3.0/specification/20.gif', 1, 20, NULL, NULL, NULL, NULL, b'0'),
	(21, '无', 'http://storage.shopxx.net/demo-image/3.0/specification/1.gif', 2, 1, NULL, NULL, NULL, NULL, b'0'),
	(22, '黄色', 'http://storage.shopxx.net/demo-image/3.0/specification/2.gif', 2, 2, NULL, NULL, NULL, NULL, b'0'),
	(23, '酒红色', 'http://storage.shopxx.net/demo-image/3.0/specification/3.gif', 2, 3, NULL, NULL, NULL, NULL, b'0'),
	(24, '金色', 'http://storage.shopxx.net/demo-image/3.0/specification/4.gif', 2, 4, NULL, NULL, NULL, NULL, b'0'),
	(25, '橙色', 'http://storage.shopxx.net/demo-image/3.0/specification/5.gif', 2, 5, NULL, NULL, NULL, NULL, b'0'),
	(26, '灰色', 'http://storage.shopxx.net/demo-image/3.0/specification/6.gif', 2, 6, NULL, NULL, NULL, NULL, b'0'),
	(27, '蓝色', 'http://storage.shopxx.net/demo-image/3.0/specification/7.gif', 2, 7, NULL, NULL, NULL, NULL, b'0'),
	(28, '黑色', 'http://storage.shopxx.net/demo-image/3.0/specification/8.gif', 2, 8, NULL, NULL, NULL, NULL, b'0'),
	(29, '卡其色', 'http://storage.shopxx.net/demo-image/3.0/specification/9.gif', 2, 9, NULL, NULL, NULL, NULL, b'0'),
	(30, '混色', 'http://storage.shopxx.net/demo-image/3.0/specification/10.gif', 2, 10, NULL, NULL, NULL, NULL, b'0'),
	(31, '紫色', 'http://storage.shopxx.net/demo-image/3.0/specification/11.gif', 2, 11, NULL, NULL, NULL, NULL, b'0'),
	(32, '粉红色', 'http://storage.shopxx.net/demo-image/3.0/specification/12.gif', 2, 12, NULL, NULL, NULL, NULL, b'0'),
	(33, '银色', 'http://storage.shopxx.net/demo-image/3.0/specification/13.gif', 2, 13, NULL, NULL, NULL, NULL, b'0'),
	(34, '红色', 'http://storage.shopxx.net/demo-image/3.0/specification/14.gif', 2, 14, NULL, NULL, NULL, NULL, b'0'),
	(35, '白色', 'http://storage.shopxx.net/demo-image/3.0/specification/15.gif', 2, 15, NULL, NULL, NULL, NULL, b'0'),
	(36, '浅蓝色', 'http://storage.shopxx.net/demo-image/3.0/specification/16.gif', 2, 16, NULL, NULL, NULL, NULL, b'0'),
	(37, '深蓝色', 'http://storage.shopxx.net/demo-image/3.0/specification/17.gif', 2, 17, NULL, NULL, NULL, NULL, b'0'),
	(38, '绿色', 'http://storage.shopxx.net/demo-image/3.0/specification/18.gif', 2, 18, NULL, NULL, NULL, NULL, b'0'),
	(39, '米黄色', 'http://storage.shopxx.net/demo-image/3.0/specification/19.gif', 2, 19, NULL, NULL, NULL, NULL, b'0'),
	(40, '咖啡色', 'http://storage.shopxx.net/demo-image/3.0/specification/20.gif', 2, 20, NULL, NULL, NULL, NULL, b'0'),
	(41, '均码', NULL, 3, 1, NULL, NULL, NULL, NULL, b'0'),
	(42, 'XXS', NULL, 3, 2, NULL, NULL, NULL, NULL, b'0'),
	(43, 'XS', NULL, 3, 3, NULL, NULL, NULL, NULL, b'0'),
	(44, 'S', NULL, 3, 4, NULL, NULL, NULL, NULL, b'0'),
	(45, 'M', NULL, 3, 5, NULL, NULL, NULL, NULL, b'0'),
	(46, 'L', NULL, 3, 6, NULL, NULL, NULL, NULL, b'0'),
	(47, 'XL', NULL, 3, 7, NULL, NULL, NULL, NULL, b'0'),
	(48, 'XXL', NULL, 3, 8, NULL, NULL, NULL, NULL, b'0'),
	(49, 'XXXL', NULL, 3, 9, NULL, NULL, NULL, NULL, b'0'),
	(50, '均码', NULL, 4, 1, NULL, NULL, NULL, NULL, b'0'),
	(51, 'XXS', NULL, 4, 2, NULL, NULL, NULL, NULL, b'0'),
	(52, 'XS', NULL, 4, 3, NULL, NULL, NULL, NULL, b'0'),
	(53, 'S', NULL, 4, 4, NULL, NULL, NULL, NULL, b'0'),
	(54, 'M', NULL, 4, 5, NULL, NULL, NULL, NULL, b'0'),
	(55, 'L', NULL, 4, 6, NULL, NULL, NULL, NULL, b'0'),
	(56, 'XL', NULL, 4, 7, NULL, NULL, NULL, NULL, b'0'),
	(57, 'XXL', NULL, 4, 8, NULL, NULL, NULL, NULL, b'0'),
	(58, 'XXXL', NULL, 4, 9, NULL, NULL, NULL, NULL, b'0'),
	(59, '34', NULL, 5, 1, NULL, NULL, NULL, NULL, b'0'),
	(60, '35', NULL, 5, 2, NULL, NULL, NULL, NULL, b'0'),
	(61, '36', NULL, 5, 3, NULL, NULL, NULL, NULL, b'0'),
	(62, '37', NULL, 5, 4, NULL, NULL, NULL, NULL, b'0'),
	(63, '38', NULL, 5, 5, NULL, NULL, NULL, NULL, b'0'),
	(64, '39', NULL, 5, 6, NULL, NULL, NULL, NULL, b'0'),
	(65, '40', NULL, 5, 7, NULL, NULL, NULL, NULL, b'0'),
	(66, '41', NULL, 5, 8, NULL, NULL, NULL, NULL, b'0'),
	(67, '36', NULL, 6, 1, NULL, NULL, NULL, NULL, b'0'),
	(68, '37', NULL, 6, 2, NULL, NULL, NULL, NULL, b'0'),
	(69, '38', NULL, 6, 3, NULL, NULL, NULL, NULL, b'0'),
	(70, '39', NULL, 6, 4, NULL, NULL, NULL, NULL, b'0'),
	(71, '40', NULL, 6, 5, NULL, NULL, NULL, NULL, b'0'),
	(72, '41', NULL, 6, 6, NULL, NULL, NULL, NULL, b'0'),
	(73, '42', NULL, 6, 7, NULL, NULL, NULL, NULL, b'0'),
	(74, '43', NULL, 6, 8, NULL, NULL, NULL, NULL, b'0'),
	(75, '44', NULL, 6, 9, NULL, NULL, NULL, NULL, b'0'),
	(76, '45', NULL, 6, 10, NULL, NULL, NULL, NULL, b'0'),
	(77, '12', NULL, 7, 1, '2016-09-28 10:09:01', '管理员', NULL, NULL, b'0'),
	(78, '13', NULL, 7, 2, '2016-09-28 10:09:01', '管理员', NULL, NULL, b'0'),
	(79, '111', NULL, 8, 1, '2016-10-11 10:35:55', '管理员', NULL, NULL, b'0'),
	(80, '222', NULL, 8, 2, '2016-10-11 10:35:55', '管理员', NULL, NULL, b'0'),
	(81, '333', NULL, 8, 3, '2016-10-11 10:35:55', '管理员', NULL, NULL, b'0');
/*!40000 ALTER TABLE `specification_value` ENABLE KEYS */;


-- 导出  表 jfinalshop.tag 结构
CREATE TABLE IF NOT EXISTS `tag` (
  `id` bigint(20) NOT NULL AUTO_INCREMENT COMMENT 'id',
  `name` varchar(255) NOT NULL COMMENT '名称',
  `type` int(11) NOT NULL COMMENT '类型',
  `icon` varchar(255) DEFAULT NULL COMMENT '图标',
  `orders` int(11) DEFAULT NULL COMMENT '排序',
  `memo` varchar(255) DEFAULT NULL COMMENT '备注',
  `create_by` varchar(20) DEFAULT NULL COMMENT '创建人',
  `creation_date` datetime DEFAULT NULL COMMENT '创建日期',
  `last_updated_by` varchar(20) DEFAULT NULL COMMENT '最后修改人',
  `last_updated_date` datetime DEFAULT NULL COMMENT '最后修改日期',
  `delete_flag` bit(1) NOT NULL DEFAULT b'0' COMMENT '删除标记',
  PRIMARY KEY (`id`)
) ENGINE=InnoDB AUTO_INCREMENT=6 DEFAULT CHARSET=utf8 COMMENT='标签';

-- 正在导出表  jfinalshop.tag 的数据：~4 rows (大约)
/*!40000 ALTER TABLE `tag` DISABLE KEYS */;
INSERT INTO `tag` (`id`, `name`, `type`, `icon`, `orders`, `memo`, `create_by`, `creation_date`, `last_updated_by`, `last_updated_date`, `delete_flag`) VALUES
	(1, '热销', 1, 'http://storage.shopxx.net/demo-image/3.0/tag/hot.gif', 1, NULL, NULL, '2016-08-01 04:36:37', NULL, NULL, b'0'),
	(2, '最新', 1, 'http://storage.shopxx.net/demo-image/3.0/tag/new.gif', 2, NULL, NULL, '2016-08-01 04:36:39', NULL, NULL, b'0'),
	(3, '热点', 0, NULL, 3, NULL, NULL, '2016-08-01 04:36:40', NULL, NULL, b'0'),
	(4, '推荐', 0, NULL, 4, NULL, NULL, '2016-08-01 04:36:41', NULL, NULL, b'0');
/*!40000 ALTER TABLE `tag` ENABLE KEYS */;
/*!40101 SET SQL_MODE=IFNULL(@OLD_SQL_MODE, '') */;
/*!40014 SET FOREIGN_KEY_CHECKS=IF(@OLD_FOREIGN_KEY_CHECKS IS NULL, 1, @OLD_FOREIGN_KEY_CHECKS) */;
/*!40101 SET CHARACTER_SET_CLIENT=@OLD_CHARACTER_SET_CLIENT */;
